Copyright 1986-2022 Xilinx, Inc. All Rights Reserved. Copyright 2022-2026 Advanced Micro Devices, Inc. All Rights Reserved.
--------------------------------------------------------------------------------------------------------------------------------------------------
| Tool Version      : Vivado v.2026.1 (win64) Build 6511674 Tue Jun 16 11:02:23 MDT 2026
| Date              : Mon Sep 14 00:10:09 2026
| Host              : DESKTOP-9DADM3P running 64-bit major release  (build 9200)
| Command           : report_timing_summary -file D:/RAM/syn/reports/timing_summary.rpt -max_paths 10
| Design            : sec_ddr5_controller_top
| Device            : xczu7ev-ffvc1156
| Speed File        : -2  PRODUCTION 1.31 12-08-2025
| Design State      : Synthesized
| Temperature Grade : E
--------------------------------------------------------------------------------------------------------------------------------------------------

Timing Summary Report

------------------------------------------------------------------------------------------------
| Timer Settings
| --------------
------------------------------------------------------------------------------------------------

  Enable Multi Corner Analysis               :  Yes
  Enable Pessimism Removal                   :  Yes
  Pessimism Removal Resolution               :  Nearest Common Node
  Enable Input Delay Default Clock           :  No
  Enable Preset / Clear Arcs                 :  No
  Disable Flight Delays                      :  No
  Ignore I/O Paths                           :  No
  Timing Early Launch at Borrowing Latches   :  No
  Borrow Time for Max Delay Exceptions       :  Yes
  Merge Timing Exceptions                    :  Yes
  Inter-SLR Compensation                     :  Conservative

  Corner  Analyze    Analyze    
  Name    Max Paths  Min Paths  
  ------  ---------  ---------  
  Slow    Yes        Yes        
  Fast    Yes        Yes        


------------------------------------------------------------------------------------------------
| Report Methodology
| ------------------
------------------------------------------------------------------------------------------------

No report available as report_methodology has not been run prior. Run report_methodology on the current design for the summary of methodology violations.



check_timing report

Table of Contents
-----------------
1. checking no_clock (0)
2. checking constant_clock (0)
3. checking pulse_width_clock (0)
4. checking unconstrained_internal_endpoints (0)
5. checking no_input_delay (53)
6. checking no_output_delay (46)
7. checking multiple_clock (0)
8. checking generated_clocks (0)
9. checking loops (0)
10. checking partial_input_delay (0)
11. checking partial_output_delay (0)
12. checking latch_loops (0)

1. checking no_clock (0)
------------------------
 There are 0 register/latch pins with no clock.


2. checking constant_clock (0)
------------------------------
 There are 0 register/latch pins with constant_clock.


3. checking pulse_width_clock (0)
---------------------------------
 There are 0 register/latch pins which need pulse_width check


4. checking unconstrained_internal_endpoints (0)
------------------------------------------------
 There are 0 pins that are not constrained for maximum delay.

 There are 0 pins that are not constrained for maximum delay due to constant clock.


5. checking no_input_delay (53)
-------------------------------
 There are 53 input ports with no input delay specified. (HIGH)

 There are 0 input ports with no input delay but user has a false path constraint.


6. checking no_output_delay (46)
--------------------------------
 There are 46 ports with no output delay specified. (HIGH)

 There are 0 ports with no output delay but user has a false path constraint

 There are 0 ports with no output delay but with a timing clock defined on it or propagating through it


7. checking multiple_clock (0)
------------------------------
 There are 0 register/latch pins with multiple clocks.


8. checking generated_clocks (0)
--------------------------------
 There are 0 generated clocks that are not connected to a clock source.


9. checking loops (0)
---------------------
 There are 0 combinational loops in the design.


10. checking partial_input_delay (0)
------------------------------------
 There are 0 input ports with partial input delay specified.


11. checking partial_output_delay (0)
-------------------------------------
 There are 0 ports with partial output delay specified.


12. checking latch_loops (0)
----------------------------
 There are 0 combinational latch loops in the design through latch input



------------------------------------------------------------------------------------------------
| Design Timing Summary
| ---------------------
------------------------------------------------------------------------------------------------

    WNS(ns)      TNS(ns)  TNS Failing Endpoints  TNS Total Endpoints      WHS(ns)      THS(ns)  THS Failing Endpoints  THS Total Endpoints     WPWS(ns)     TPWS(ns)  TPWS Failing Endpoints  TPWS Total Endpoints  
    -------      -------  ---------------------  -------------------      -------      -------  ---------------------  -------------------     --------     --------  ----------------------  --------------------  
      1.268        0.000                      0                31230        0.046        0.000                      0                31230        0.975        0.000                       0                 10625  


All user specified timing constraints are met.


------------------------------------------------------------------------------------------------
| Clock Summary
| -------------
------------------------------------------------------------------------------------------------

Clock    Waveform(ns)         Period(ns)      Frequency(MHz)
-----    ------------         ----------      --------------
clk_axi  {0.000 2.000}        4.000           250.000         
clk_ddr  {0.000 1.250}        2.500           400.000         


------------------------------------------------------------------------------------------------
| Intra Clock Table
| -----------------
------------------------------------------------------------------------------------------------

Clock             WNS(ns)      TNS(ns)  TNS Failing Endpoints  TNS Total Endpoints      WHS(ns)      THS(ns)  THS Failing Endpoints  THS Total Endpoints     WPWS(ns)     TPWS(ns)  TPWS Failing Endpoints  TPWS Total Endpoints  
-----             -------      -------  ---------------------  -------------------      -------      -------  ---------------------  -------------------     --------     --------  ----------------------  --------------------  
clk_axi             1.997        0.000                      0                20400        0.046        0.000                      0                20400        1.468        0.000                       0                  9673  
clk_ddr             1.268        0.000                      0                 2118        0.073        0.000                      0                 2118        0.975        0.000                       0                   952  


------------------------------------------------------------------------------------------------
| Inter Clock Table
| -----------------
------------------------------------------------------------------------------------------------

From Clock    To Clock          WNS(ns)      TNS(ns)  TNS Failing Endpoints  TNS Total Endpoints      WHS(ns)      THS(ns)  THS Failing Endpoints  THS Total Endpoints  
----------    --------          -------      -------  ---------------------  -------------------      -------      -------  ---------------------  -------------------  


------------------------------------------------------------------------------------------------
| Other Path Groups Table
| -----------------------
------------------------------------------------------------------------------------------------

Path Group         From Clock         To Clock               WNS(ns)      TNS(ns)  TNS Failing Endpoints  TNS Total Endpoints      WHS(ns)      THS(ns)  THS Failing Endpoints  THS Total Endpoints  
----------         ----------         --------               -------      -------  ---------------------  -------------------      -------      -------  ---------------------  -------------------  
**async_default**  clk_axi            clk_axi                  3.147        0.000                      0                 8712        0.304        0.000                      0                 8712  


------------------------------------------------------------------------------------------------
| Timing Details
| --------------
------------------------------------------------------------------------------------------------


---------------------------------------------------------------------------------------------------
From Clock:  clk_axi
  To Clock:  clk_axi

Setup :            0  Failing Endpoints,  Worst Slack        1.997ns,  Total Violation        0.000ns
Hold  :            0  Failing Endpoints,  Worst Slack        0.046ns,  Total Violation        0.000ns
PW    :            0  Failing Endpoints,  Worst Slack        1.468ns,  Total Violation        0.000ns
---------------------------------------------------------------------------------------------------


Max Delay Paths
--------------------------------------------------------------------------------------
Slack (MET) :             1.997ns  (required time - arrival time)
  Source:                 u_cdc_fifo_a/wfull_reg/C
                            (rising edge-triggered cell FDCE clocked by clk_axi  {rise@0.000ns fall@2.000ns period=4.000ns})
  Destination:            u_axi_slave/u_w_skid/skid_data_reg_reg[0]/CE
                            (rising edge-triggered cell FDCE clocked by clk_axi  {rise@0.000ns fall@2.000ns period=4.000ns})
  Path Group:             clk_axi
  Path Type:              Setup (Max at Slow Process Corner)
  Requirement:            4.000ns  (clk_axi rise@4.000ns - clk_axi rise@0.000ns)
  Data Path Delay:        1.898ns  (logic 0.392ns (20.653%)  route 1.506ns (79.347%))
  Logic Levels:           5  (LUT3=1 LUT5=2 LUT6=2)
  Clock Path Skew:        -0.009ns (DCD - SCD + CPR)
    Destination Clock Delay (DCD):    0.021ns = ( 4.021 - 4.000 ) 
    Source Clock Delay      (SCD):    0.030ns
    Clock Pessimism Removal (CPR):    0.000ns
  Clock Uncertainty:      0.035ns  ((TSJ^2 + TIJ^2)^1/2 + DJ) / 2 + PE
    Total System Jitter     (TSJ):    0.071ns
    Total Input Jitter      (TIJ):    0.000ns
    Discrete Jitter          (DJ):    0.000ns
    Phase Error              (PE):    0.000ns

    Location             Delay type                Incr(ns)  Path(ns)    Netlist Resource(s)
  -------------------------------------------------------------------    -------------------
                         (clock clk_axi rise edge)    0.000     0.000 r  <hidden>
                                                      0.000     0.000 r  clk_axi
                         net (fo=9672, unset)         0.030     0.030    u_cdc_fifo_a/clk_axi
                         FDCE                                         r  u_cdc_fifo_a/wfull_reg/C
  -------------------------------------------------------------------    -------------------
                         FDCE (Prop_FDCE_C_Q)         0.077     0.107 r  u_cdc_fifo_a/wfull_reg/Q
                         net (fo=18, unplaced)        0.145     0.252    u_crypto_pipe/u_lane_a/gen_rounds[14].u_round/wfull
                         LUT5 (Prop_LUT5_I0_O)        0.163     0.415 f  u_crypto_pipe/u_lane_a/gen_rounds[14].u_round/valid_reg_i_1__18/O
                         net (fo=176, unplaced)       0.284     0.699    u_crypto_pipe/u_lane_a/gen_rounds[14].u_round/stage_ready[10]_69
                         LUT6 (Prop_LUT6_I0_O)        0.038     0.737 f  u_crypto_pipe/u_lane_a/gen_rounds[14].u_round/valid_reg_i_1__6/O
                         net (fo=177, unplaced)       0.284     1.021    u_crypto_pipe/u_lane_a/gen_rounds[14].u_round/stage_ready[5]_58
                         LUT6 (Prop_LUT6_I0_O)        0.038     1.059 f  u_crypto_pipe/u_lane_a/gen_rounds[14].u_round/valid_reg_i_1__2/O
                         net (fo=172, unplaced)       0.284     1.343    u_axi_slave/u_w_skid/split_a_ready
                         LUT5 (Prop_LUT5_I2_O)        0.038     1.381 f  u_axi_slave/u_w_skid/m_valid_i_1__0/O
                         net (fo=132, unplaced)       0.278     1.659    u_axi_slave/u_w_skid/m_valid_i_1__0_n_0
                         LUT3 (Prop_LUT3_I2_O)        0.038     1.697 r  u_axi_slave/u_w_skid/skid_data_reg[144]_i_1/O
                         net (fo=129, unplaced)       0.231     1.928    u_axi_slave/u_w_skid/skid_data_reg[144]_i_1_n_0
                         FDCE                                         r  u_axi_slave/u_w_skid/skid_data_reg_reg[0]/CE
  -------------------------------------------------------------------    -------------------

                         (clock clk_axi rise edge)    4.000     4.000 r  <hidden>
                                                      0.000     4.000 r  clk_axi
                         net (fo=9672, unset)         0.021     4.021    u_axi_slave/u_w_skid/clk_axi
                         FDCE                                         r  u_axi_slave/u_w_skid/skid_data_reg_reg[0]/C
                         clock pessimism              0.000     4.021    <hidden>
                         clock uncertainty           -0.035     3.986    <hidden>
                         FDCE (Setup_FDCE_C_CE)      -0.061     3.925    u_axi_slave/u_w_skid/skid_data_reg_reg[0]
  -------------------------------------------------------------------
                         required time                          3.925    <hidden>
                         arrival time                          -1.928    <hidden>
  -------------------------------------------------------------------
                         slack                                  1.997    <hidden>

Slack (MET) :             1.997ns  (required time - arrival time)
  Source:                 u_cdc_fifo_a/wfull_reg/C
                            (rising edge-triggered cell FDCE clocked by clk_axi  {rise@0.000ns fall@2.000ns period=4.000ns})
  Destination:            u_axi_slave/u_w_skid/skid_data_reg_reg[100]/CE
                            (rising edge-triggered cell FDCE clocked by clk_axi  {rise@0.000ns fall@2.000ns period=4.000ns})
  Path Group:             clk_axi
  Path Type:              Setup (Max at Slow Process Corner)
  Requirement:            4.000ns  (clk_axi rise@4.000ns - clk_axi rise@0.000ns)
  Data Path Delay:        1.898ns  (logic 0.392ns (20.653%)  route 1.506ns (79.347%))
  Logic Levels:           5  (LUT3=1 LUT5=2 LUT6=2)
  Clock Path Skew:        -0.009ns (DCD - SCD + CPR)
    Destination Clock Delay (DCD):    0.021ns = ( 4.021 - 4.000 ) 
    Source Clock Delay      (SCD):    0.030ns
    Clock Pessimism Removal (CPR):    0.000ns
  Clock Uncertainty:      0.035ns  ((TSJ^2 + TIJ^2)^1/2 + DJ) / 2 + PE
    Total System Jitter     (TSJ):    0.071ns
    Total Input Jitter      (TIJ):    0.000ns
    Discrete Jitter          (DJ):    0.000ns
    Phase Error              (PE):    0.000ns

    Location             Delay type                Incr(ns)  Path(ns)    Netlist Resource(s)
  -------------------------------------------------------------------    -------------------
                         (clock clk_axi rise edge)    0.000     0.000 r  <hidden>
                                                      0.000     0.000 r  clk_axi
                         net (fo=9672, unset)         0.030     0.030    u_cdc_fifo_a/clk_axi
                         FDCE                                         r  u_cdc_fifo_a/wfull_reg/C
  -------------------------------------------------------------------    -------------------
                         FDCE (Prop_FDCE_C_Q)         0.077     0.107 r  u_cdc_fifo_a/wfull_reg/Q
                         net (fo=18, unplaced)        0.145     0.252    u_crypto_pipe/u_lane_a/gen_rounds[14].u_round/wfull
                         LUT5 (Prop_LUT5_I0_O)        0.163     0.415 f  u_crypto_pipe/u_lane_a/gen_rounds[14].u_round/valid_reg_i_1__18/O
                         net (fo=176, unplaced)       0.284     0.699    u_crypto_pipe/u_lane_a/gen_rounds[14].u_round/stage_ready[10]_69
                         LUT6 (Prop_LUT6_I0_O)        0.038     0.737 f  u_crypto_pipe/u_lane_a/gen_rounds[14].u_round/valid_reg_i_1__6/O
                         net (fo=177, unplaced)       0.284     1.021    u_crypto_pipe/u_lane_a/gen_rounds[14].u_round/stage_ready[5]_58
                         LUT6 (Prop_LUT6_I0_O)        0.038     1.059 f  u_crypto_pipe/u_lane_a/gen_rounds[14].u_round/valid_reg_i_1__2/O
                         net (fo=172, unplaced)       0.284     1.343    u_axi_slave/u_w_skid/split_a_ready
                         LUT5 (Prop_LUT5_I2_O)        0.038     1.381 f  u_axi_slave/u_w_skid/m_valid_i_1__0/O
                         net (fo=132, unplaced)       0.278     1.659    u_axi_slave/u_w_skid/m_valid_i_1__0_n_0
                         LUT3 (Prop_LUT3_I2_O)        0.038     1.697 r  u_axi_slave/u_w_skid/skid_data_reg[144]_i_1/O
                         net (fo=129, unplaced)       0.231     1.928    u_axi_slave/u_w_skid/skid_data_reg[144]_i_1_n_0
                         FDCE                                         r  u_axi_slave/u_w_skid/skid_data_reg_reg[100]/CE
  -------------------------------------------------------------------    -------------------

                         (clock clk_axi rise edge)    4.000     4.000 r  <hidden>
                                                      0.000     4.000 r  clk_axi
                         net (fo=9672, unset)         0.021     4.021    u_axi_slave/u_w_skid/clk_axi
                         FDCE                                         r  u_axi_slave/u_w_skid/skid_data_reg_reg[100]/C
                         clock pessimism              0.000     4.021    <hidden>
                         clock uncertainty           -0.035     3.986    <hidden>
                         FDCE (Setup_FDCE_C_CE)      -0.061     3.925    u_axi_slave/u_w_skid/skid_data_reg_reg[100]
  -------------------------------------------------------------------
                         required time                          3.925    <hidden>
                         arrival time                          -1.928    <hidden>
  -------------------------------------------------------------------
                         slack                                  1.997    <hidden>

Slack (MET) :             1.997ns  (required time - arrival time)
  Source:                 u_cdc_fifo_a/wfull_reg/C
                            (rising edge-triggered cell FDCE clocked by clk_axi  {rise@0.000ns fall@2.000ns period=4.000ns})
  Destination:            u_axi_slave/u_w_skid/skid_data_reg_reg[101]/CE
                            (rising edge-triggered cell FDCE clocked by clk_axi  {rise@0.000ns fall@2.000ns period=4.000ns})
  Path Group:             clk_axi
  Path Type:              Setup (Max at Slow Process Corner)
  Requirement:            4.000ns  (clk_axi rise@4.000ns - clk_axi rise@0.000ns)
  Data Path Delay:        1.898ns  (logic 0.392ns (20.653%)  route 1.506ns (79.347%))
  Logic Levels:           5  (LUT3=1 LUT5=2 LUT6=2)
  Clock Path Skew:        -0.009ns (DCD - SCD + CPR)
    Destination Clock Delay (DCD):    0.021ns = ( 4.021 - 4.000 ) 
    Source Clock Delay      (SCD):    0.030ns
    Clock Pessimism Removal (CPR):    0.000ns
  Clock Uncertainty:      0.035ns  ((TSJ^2 + TIJ^2)^1/2 + DJ) / 2 + PE
    Total System Jitter     (TSJ):    0.071ns
    Total Input Jitter      (TIJ):    0.000ns
    Discrete Jitter          (DJ):    0.000ns
    Phase Error              (PE):    0.000ns

    Location             Delay type                Incr(ns)  Path(ns)    Netlist Resource(s)
  -------------------------------------------------------------------    -------------------
                         (clock clk_axi rise edge)    0.000     0.000 r  <hidden>
                                                      0.000     0.000 r  clk_axi
                         net (fo=9672, unset)         0.030     0.030    u_cdc_fifo_a/clk_axi
                         FDCE                                         r  u_cdc_fifo_a/wfull_reg/C
  -------------------------------------------------------------------    -------------------
                         FDCE (Prop_FDCE_C_Q)         0.077     0.107 r  u_cdc_fifo_a/wfull_reg/Q
                         net (fo=18, unplaced)        0.145     0.252    u_crypto_pipe/u_lane_a/gen_rounds[14].u_round/wfull
                         LUT5 (Prop_LUT5_I0_O)        0.163     0.415 f  u_crypto_pipe/u_lane_a/gen_rounds[14].u_round/valid_reg_i_1__18/O
                         net (fo=176, unplaced)       0.284     0.699    u_crypto_pipe/u_lane_a/gen_rounds[14].u_round/stage_ready[10]_69
                         LUT6 (Prop_LUT6_I0_O)        0.038     0.737 f  u_crypto_pipe/u_lane_a/gen_rounds[14].u_round/valid_reg_i_1__6/O
                         net (fo=177, unplaced)       0.284     1.021    u_crypto_pipe/u_lane_a/gen_rounds[14].u_round/stage_ready[5]_58
                         LUT6 (Prop_LUT6_I0_O)        0.038     1.059 f  u_crypto_pipe/u_lane_a/gen_rounds[14].u_round/valid_reg_i_1__2/O
                         net (fo=172, unplaced)       0.284     1.343    u_axi_slave/u_w_skid/split_a_ready
                         LUT5 (Prop_LUT5_I2_O)        0.038     1.381 f  u_axi_slave/u_w_skid/m_valid_i_1__0/O
                         net (fo=132, unplaced)       0.278     1.659    u_axi_slave/u_w_skid/m_valid_i_1__0_n_0
                         LUT3 (Prop_LUT3_I2_O)        0.038     1.697 r  u_axi_slave/u_w_skid/skid_data_reg[144]_i_1/O
                         net (fo=129, unplaced)       0.231     1.928    u_axi_slave/u_w_skid/skid_data_reg[144]_i_1_n_0
                         FDCE                                         r  u_axi_slave/u_w_skid/skid_data_reg_reg[101]/CE
  -------------------------------------------------------------------    -------------------

                         (clock clk_axi rise edge)    4.000     4.000 r  <hidden>
                                                      0.000     4.000 r  clk_axi
                         net (fo=9672, unset)         0.021     4.021    u_axi_slave/u_w_skid/clk_axi
                         FDCE                                         r  u_axi_slave/u_w_skid/skid_data_reg_reg[101]/C
                         clock pessimism              0.000     4.021    <hidden>
                         clock uncertainty           -0.035     3.986    <hidden>
                         FDCE (Setup_FDCE_C_CE)      -0.061     3.925    u_axi_slave/u_w_skid/skid_data_reg_reg[101]
  -------------------------------------------------------------------
                         required time                          3.925    <hidden>
                         arrival time                          -1.928    <hidden>
  -------------------------------------------------------------------
                         slack                                  1.997    <hidden>

Slack (MET) :             1.997ns  (required time - arrival time)
  Source:                 u_cdc_fifo_a/wfull_reg/C
                            (rising edge-triggered cell FDCE clocked by clk_axi  {rise@0.000ns fall@2.000ns period=4.000ns})
  Destination:            u_axi_slave/u_w_skid/skid_data_reg_reg[102]/CE
                            (rising edge-triggered cell FDCE clocked by clk_axi  {rise@0.000ns fall@2.000ns period=4.000ns})
  Path Group:             clk_axi
  Path Type:              Setup (Max at Slow Process Corner)
  Requirement:            4.000ns  (clk_axi rise@4.000ns - clk_axi rise@0.000ns)
  Data Path Delay:        1.898ns  (logic 0.392ns (20.653%)  route 1.506ns (79.347%))
  Logic Levels:           5  (LUT3=1 LUT5=2 LUT6=2)
  Clock Path Skew:        -0.009ns (DCD - SCD + CPR)
    Destination Clock Delay (DCD):    0.021ns = ( 4.021 - 4.000 ) 
    Source Clock Delay      (SCD):    0.030ns
    Clock Pessimism Removal (CPR):    0.000ns
  Clock Uncertainty:      0.035ns  ((TSJ^2 + TIJ^2)^1/2 + DJ) / 2 + PE
    Total System Jitter     (TSJ):    0.071ns
    Total Input Jitter      (TIJ):    0.000ns
    Discrete Jitter          (DJ):    0.000ns
    Phase Error              (PE):    0.000ns

    Location             Delay type                Incr(ns)  Path(ns)    Netlist Resource(s)
  -------------------------------------------------------------------    -------------------
                         (clock clk_axi rise edge)    0.000     0.000 r  <hidden>
                                                      0.000     0.000 r  clk_axi
                         net (fo=9672, unset)         0.030     0.030    u_cdc_fifo_a/clk_axi
                         FDCE                                         r  u_cdc_fifo_a/wfull_reg/C
  -------------------------------------------------------------------    -------------------
                         FDCE (Prop_FDCE_C_Q)         0.077     0.107 r  u_cdc_fifo_a/wfull_reg/Q
                         net (fo=18, unplaced)        0.145     0.252    u_crypto_pipe/u_lane_a/gen_rounds[14].u_round/wfull
                         LUT5 (Prop_LUT5_I0_O)        0.163     0.415 f  u_crypto_pipe/u_lane_a/gen_rounds[14].u_round/valid_reg_i_1__18/O
                         net (fo=176, unplaced)       0.284     0.699    u_crypto_pipe/u_lane_a/gen_rounds[14].u_round/stage_ready[10]_69
                         LUT6 (Prop_LUT6_I0_O)        0.038     0.737 f  u_crypto_pipe/u_lane_a/gen_rounds[14].u_round/valid_reg_i_1__6/O
                         net (fo=177, unplaced)       0.284     1.021    u_crypto_pipe/u_lane_a/gen_rounds[14].u_round/stage_ready[5]_58
                         LUT6 (Prop_LUT6_I0_O)        0.038     1.059 f  u_crypto_pipe/u_lane_a/gen_rounds[14].u_round/valid_reg_i_1__2/O
                         net (fo=172, unplaced)       0.284     1.343    u_axi_slave/u_w_skid/split_a_ready
                         LUT5 (Prop_LUT5_I2_O)        0.038     1.381 f  u_axi_slave/u_w_skid/m_valid_i_1__0/O
                         net (fo=132, unplaced)       0.278     1.659    u_axi_slave/u_w_skid/m_valid_i_1__0_n_0
                         LUT3 (Prop_LUT3_I2_O)        0.038     1.697 r  u_axi_slave/u_w_skid/skid_data_reg[144]_i_1/O
                         net (fo=129, unplaced)       0.231     1.928    u_axi_slave/u_w_skid/skid_data_reg[144]_i_1_n_0
                         FDCE                                         r  u_axi_slave/u_w_skid/skid_data_reg_reg[102]/CE
  -------------------------------------------------------------------    -------------------

                         (clock clk_axi rise edge)    4.000     4.000 r  <hidden>
                                                      0.000     4.000 r  clk_axi
                         net (fo=9672, unset)         0.021     4.021    u_axi_slave/u_w_skid/clk_axi
                         FDCE                                         r  u_axi_slave/u_w_skid/skid_data_reg_reg[102]/C
                         clock pessimism              0.000     4.021    <hidden>
                         clock uncertainty           -0.035     3.986    <hidden>
                         FDCE (Setup_FDCE_C_CE)      -0.061     3.925    u_axi_slave/u_w_skid/skid_data_reg_reg[102]
  -------------------------------------------------------------------
                         required time                          3.925    <hidden>
                         arrival time                          -1.928    <hidden>
  -------------------------------------------------------------------
                         slack                                  1.997    <hidden>

Slack (MET) :             1.997ns  (required time - arrival time)
  Source:                 u_cdc_fifo_a/wfull_reg/C
                            (rising edge-triggered cell FDCE clocked by clk_axi  {rise@0.000ns fall@2.000ns period=4.000ns})
  Destination:            u_axi_slave/u_w_skid/skid_data_reg_reg[103]/CE
                            (rising edge-triggered cell FDCE clocked by clk_axi  {rise@0.000ns fall@2.000ns period=4.000ns})
  Path Group:             clk_axi
  Path Type:              Setup (Max at Slow Process Corner)
  Requirement:            4.000ns  (clk_axi rise@4.000ns - clk_axi rise@0.000ns)
  Data Path Delay:        1.898ns  (logic 0.392ns (20.653%)  route 1.506ns (79.347%))
  Logic Levels:           5  (LUT3=1 LUT5=2 LUT6=2)
  Clock Path Skew:        -0.009ns (DCD - SCD + CPR)
    Destination Clock Delay (DCD):    0.021ns = ( 4.021 - 4.000 ) 
    Source Clock Delay      (SCD):    0.030ns
    Clock Pessimism Removal (CPR):    0.000ns
  Clock Uncertainty:      0.035ns  ((TSJ^2 + TIJ^2)^1/2 + DJ) / 2 + PE
    Total System Jitter     (TSJ):    0.071ns
    Total Input Jitter      (TIJ):    0.000ns
    Discrete Jitter          (DJ):    0.000ns
    Phase Error              (PE):    0.000ns

    Location             Delay type                Incr(ns)  Path(ns)    Netlist Resource(s)
  -------------------------------------------------------------------    -------------------
                         (clock clk_axi rise edge)    0.000     0.000 r  <hidden>
                                                      0.000     0.000 r  clk_axi
                         net (fo=9672, unset)         0.030     0.030    u_cdc_fifo_a/clk_axi
                         FDCE                                         r  u_cdc_fifo_a/wfull_reg/C
  -------------------------------------------------------------------    -------------------
                         FDCE (Prop_FDCE_C_Q)         0.077     0.107 r  u_cdc_fifo_a/wfull_reg/Q
                         net (fo=18, unplaced)        0.145     0.252    u_crypto_pipe/u_lane_a/gen_rounds[14].u_round/wfull
                         LUT5 (Prop_LUT5_I0_O)        0.163     0.415 f  u_crypto_pipe/u_lane_a/gen_rounds[14].u_round/valid_reg_i_1__18/O
                         net (fo=176, unplaced)       0.284     0.699    u_crypto_pipe/u_lane_a/gen_rounds[14].u_round/stage_ready[10]_69
                         LUT6 (Prop_LUT6_I0_O)        0.038     0.737 f  u_crypto_pipe/u_lane_a/gen_rounds[14].u_round/valid_reg_i_1__6/O
                         net (fo=177, unplaced)       0.284     1.021    u_crypto_pipe/u_lane_a/gen_rounds[14].u_round/stage_ready[5]_58
                         LUT6 (Prop_LUT6_I0_O)        0.038     1.059 f  u_crypto_pipe/u_lane_a/gen_rounds[14].u_round/valid_reg_i_1__2/O
                         net (fo=172, unplaced)       0.284     1.343    u_axi_slave/u_w_skid/split_a_ready
                         LUT5 (Prop_LUT5_I2_O)        0.038     1.381 f  u_axi_slave/u_w_skid/m_valid_i_1__0/O
                         net (fo=132, unplaced)       0.278     1.659    u_axi_slave/u_w_skid/m_valid_i_1__0_n_0
                         LUT3 (Prop_LUT3_I2_O)        0.038     1.697 r  u_axi_slave/u_w_skid/skid_data_reg[144]_i_1/O
                         net (fo=129, unplaced)       0.231     1.928    u_axi_slave/u_w_skid/skid_data_reg[144]_i_1_n_0
                         FDCE                                         r  u_axi_slave/u_w_skid/skid_data_reg_reg[103]/CE
  -------------------------------------------------------------------    -------------------

                         (clock clk_axi rise edge)    4.000     4.000 r  <hidden>
                                                      0.000     4.000 r  clk_axi
                         net (fo=9672, unset)         0.021     4.021    u_axi_slave/u_w_skid/clk_axi
                         FDCE                                         r  u_axi_slave/u_w_skid/skid_data_reg_reg[103]/C
                         clock pessimism              0.000     4.021    <hidden>
                         clock uncertainty           -0.035     3.986    <hidden>
                         FDCE (Setup_FDCE_C_CE)      -0.061     3.925    u_axi_slave/u_w_skid/skid_data_reg_reg[103]
  -------------------------------------------------------------------
                         required time                          3.925    <hidden>
                         arrival time                          -1.928    <hidden>
  -------------------------------------------------------------------
                         slack                                  1.997    <hidden>

Slack (MET) :             1.997ns  (required time - arrival time)
  Source:                 u_cdc_fifo_a/wfull_reg/C
                            (rising edge-triggered cell FDCE clocked by clk_axi  {rise@0.000ns fall@2.000ns period=4.000ns})
  Destination:            u_axi_slave/u_w_skid/skid_data_reg_reg[104]/CE
                            (rising edge-triggered cell FDCE clocked by clk_axi  {rise@0.000ns fall@2.000ns period=4.000ns})
  Path Group:             clk_axi
  Path Type:              Setup (Max at Slow Process Corner)
  Requirement:            4.000ns  (clk_axi rise@4.000ns - clk_axi rise@0.000ns)
  Data Path Delay:        1.898ns  (logic 0.392ns (20.653%)  route 1.506ns (79.347%))
  Logic Levels:           5  (LUT3=1 LUT5=2 LUT6=2)
  Clock Path Skew:        -0.009ns (DCD - SCD + CPR)
    Destination Clock Delay (DCD):    0.021ns = ( 4.021 - 4.000 ) 
    Source Clock Delay      (SCD):    0.030ns
    Clock Pessimism Removal (CPR):    0.000ns
  Clock Uncertainty:      0.035ns  ((TSJ^2 + TIJ^2)^1/2 + DJ) / 2 + PE
    Total System Jitter     (TSJ):    0.071ns
    Total Input Jitter      (TIJ):    0.000ns
    Discrete Jitter          (DJ):    0.000ns
    Phase Error              (PE):    0.000ns

    Location             Delay type                Incr(ns)  Path(ns)    Netlist Resource(s)
  -------------------------------------------------------------------    -------------------
                         (clock clk_axi rise edge)    0.000     0.000 r  <hidden>
                                                      0.000     0.000 r  clk_axi
                         net (fo=9672, unset)         0.030     0.030    u_cdc_fifo_a/clk_axi
                         FDCE                                         r  u_cdc_fifo_a/wfull_reg/C
  -------------------------------------------------------------------    -------------------
                         FDCE (Prop_FDCE_C_Q)         0.077     0.107 r  u_cdc_fifo_a/wfull_reg/Q
                         net (fo=18, unplaced)        0.145     0.252    u_crypto_pipe/u_lane_a/gen_rounds[14].u_round/wfull
                         LUT5 (Prop_LUT5_I0_O)        0.163     0.415 f  u_crypto_pipe/u_lane_a/gen_rounds[14].u_round/valid_reg_i_1__18/O
                         net (fo=176, unplaced)       0.284     0.699    u_crypto_pipe/u_lane_a/gen_rounds[14].u_round/stage_ready[10]_69
                         LUT6 (Prop_LUT6_I0_O)        0.038     0.737 f  u_crypto_pipe/u_lane_a/gen_rounds[14].u_round/valid_reg_i_1__6/O
                         net (fo=177, unplaced)       0.284     1.021    u_crypto_pipe/u_lane_a/gen_rounds[14].u_round/stage_ready[5]_58
                         LUT6 (Prop_LUT6_I0_O)        0.038     1.059 f  u_crypto_pipe/u_lane_a/gen_rounds[14].u_round/valid_reg_i_1__2/O
                         net (fo=172, unplaced)       0.284     1.343    u_axi_slave/u_w_skid/split_a_ready
                         LUT5 (Prop_LUT5_I2_O)        0.038     1.381 f  u_axi_slave/u_w_skid/m_valid_i_1__0/O
                         net (fo=132, unplaced)       0.278     1.659    u_axi_slave/u_w_skid/m_valid_i_1__0_n_0
                         LUT3 (Prop_LUT3_I2_O)        0.038     1.697 r  u_axi_slave/u_w_skid/skid_data_reg[144]_i_1/O
                         net (fo=129, unplaced)       0.231     1.928    u_axi_slave/u_w_skid/skid_data_reg[144]_i_1_n_0
                         FDCE                                         r  u_axi_slave/u_w_skid/skid_data_reg_reg[104]/CE
  -------------------------------------------------------------------    -------------------

                         (clock clk_axi rise edge)    4.000     4.000 r  <hidden>
                                                      0.000     4.000 r  clk_axi
                         net (fo=9672, unset)         0.021     4.021    u_axi_slave/u_w_skid/clk_axi
                         FDCE                                         r  u_axi_slave/u_w_skid/skid_data_reg_reg[104]/C
                         clock pessimism              0.000     4.021    <hidden>
                         clock uncertainty           -0.035     3.986    <hidden>
                         FDCE (Setup_FDCE_C_CE)      -0.061     3.925    u_axi_slave/u_w_skid/skid_data_reg_reg[104]
  -------------------------------------------------------------------
                         required time                          3.925    <hidden>
                         arrival time                          -1.928    <hidden>
  -------------------------------------------------------------------
                         slack                                  1.997    <hidden>

Slack (MET) :             1.997ns  (required time - arrival time)
  Source:                 u_cdc_fifo_a/wfull_reg/C
                            (rising edge-triggered cell FDCE clocked by clk_axi  {rise@0.000ns fall@2.000ns period=4.000ns})
  Destination:            u_axi_slave/u_w_skid/skid_data_reg_reg[105]/CE
                            (rising edge-triggered cell FDCE clocked by clk_axi  {rise@0.000ns fall@2.000ns period=4.000ns})
  Path Group:             clk_axi
  Path Type:              Setup (Max at Slow Process Corner)
  Requirement:            4.000ns  (clk_axi rise@4.000ns - clk_axi rise@0.000ns)
  Data Path Delay:        1.898ns  (logic 0.392ns (20.653%)  route 1.506ns (79.347%))
  Logic Levels:           5  (LUT3=1 LUT5=2 LUT6=2)
  Clock Path Skew:        -0.009ns (DCD - SCD + CPR)
    Destination Clock Delay (DCD):    0.021ns = ( 4.021 - 4.000 ) 
    Source Clock Delay      (SCD):    0.030ns
    Clock Pessimism Removal (CPR):    0.000ns
  Clock Uncertainty:      0.035ns  ((TSJ^2 + TIJ^2)^1/2 + DJ) / 2 + PE
    Total System Jitter     (TSJ):    0.071ns
    Total Input Jitter      (TIJ):    0.000ns
    Discrete Jitter          (DJ):    0.000ns
    Phase Error              (PE):    0.000ns

    Location             Delay type                Incr(ns)  Path(ns)    Netlist Resource(s)
  -------------------------------------------------------------------    -------------------
                         (clock clk_axi rise edge)    0.000     0.000 r  <hidden>
                                                      0.000     0.000 r  clk_axi
                         net (fo=9672, unset)         0.030     0.030    u_cdc_fifo_a/clk_axi
                         FDCE                                         r  u_cdc_fifo_a/wfull_reg/C
  -------------------------------------------------------------------    -------------------
                         FDCE (Prop_FDCE_C_Q)         0.077     0.107 r  u_cdc_fifo_a/wfull_reg/Q
                         net (fo=18, unplaced)        0.145     0.252    u_crypto_pipe/u_lane_a/gen_rounds[14].u_round/wfull
                         LUT5 (Prop_LUT5_I0_O)        0.163     0.415 f  u_crypto_pipe/u_lane_a/gen_rounds[14].u_round/valid_reg_i_1__18/O
                         net (fo=176, unplaced)       0.284     0.699    u_crypto_pipe/u_lane_a/gen_rounds[14].u_round/stage_ready[10]_69
                         LUT6 (Prop_LUT6_I0_O)        0.038     0.737 f  u_crypto_pipe/u_lane_a/gen_rounds[14].u_round/valid_reg_i_1__6/O
                         net (fo=177, unplaced)       0.284     1.021    u_crypto_pipe/u_lane_a/gen_rounds[14].u_round/stage_ready[5]_58
                         LUT6 (Prop_LUT6_I0_O)        0.038     1.059 f  u_crypto_pipe/u_lane_a/gen_rounds[14].u_round/valid_reg_i_1__2/O
                         net (fo=172, unplaced)       0.284     1.343    u_axi_slave/u_w_skid/split_a_ready
                         LUT5 (Prop_LUT5_I2_O)        0.038     1.381 f  u_axi_slave/u_w_skid/m_valid_i_1__0/O
                         net (fo=132, unplaced)       0.278     1.659    u_axi_slave/u_w_skid/m_valid_i_1__0_n_0
                         LUT3 (Prop_LUT3_I2_O)        0.038     1.697 r  u_axi_slave/u_w_skid/skid_data_reg[144]_i_1/O
                         net (fo=129, unplaced)       0.231     1.928    u_axi_slave/u_w_skid/skid_data_reg[144]_i_1_n_0
                         FDCE                                         r  u_axi_slave/u_w_skid/skid_data_reg_reg[105]/CE
  -------------------------------------------------------------------    -------------------

                         (clock clk_axi rise edge)    4.000     4.000 r  <hidden>
                                                      0.000     4.000 r  clk_axi
                         net (fo=9672, unset)         0.021     4.021    u_axi_slave/u_w_skid/clk_axi
                         FDCE                                         r  u_axi_slave/u_w_skid/skid_data_reg_reg[105]/C
                         clock pessimism              0.000     4.021    <hidden>
                         clock uncertainty           -0.035     3.986    <hidden>
                         FDCE (Setup_FDCE_C_CE)      -0.061     3.925    u_axi_slave/u_w_skid/skid_data_reg_reg[105]
  -------------------------------------------------------------------
                         required time                          3.925    <hidden>
                         arrival time                          -1.928    <hidden>
  -------------------------------------------------------------------
                         slack                                  1.997    <hidden>

Slack (MET) :             1.997ns  (required time - arrival time)
  Source:                 u_cdc_fifo_a/wfull_reg/C
                            (rising edge-triggered cell FDCE clocked by clk_axi  {rise@0.000ns fall@2.000ns period=4.000ns})
  Destination:            u_axi_slave/u_w_skid/skid_data_reg_reg[106]/CE
                            (rising edge-triggered cell FDCE clocked by clk_axi  {rise@0.000ns fall@2.000ns period=4.000ns})
  Path Group:             clk_axi
  Path Type:              Setup (Max at Slow Process Corner)
  Requirement:            4.000ns  (clk_axi rise@4.000ns - clk_axi rise@0.000ns)
  Data Path Delay:        1.898ns  (logic 0.392ns (20.653%)  route 1.506ns (79.347%))
  Logic Levels:           5  (LUT3=1 LUT5=2 LUT6=2)
  Clock Path Skew:        -0.009ns (DCD - SCD + CPR)
    Destination Clock Delay (DCD):    0.021ns = ( 4.021 - 4.000 ) 
    Source Clock Delay      (SCD):    0.030ns
    Clock Pessimism Removal (CPR):    0.000ns
  Clock Uncertainty:      0.035ns  ((TSJ^2 + TIJ^2)^1/2 + DJ) / 2 + PE
    Total System Jitter     (TSJ):    0.071ns
    Total Input Jitter      (TIJ):    0.000ns
    Discrete Jitter          (DJ):    0.000ns
    Phase Error              (PE):    0.000ns

    Location             Delay type                Incr(ns)  Path(ns)    Netlist Resource(s)
  -------------------------------------------------------------------    -------------------
                         (clock clk_axi rise edge)    0.000     0.000 r  <hidden>
                                                      0.000     0.000 r  clk_axi
                         net (fo=9672, unset)         0.030     0.030    u_cdc_fifo_a/clk_axi
                         FDCE                                         r  u_cdc_fifo_a/wfull_reg/C
  -------------------------------------------------------------------    -------------------
                         FDCE (Prop_FDCE_C_Q)         0.077     0.107 r  u_cdc_fifo_a/wfull_reg/Q
                         net (fo=18, unplaced)        0.145     0.252    u_crypto_pipe/u_lane_a/gen_rounds[14].u_round/wfull
                         LUT5 (Prop_LUT5_I0_O)        0.163     0.415 f  u_crypto_pipe/u_lane_a/gen_rounds[14].u_round/valid_reg_i_1__18/O
                         net (fo=176, unplaced)       0.284     0.699    u_crypto_pipe/u_lane_a/gen_rounds[14].u_round/stage_ready[10]_69
                         LUT6 (Prop_LUT6_I0_O)        0.038     0.737 f  u_crypto_pipe/u_lane_a/gen_rounds[14].u_round/valid_reg_i_1__6/O
                         net (fo=177, unplaced)       0.284     1.021    u_crypto_pipe/u_lane_a/gen_rounds[14].u_round/stage_ready[5]_58
                         LUT6 (Prop_LUT6_I0_O)        0.038     1.059 f  u_crypto_pipe/u_lane_a/gen_rounds[14].u_round/valid_reg_i_1__2/O
                         net (fo=172, unplaced)       0.284     1.343    u_axi_slave/u_w_skid/split_a_ready
                         LUT5 (Prop_LUT5_I2_O)        0.038     1.381 f  u_axi_slave/u_w_skid/m_valid_i_1__0/O
                         net (fo=132, unplaced)       0.278     1.659    u_axi_slave/u_w_skid/m_valid_i_1__0_n_0
                         LUT3 (Prop_LUT3_I2_O)        0.038     1.697 r  u_axi_slave/u_w_skid/skid_data_reg[144]_i_1/O
                         net (fo=129, unplaced)       0.231     1.928    u_axi_slave/u_w_skid/skid_data_reg[144]_i_1_n_0
                         FDCE                                         r  u_axi_slave/u_w_skid/skid_data_reg_reg[106]/CE
  -------------------------------------------------------------------    -------------------

                         (clock clk_axi rise edge)    4.000     4.000 r  <hidden>
                                                      0.000     4.000 r  clk_axi
                         net (fo=9672, unset)         0.021     4.021    u_axi_slave/u_w_skid/clk_axi
                         FDCE                                         r  u_axi_slave/u_w_skid/skid_data_reg_reg[106]/C
                         clock pessimism              0.000     4.021    <hidden>
                         clock uncertainty           -0.035     3.986    <hidden>
                         FDCE (Setup_FDCE_C_CE)      -0.061     3.925    u_axi_slave/u_w_skid/skid_data_reg_reg[106]
  -------------------------------------------------------------------
                         required time                          3.925    <hidden>
                         arrival time                          -1.928    <hidden>
  -------------------------------------------------------------------
                         slack                                  1.997    <hidden>

Slack (MET) :             1.997ns  (required time - arrival time)
  Source:                 u_cdc_fifo_a/wfull_reg/C
                            (rising edge-triggered cell FDCE clocked by clk_axi  {rise@0.000ns fall@2.000ns period=4.000ns})
  Destination:            u_axi_slave/u_w_skid/skid_data_reg_reg[107]/CE
                            (rising edge-triggered cell FDCE clocked by clk_axi  {rise@0.000ns fall@2.000ns period=4.000ns})
  Path Group:             clk_axi
  Path Type:              Setup (Max at Slow Process Corner)
  Requirement:            4.000ns  (clk_axi rise@4.000ns - clk_axi rise@0.000ns)
  Data Path Delay:        1.898ns  (logic 0.392ns (20.653%)  route 1.506ns (79.347%))
  Logic Levels:           5  (LUT3=1 LUT5=2 LUT6=2)
  Clock Path Skew:        -0.009ns (DCD - SCD + CPR)
    Destination Clock Delay (DCD):    0.021ns = ( 4.021 - 4.000 ) 
    Source Clock Delay      (SCD):    0.030ns
    Clock Pessimism Removal (CPR):    0.000ns
  Clock Uncertainty:      0.035ns  ((TSJ^2 + TIJ^2)^1/2 + DJ) / 2 + PE
    Total System Jitter     (TSJ):    0.071ns
    Total Input Jitter      (TIJ):    0.000ns
    Discrete Jitter          (DJ):    0.000ns
    Phase Error              (PE):    0.000ns

    Location             Delay type                Incr(ns)  Path(ns)    Netlist Resource(s)
  -------------------------------------------------------------------    -------------------
                         (clock clk_axi rise edge)    0.000     0.000 r  <hidden>
                                                      0.000     0.000 r  clk_axi
                         net (fo=9672, unset)         0.030     0.030    u_cdc_fifo_a/clk_axi
                         FDCE                                         r  u_cdc_fifo_a/wfull_reg/C
  -------------------------------------------------------------------    -------------------
                         FDCE (Prop_FDCE_C_Q)         0.077     0.107 r  u_cdc_fifo_a/wfull_reg/Q
                         net (fo=18, unplaced)        0.145     0.252    u_crypto_pipe/u_lane_a/gen_rounds[14].u_round/wfull
                         LUT5 (Prop_LUT5_I0_O)        0.163     0.415 f  u_crypto_pipe/u_lane_a/gen_rounds[14].u_round/valid_reg_i_1__18/O
                         net (fo=176, unplaced)       0.284     0.699    u_crypto_pipe/u_lane_a/gen_rounds[14].u_round/stage_ready[10]_69
                         LUT6 (Prop_LUT6_I0_O)        0.038     0.737 f  u_crypto_pipe/u_lane_a/gen_rounds[14].u_round/valid_reg_i_1__6/O
                         net (fo=177, unplaced)       0.284     1.021    u_crypto_pipe/u_lane_a/gen_rounds[14].u_round/stage_ready[5]_58
                         LUT6 (Prop_LUT6_I0_O)        0.038     1.059 f  u_crypto_pipe/u_lane_a/gen_rounds[14].u_round/valid_reg_i_1__2/O
                         net (fo=172, unplaced)       0.284     1.343    u_axi_slave/u_w_skid/split_a_ready
                         LUT5 (Prop_LUT5_I2_O)        0.038     1.381 f  u_axi_slave/u_w_skid/m_valid_i_1__0/O
                         net (fo=132, unplaced)       0.278     1.659    u_axi_slave/u_w_skid/m_valid_i_1__0_n_0
                         LUT3 (Prop_LUT3_I2_O)        0.038     1.697 r  u_axi_slave/u_w_skid/skid_data_reg[144]_i_1/O
                         net (fo=129, unplaced)       0.231     1.928    u_axi_slave/u_w_skid/skid_data_reg[144]_i_1_n_0
                         FDCE                                         r  u_axi_slave/u_w_skid/skid_data_reg_reg[107]/CE
  -------------------------------------------------------------------    -------------------

                         (clock clk_axi rise edge)    4.000     4.000 r  <hidden>
                                                      0.000     4.000 r  clk_axi
                         net (fo=9672, unset)         0.021     4.021    u_axi_slave/u_w_skid/clk_axi
                         FDCE                                         r  u_axi_slave/u_w_skid/skid_data_reg_reg[107]/C
                         clock pessimism              0.000     4.021    <hidden>
                         clock uncertainty           -0.035     3.986    <hidden>
                         FDCE (Setup_FDCE_C_CE)      -0.061     3.925    u_axi_slave/u_w_skid/skid_data_reg_reg[107]
  -------------------------------------------------------------------
                         required time                          3.925    <hidden>
                         arrival time                          -1.928    <hidden>
  -------------------------------------------------------------------
                         slack                                  1.997    <hidden>

Slack (MET) :             1.997ns  (required time - arrival time)
  Source:                 u_cdc_fifo_a/wfull_reg/C
                            (rising edge-triggered cell FDCE clocked by clk_axi  {rise@0.000ns fall@2.000ns period=4.000ns})
  Destination:            u_axi_slave/u_w_skid/skid_data_reg_reg[108]/CE
                            (rising edge-triggered cell FDCE clocked by clk_axi  {rise@0.000ns fall@2.000ns period=4.000ns})
  Path Group:             clk_axi
  Path Type:              Setup (Max at Slow Process Corner)
  Requirement:            4.000ns  (clk_axi rise@4.000ns - clk_axi rise@0.000ns)
  Data Path Delay:        1.898ns  (logic 0.392ns (20.653%)  route 1.506ns (79.347%))
  Logic Levels:           5  (LUT3=1 LUT5=2 LUT6=2)
  Clock Path Skew:        -0.009ns (DCD - SCD + CPR)
    Destination Clock Delay (DCD):    0.021ns = ( 4.021 - 4.000 ) 
    Source Clock Delay      (SCD):    0.030ns
    Clock Pessimism Removal (CPR):    0.000ns
  Clock Uncertainty:      0.035ns  ((TSJ^2 + TIJ^2)^1/2 + DJ) / 2 + PE
    Total System Jitter     (TSJ):    0.071ns
    Total Input Jitter      (TIJ):    0.000ns
    Discrete Jitter          (DJ):    0.000ns
    Phase Error              (PE):    0.000ns

    Location             Delay type                Incr(ns)  Path(ns)    Netlist Resource(s)
  -------------------------------------------------------------------    -------------------
                         (clock clk_axi rise edge)    0.000     0.000 r  <hidden>
                                                      0.000     0.000 r  clk_axi
                         net (fo=9672, unset)         0.030     0.030    u_cdc_fifo_a/clk_axi
                         FDCE                                         r  u_cdc_fifo_a/wfull_reg/C
  -------------------------------------------------------------------    -------------------
                         FDCE (Prop_FDCE_C_Q)         0.077     0.107 r  u_cdc_fifo_a/wfull_reg/Q
                         net (fo=18, unplaced)        0.145     0.252    u_crypto_pipe/u_lane_a/gen_rounds[14].u_round/wfull
                         LUT5 (Prop_LUT5_I0_O)        0.163     0.415 f  u_crypto_pipe/u_lane_a/gen_rounds[14].u_round/valid_reg_i_1__18/O
                         net (fo=176, unplaced)       0.284     0.699    u_crypto_pipe/u_lane_a/gen_rounds[14].u_round/stage_ready[10]_69
                         LUT6 (Prop_LUT6_I0_O)        0.038     0.737 f  u_crypto_pipe/u_lane_a/gen_rounds[14].u_round/valid_reg_i_1__6/O
                         net (fo=177, unplaced)       0.284     1.021    u_crypto_pipe/u_lane_a/gen_rounds[14].u_round/stage_ready[5]_58
                         LUT6 (Prop_LUT6_I0_O)        0.038     1.059 f  u_crypto_pipe/u_lane_a/gen_rounds[14].u_round/valid_reg_i_1__2/O
                         net (fo=172, unplaced)       0.284     1.343    u_axi_slave/u_w_skid/split_a_ready
                         LUT5 (Prop_LUT5_I2_O)        0.038     1.381 f  u_axi_slave/u_w_skid/m_valid_i_1__0/O
                         net (fo=132, unplaced)       0.278     1.659    u_axi_slave/u_w_skid/m_valid_i_1__0_n_0
                         LUT3 (Prop_LUT3_I2_O)        0.038     1.697 r  u_axi_slave/u_w_skid/skid_data_reg[144]_i_1/O
                         net (fo=129, unplaced)       0.231     1.928    u_axi_slave/u_w_skid/skid_data_reg[144]_i_1_n_0
                         FDCE                                         r  u_axi_slave/u_w_skid/skid_data_reg_reg[108]/CE
  -------------------------------------------------------------------    -------------------

                         (clock clk_axi rise edge)    4.000     4.000 r  <hidden>
                                                      0.000     4.000 r  clk_axi
                         net (fo=9672, unset)         0.021     4.021    u_axi_slave/u_w_skid/clk_axi
                         FDCE                                         r  u_axi_slave/u_w_skid/skid_data_reg_reg[108]/C
                         clock pessimism              0.000     4.021    <hidden>
                         clock uncertainty           -0.035     3.986    <hidden>
                         FDCE (Setup_FDCE_C_CE)      -0.061     3.925    u_axi_slave/u_w_skid/skid_data_reg_reg[108]
  -------------------------------------------------------------------
                         required time                          3.925    <hidden>
                         arrival time                          -1.928    <hidden>
  -------------------------------------------------------------------
                         slack                                  1.997    <hidden>





Min Delay Paths
--------------------------------------------------------------------------------------
Slack (MET) :             0.046ns  (arrival time - required time)
  Source:                 u_cdc_fifo_a/wptr_bin_reg[2]/C
                            (rising edge-triggered cell FDCE clocked by clk_axi  {rise@0.000ns fall@2.000ns period=4.000ns})
  Destination:            u_cdc_fifo_a/mem_reg_0_15_0_13/RAMA/WADR2
                            (rising edge-triggered cell RAMD32 clocked by clk_axi  {rise@0.000ns fall@2.000ns period=4.000ns})
  Path Group:             clk_axi
  Path Type:              Hold (Min at Fast Process Corner)
  Requirement:            0.000ns  (clk_axi rise@0.000ns - clk_axi rise@0.000ns)
  Data Path Delay:        0.134ns  (logic 0.038ns (28.358%)  route 0.096ns (71.642%))
  Logic Levels:           0  
  Clock Path Skew:        0.026ns (DCD - SCD - CPR)
    Destination Clock Delay (DCD):    0.039ns
    Source Clock Delay      (SCD):    0.013ns
    Clock Pessimism Removal (CPR):    -0.000ns

    Location             Delay type                Incr(ns)  Path(ns)    Netlist Resource(s)
  -------------------------------------------------------------------    -------------------
                         (clock clk_axi rise edge)    0.000     0.000 r  <hidden>
                                                      0.000     0.000 r  clk_axi
                         net (fo=9672, unset)         0.013     0.013    u_cdc_fifo_a/clk_axi
                         FDCE                                         r  u_cdc_fifo_a/wptr_bin_reg[2]/C
  -------------------------------------------------------------------    -------------------
                         FDCE (Prop_FDCE_C_Q)         0.038     0.051 r  u_cdc_fifo_a/wptr_bin_reg[2]/Q
                         net (fo=157, unplaced)       0.096     0.147    u_cdc_fifo_a/mem_reg_0_15_0_13/ADDRH2
                         RAMD32                                       r  u_cdc_fifo_a/mem_reg_0_15_0_13/RAMA/WADR2
  -------------------------------------------------------------------    -------------------

                         (clock clk_axi rise edge)    0.000     0.000 r  <hidden>
                                                      0.000     0.000 r  clk_axi
                         net (fo=9672, unset)         0.039     0.039    u_cdc_fifo_a/mem_reg_0_15_0_13/WCLK
                         RAMD32                                       r  u_cdc_fifo_a/mem_reg_0_15_0_13/RAMA/CLK
                         clock pessimism              0.000     0.039    <hidden>
                         RAMD32 (Hold_RAMD32_CLK_WADR2)
                                                      0.062     0.101    u_cdc_fifo_a/mem_reg_0_15_0_13/RAMA
  -------------------------------------------------------------------
                         required time                         -0.101    <hidden>
                         arrival time                           0.147    <hidden>
  -------------------------------------------------------------------
                         slack                                  0.046    <hidden>

Slack (MET) :             0.046ns  (arrival time - required time)
  Source:                 u_cdc_fifo_a/wptr_bin_reg[2]/C
                            (rising edge-triggered cell FDCE clocked by clk_axi  {rise@0.000ns fall@2.000ns period=4.000ns})
  Destination:            u_cdc_fifo_a/mem_reg_0_15_0_13/RAMA_D1/WADR2
                            (rising edge-triggered cell RAMD32 clocked by clk_axi  {rise@0.000ns fall@2.000ns period=4.000ns})
  Path Group:             clk_axi
  Path Type:              Hold (Min at Fast Process Corner)
  Requirement:            0.000ns  (clk_axi rise@0.000ns - clk_axi rise@0.000ns)
  Data Path Delay:        0.134ns  (logic 0.038ns (28.358%)  route 0.096ns (71.642%))
  Logic Levels:           0  
  Clock Path Skew:        0.026ns (DCD - SCD - CPR)
    Destination Clock Delay (DCD):    0.039ns
    Source Clock Delay      (SCD):    0.013ns
    Clock Pessimism Removal (CPR):    -0.000ns

    Location             Delay type                Incr(ns)  Path(ns)    Netlist Resource(s)
  -------------------------------------------------------------------    -------------------
                         (clock clk_axi rise edge)    0.000     0.000 r  <hidden>
                                                      0.000     0.000 r  clk_axi
                         net (fo=9672, unset)         0.013     0.013    u_cdc_fifo_a/clk_axi
                         FDCE                                         r  u_cdc_fifo_a/wptr_bin_reg[2]/C
  -------------------------------------------------------------------    -------------------
                         FDCE (Prop_FDCE_C_Q)         0.038     0.051 r  u_cdc_fifo_a/wptr_bin_reg[2]/Q
                         net (fo=157, unplaced)       0.096     0.147    u_cdc_fifo_a/mem_reg_0_15_0_13/ADDRH2
                         RAMD32                                       r  u_cdc_fifo_a/mem_reg_0_15_0_13/RAMA_D1/WADR2
  -------------------------------------------------------------------    -------------------

                         (clock clk_axi rise edge)    0.000     0.000 r  <hidden>
                                                      0.000     0.000 r  clk_axi
                         net (fo=9672, unset)         0.039     0.039    u_cdc_fifo_a/mem_reg_0_15_0_13/WCLK
                         RAMD32                                       r  u_cdc_fifo_a/mem_reg_0_15_0_13/RAMA_D1/CLK
                         clock pessimism              0.000     0.039    <hidden>
                         RAMD32 (Hold_RAMD32_CLK_WADR2)
                                                      0.062     0.101    u_cdc_fifo_a/mem_reg_0_15_0_13/RAMA_D1
  -------------------------------------------------------------------
                         required time                         -0.101    <hidden>
                         arrival time                           0.147    <hidden>
  -------------------------------------------------------------------
                         slack                                  0.046    <hidden>

Slack (MET) :             0.046ns  (arrival time - required time)
  Source:                 u_cdc_fifo_a/wptr_bin_reg[2]/C
                            (rising edge-triggered cell FDCE clocked by clk_axi  {rise@0.000ns fall@2.000ns period=4.000ns})
  Destination:            u_cdc_fifo_a/mem_reg_0_15_0_13/RAMB/WADR2
                            (rising edge-triggered cell RAMD32 clocked by clk_axi  {rise@0.000ns fall@2.000ns period=4.000ns})
  Path Group:             clk_axi
  Path Type:              Hold (Min at Fast Process Corner)
  Requirement:            0.000ns  (clk_axi rise@0.000ns - clk_axi rise@0.000ns)
  Data Path Delay:        0.134ns  (logic 0.038ns (28.358%)  route 0.096ns (71.642%))
  Logic Levels:           0  
  Clock Path Skew:        0.026ns (DCD - SCD - CPR)
    Destination Clock Delay (DCD):    0.039ns
    Source Clock Delay      (SCD):    0.013ns
    Clock Pessimism Removal (CPR):    -0.000ns

    Location             Delay type                Incr(ns)  Path(ns)    Netlist Resource(s)
  -------------------------------------------------------------------    -------------------
                         (clock clk_axi rise edge)    0.000     0.000 r  <hidden>
                                                      0.000     0.000 r  clk_axi
                         net (fo=9672, unset)         0.013     0.013    u_cdc_fifo_a/clk_axi
                         FDCE                                         r  u_cdc_fifo_a/wptr_bin_reg[2]/C
  -------------------------------------------------------------------    -------------------
                         FDCE (Prop_FDCE_C_Q)         0.038     0.051 r  u_cdc_fifo_a/wptr_bin_reg[2]/Q
                         net (fo=157, unplaced)       0.096     0.147    u_cdc_fifo_a/mem_reg_0_15_0_13/ADDRH2
                         RAMD32                                       r  u_cdc_fifo_a/mem_reg_0_15_0_13/RAMB/WADR2
  -------------------------------------------------------------------    -------------------

                         (clock clk_axi rise edge)    0.000     0.000 r  <hidden>
                                                      0.000     0.000 r  clk_axi
                         net (fo=9672, unset)         0.039     0.039    u_cdc_fifo_a/mem_reg_0_15_0_13/WCLK
                         RAMD32                                       r  u_cdc_fifo_a/mem_reg_0_15_0_13/RAMB/CLK
                         clock pessimism              0.000     0.039    <hidden>
                         RAMD32 (Hold_RAMD32_CLK_WADR2)
                                                      0.062     0.101    u_cdc_fifo_a/mem_reg_0_15_0_13/RAMB
  -------------------------------------------------------------------
                         required time                         -0.101    <hidden>
                         arrival time                           0.147    <hidden>
  -------------------------------------------------------------------
                         slack                                  0.046    <hidden>

Slack (MET) :             0.046ns  (arrival time - required time)
  Source:                 u_cdc_fifo_a/wptr_bin_reg[2]/C
                            (rising edge-triggered cell FDCE clocked by clk_axi  {rise@0.000ns fall@2.000ns period=4.000ns})
  Destination:            u_cdc_fifo_a/mem_reg_0_15_0_13/RAMB_D1/WADR2
                            (rising edge-triggered cell RAMD32 clocked by clk_axi  {rise@0.000ns fall@2.000ns period=4.000ns})
  Path Group:             clk_axi
  Path Type:              Hold (Min at Fast Process Corner)
  Requirement:            0.000ns  (clk_axi rise@0.000ns - clk_axi rise@0.000ns)
  Data Path Delay:        0.134ns  (logic 0.038ns (28.358%)  route 0.096ns (71.642%))
  Logic Levels:           0  
  Clock Path Skew:        0.026ns (DCD - SCD - CPR)
    Destination Clock Delay (DCD):    0.039ns
    Source Clock Delay      (SCD):    0.013ns
    Clock Pessimism Removal (CPR):    -0.000ns

    Location             Delay type                Incr(ns)  Path(ns)    Netlist Resource(s)
  -------------------------------------------------------------------    -------------------
                         (clock clk_axi rise edge)    0.000     0.000 r  <hidden>
                                                      0.000     0.000 r  clk_axi
                         net (fo=9672, unset)         0.013     0.013    u_cdc_fifo_a/clk_axi
                         FDCE                                         r  u_cdc_fifo_a/wptr_bin_reg[2]/C
  -------------------------------------------------------------------    -------------------
                         FDCE (Prop_FDCE_C_Q)         0.038     0.051 r  u_cdc_fifo_a/wptr_bin_reg[2]/Q
                         net (fo=157, unplaced)       0.096     0.147    u_cdc_fifo_a/mem_reg_0_15_0_13/ADDRH2
                         RAMD32                                       r  u_cdc_fifo_a/mem_reg_0_15_0_13/RAMB_D1/WADR2
  -------------------------------------------------------------------    -------------------

                         (clock clk_axi rise edge)    0.000     0.000 r  <hidden>
                                                      0.000     0.000 r  clk_axi
                         net (fo=9672, unset)         0.039     0.039    u_cdc_fifo_a/mem_reg_0_15_0_13/WCLK
                         RAMD32                                       r  u_cdc_fifo_a/mem_reg_0_15_0_13/RAMB_D1/CLK
                         clock pessimism              0.000     0.039    <hidden>
                         RAMD32 (Hold_RAMD32_CLK_WADR2)
                                                      0.062     0.101    u_cdc_fifo_a/mem_reg_0_15_0_13/RAMB_D1
  -------------------------------------------------------------------
                         required time                         -0.101    <hidden>
                         arrival time                           0.147    <hidden>
  -------------------------------------------------------------------
                         slack                                  0.046    <hidden>

Slack (MET) :             0.046ns  (arrival time - required time)
  Source:                 u_cdc_fifo_a/wptr_bin_reg[2]/C
                            (rising edge-triggered cell FDCE clocked by clk_axi  {rise@0.000ns fall@2.000ns period=4.000ns})
  Destination:            u_cdc_fifo_a/mem_reg_0_15_0_13/RAMC/WADR2
                            (rising edge-triggered cell RAMD32 clocked by clk_axi  {rise@0.000ns fall@2.000ns period=4.000ns})
  Path Group:             clk_axi
  Path Type:              Hold (Min at Fast Process Corner)
  Requirement:            0.000ns  (clk_axi rise@0.000ns - clk_axi rise@0.000ns)
  Data Path Delay:        0.134ns  (logic 0.038ns (28.358%)  route 0.096ns (71.642%))
  Logic Levels:           0  
  Clock Path Skew:        0.026ns (DCD - SCD - CPR)
    Destination Clock Delay (DCD):    0.039ns
    Source Clock Delay      (SCD):    0.013ns
    Clock Pessimism Removal (CPR):    -0.000ns

    Location             Delay type                Incr(ns)  Path(ns)    Netlist Resource(s)
  -------------------------------------------------------------------    -------------------
                         (clock clk_axi rise edge)    0.000     0.000 r  <hidden>
                                                      0.000     0.000 r  clk_axi
                         net (fo=9672, unset)         0.013     0.013    u_cdc_fifo_a/clk_axi
                         FDCE                                         r  u_cdc_fifo_a/wptr_bin_reg[2]/C
  -------------------------------------------------------------------    -------------------
                         FDCE (Prop_FDCE_C_Q)         0.038     0.051 r  u_cdc_fifo_a/wptr_bin_reg[2]/Q
                         net (fo=157, unplaced)       0.096     0.147    u_cdc_fifo_a/mem_reg_0_15_0_13/ADDRH2
                         RAMD32                                       r  u_cdc_fifo_a/mem_reg_0_15_0_13/RAMC/WADR2
  -------------------------------------------------------------------    -------------------

                         (clock clk_axi rise edge)    0.000     0.000 r  <hidden>
                                                      0.000     0.000 r  clk_axi
                         net (fo=9672, unset)         0.039     0.039    u_cdc_fifo_a/mem_reg_0_15_0_13/WCLK
                         RAMD32                                       r  u_cdc_fifo_a/mem_reg_0_15_0_13/RAMC/CLK
                         clock pessimism              0.000     0.039    <hidden>
                         RAMD32 (Hold_RAMD32_CLK_WADR2)
                                                      0.062     0.101    u_cdc_fifo_a/mem_reg_0_15_0_13/RAMC
  -------------------------------------------------------------------
                         required time                         -0.101    <hidden>
                         arrival time                           0.147    <hidden>
  -------------------------------------------------------------------
                         slack                                  0.046    <hidden>

Slack (MET) :             0.046ns  (arrival time - required time)
  Source:                 u_cdc_fifo_a/wptr_bin_reg[2]/C
                            (rising edge-triggered cell FDCE clocked by clk_axi  {rise@0.000ns fall@2.000ns period=4.000ns})
  Destination:            u_cdc_fifo_a/mem_reg_0_15_0_13/RAMC_D1/WADR2
                            (rising edge-triggered cell RAMD32 clocked by clk_axi  {rise@0.000ns fall@2.000ns period=4.000ns})
  Path Group:             clk_axi
  Path Type:              Hold (Min at Fast Process Corner)
  Requirement:            0.000ns  (clk_axi rise@0.000ns - clk_axi rise@0.000ns)
  Data Path Delay:        0.134ns  (logic 0.038ns (28.358%)  route 0.096ns (71.642%))
  Logic Levels:           0  
  Clock Path Skew:        0.026ns (DCD - SCD - CPR)
    Destination Clock Delay (DCD):    0.039ns
    Source Clock Delay      (SCD):    0.013ns
    Clock Pessimism Removal (CPR):    -0.000ns

    Location             Delay type                Incr(ns)  Path(ns)    Netlist Resource(s)
  -------------------------------------------------------------------    -------------------
                         (clock clk_axi rise edge)    0.000     0.000 r  <hidden>
                                                      0.000     0.000 r  clk_axi
                         net (fo=9672, unset)         0.013     0.013    u_cdc_fifo_a/clk_axi
                         FDCE                                         r  u_cdc_fifo_a/wptr_bin_reg[2]/C
  -------------------------------------------------------------------    -------------------
                         FDCE (Prop_FDCE_C_Q)         0.038     0.051 r  u_cdc_fifo_a/wptr_bin_reg[2]/Q
                         net (fo=157, unplaced)       0.096     0.147    u_cdc_fifo_a/mem_reg_0_15_0_13/ADDRH2
                         RAMD32                                       r  u_cdc_fifo_a/mem_reg_0_15_0_13/RAMC_D1/WADR2
  -------------------------------------------------------------------    -------------------

                         (clock clk_axi rise edge)    0.000     0.000 r  <hidden>
                                                      0.000     0.000 r  clk_axi
                         net (fo=9672, unset)         0.039     0.039    u_cdc_fifo_a/mem_reg_0_15_0_13/WCLK
                         RAMD32                                       r  u_cdc_fifo_a/mem_reg_0_15_0_13/RAMC_D1/CLK
                         clock pessimism              0.000     0.039    <hidden>
                         RAMD32 (Hold_RAMD32_CLK_WADR2)
                                                      0.062     0.101    u_cdc_fifo_a/mem_reg_0_15_0_13/RAMC_D1
  -------------------------------------------------------------------
                         required time                         -0.101    <hidden>
                         arrival time                           0.147    <hidden>
  -------------------------------------------------------------------
                         slack                                  0.046    <hidden>

Slack (MET) :             0.046ns  (arrival time - required time)
  Source:                 u_cdc_fifo_a/wptr_bin_reg[2]/C
                            (rising edge-triggered cell FDCE clocked by clk_axi  {rise@0.000ns fall@2.000ns period=4.000ns})
  Destination:            u_cdc_fifo_a/mem_reg_0_15_0_13/RAMD/WADR2
                            (rising edge-triggered cell RAMD32 clocked by clk_axi  {rise@0.000ns fall@2.000ns period=4.000ns})
  Path Group:             clk_axi
  Path Type:              Hold (Min at Fast Process Corner)
  Requirement:            0.000ns  (clk_axi rise@0.000ns - clk_axi rise@0.000ns)
  Data Path Delay:        0.134ns  (logic 0.038ns (28.358%)  route 0.096ns (71.642%))
  Logic Levels:           0  
  Clock Path Skew:        0.026ns (DCD - SCD - CPR)
    Destination Clock Delay (DCD):    0.039ns
    Source Clock Delay      (SCD):    0.013ns
    Clock Pessimism Removal (CPR):    -0.000ns

    Location             Delay type                Incr(ns)  Path(ns)    Netlist Resource(s)
  -------------------------------------------------------------------    -------------------
                         (clock clk_axi rise edge)    0.000     0.000 r  <hidden>
                                                      0.000     0.000 r  clk_axi
                         net (fo=9672, unset)         0.013     0.013    u_cdc_fifo_a/clk_axi
                         FDCE                                         r  u_cdc_fifo_a/wptr_bin_reg[2]/C
  -------------------------------------------------------------------    -------------------
                         FDCE (Prop_FDCE_C_Q)         0.038     0.051 r  u_cdc_fifo_a/wptr_bin_reg[2]/Q
                         net (fo=157, unplaced)       0.096     0.147    u_cdc_fifo_a/mem_reg_0_15_0_13/ADDRH2
                         RAMD32                                       r  u_cdc_fifo_a/mem_reg_0_15_0_13/RAMD/WADR2
  -------------------------------------------------------------------    -------------------

                         (clock clk_axi rise edge)    0.000     0.000 r  <hidden>
                                                      0.000     0.000 r  clk_axi
                         net (fo=9672, unset)         0.039     0.039    u_cdc_fifo_a/mem_reg_0_15_0_13/WCLK
                         RAMD32                                       r  u_cdc_fifo_a/mem_reg_0_15_0_13/RAMD/CLK
                         clock pessimism              0.000     0.039    <hidden>
                         RAMD32 (Hold_RAMD32_CLK_WADR2)
                                                      0.062     0.101    u_cdc_fifo_a/mem_reg_0_15_0_13/RAMD
  -------------------------------------------------------------------
                         required time                         -0.101    <hidden>
                         arrival time                           0.147    <hidden>
  -------------------------------------------------------------------
                         slack                                  0.046    <hidden>

Slack (MET) :             0.046ns  (arrival time - required time)
  Source:                 u_cdc_fifo_a/wptr_bin_reg[2]/C
                            (rising edge-triggered cell FDCE clocked by clk_axi  {rise@0.000ns fall@2.000ns period=4.000ns})
  Destination:            u_cdc_fifo_a/mem_reg_0_15_0_13/RAMD_D1/WADR2
                            (rising edge-triggered cell RAMD32 clocked by clk_axi  {rise@0.000ns fall@2.000ns period=4.000ns})
  Path Group:             clk_axi
  Path Type:              Hold (Min at Fast Process Corner)
  Requirement:            0.000ns  (clk_axi rise@0.000ns - clk_axi rise@0.000ns)
  Data Path Delay:        0.134ns  (logic 0.038ns (28.358%)  route 0.096ns (71.642%))
  Logic Levels:           0  
  Clock Path Skew:        0.026ns (DCD - SCD - CPR)
    Destination Clock Delay (DCD):    0.039ns
    Source Clock Delay      (SCD):    0.013ns
    Clock Pessimism Removal (CPR):    -0.000ns

    Location             Delay type                Incr(ns)  Path(ns)    Netlist Resource(s)
  -------------------------------------------------------------------    -------------------
                         (clock clk_axi rise edge)    0.000     0.000 r  <hidden>
                                                      0.000     0.000 r  clk_axi
                         net (fo=9672, unset)         0.013     0.013    u_cdc_fifo_a/clk_axi
                         FDCE                                         r  u_cdc_fifo_a/wptr_bin_reg[2]/C
  -------------------------------------------------------------------    -------------------
                         FDCE (Prop_FDCE_C_Q)         0.038     0.051 r  u_cdc_fifo_a/wptr_bin_reg[2]/Q
                         net (fo=157, unplaced)       0.096     0.147    u_cdc_fifo_a/mem_reg_0_15_0_13/ADDRH2
                         RAMD32                                       r  u_cdc_fifo_a/mem_reg_0_15_0_13/RAMD_D1/WADR2
  -------------------------------------------------------------------    -------------------

                         (clock clk_axi rise edge)    0.000     0.000 r  <hidden>
                                                      0.000     0.000 r  clk_axi
                         net (fo=9672, unset)         0.039     0.039    u_cdc_fifo_a/mem_reg_0_15_0_13/WCLK
                         RAMD32                                       r  u_cdc_fifo_a/mem_reg_0_15_0_13/RAMD_D1/CLK
                         clock pessimism              0.000     0.039    <hidden>
                         RAMD32 (Hold_RAMD32_CLK_WADR2)
                                                      0.062     0.101    u_cdc_fifo_a/mem_reg_0_15_0_13/RAMD_D1
  -------------------------------------------------------------------
                         required time                         -0.101    <hidden>
                         arrival time                           0.147    <hidden>
  -------------------------------------------------------------------
                         slack                                  0.046    <hidden>

Slack (MET) :             0.046ns  (arrival time - required time)
  Source:                 u_cdc_fifo_a/wptr_bin_reg[2]/C
                            (rising edge-triggered cell FDCE clocked by clk_axi  {rise@0.000ns fall@2.000ns period=4.000ns})
  Destination:            u_cdc_fifo_a/mem_reg_0_15_0_13/RAME/WADR2
                            (rising edge-triggered cell RAMD32 clocked by clk_axi  {rise@0.000ns fall@2.000ns period=4.000ns})
  Path Group:             clk_axi
  Path Type:              Hold (Min at Fast Process Corner)
  Requirement:            0.000ns  (clk_axi rise@0.000ns - clk_axi rise@0.000ns)
  Data Path Delay:        0.134ns  (logic 0.038ns (28.358%)  route 0.096ns (71.642%))
  Logic Levels:           0  
  Clock Path Skew:        0.026ns (DCD - SCD - CPR)
    Destination Clock Delay (DCD):    0.039ns
    Source Clock Delay      (SCD):    0.013ns
    Clock Pessimism Removal (CPR):    -0.000ns

    Location             Delay type                Incr(ns)  Path(ns)    Netlist Resource(s)
  -------------------------------------------------------------------    -------------------
                         (clock clk_axi rise edge)    0.000     0.000 r  <hidden>
                                                      0.000     0.000 r  clk_axi
                         net (fo=9672, unset)         0.013     0.013    u_cdc_fifo_a/clk_axi
                         FDCE                                         r  u_cdc_fifo_a/wptr_bin_reg[2]/C
  -------------------------------------------------------------------    -------------------
                         FDCE (Prop_FDCE_C_Q)         0.038     0.051 r  u_cdc_fifo_a/wptr_bin_reg[2]/Q
                         net (fo=157, unplaced)       0.096     0.147    u_cdc_fifo_a/mem_reg_0_15_0_13/ADDRH2
                         RAMD32                                       r  u_cdc_fifo_a/mem_reg_0_15_0_13/RAME/WADR2
  -------------------------------------------------------------------    -------------------

                         (clock clk_axi rise edge)    0.000     0.000 r  <hidden>
                                                      0.000     0.000 r  clk_axi
                         net (fo=9672, unset)         0.039     0.039    u_cdc_fifo_a/mem_reg_0_15_0_13/WCLK
                         RAMD32                                       r  u_cdc_fifo_a/mem_reg_0_15_0_13/RAME/CLK
                         clock pessimism              0.000     0.039    <hidden>
                         RAMD32 (Hold_RAMD32_CLK_WADR2)
                                                      0.062     0.101    u_cdc_fifo_a/mem_reg_0_15_0_13/RAME
  -------------------------------------------------------------------
                         required time                         -0.101    <hidden>
                         arrival time                           0.147    <hidden>
  -------------------------------------------------------------------
                         slack                                  0.046    <hidden>

Slack (MET) :             0.046ns  (arrival time - required time)
  Source:                 u_cdc_fifo_a/wptr_bin_reg[2]/C
                            (rising edge-triggered cell FDCE clocked by clk_axi  {rise@0.000ns fall@2.000ns period=4.000ns})
  Destination:            u_cdc_fifo_a/mem_reg_0_15_0_13/RAME_D1/WADR2
                            (rising edge-triggered cell RAMD32 clocked by clk_axi  {rise@0.000ns fall@2.000ns period=4.000ns})
  Path Group:             clk_axi
  Path Type:              Hold (Min at Fast Process Corner)
  Requirement:            0.000ns  (clk_axi rise@0.000ns - clk_axi rise@0.000ns)
  Data Path Delay:        0.134ns  (logic 0.038ns (28.358%)  route 0.096ns (71.642%))
  Logic Levels:           0  
  Clock Path Skew:        0.026ns (DCD - SCD - CPR)
    Destination Clock Delay (DCD):    0.039ns
    Source Clock Delay      (SCD):    0.013ns
    Clock Pessimism Removal (CPR):    -0.000ns

    Location             Delay type                Incr(ns)  Path(ns)    Netlist Resource(s)
  -------------------------------------------------------------------    -------------------
                         (clock clk_axi rise edge)    0.000     0.000 r  <hidden>
                                                      0.000     0.000 r  clk_axi
                         net (fo=9672, unset)         0.013     0.013    u_cdc_fifo_a/clk_axi
                         FDCE                                         r  u_cdc_fifo_a/wptr_bin_reg[2]/C
  -------------------------------------------------------------------    -------------------
                         FDCE (Prop_FDCE_C_Q)         0.038     0.051 r  u_cdc_fifo_a/wptr_bin_reg[2]/Q
                         net (fo=157, unplaced)       0.096     0.147    u_cdc_fifo_a/mem_reg_0_15_0_13/ADDRH2
                         RAMD32                                       r  u_cdc_fifo_a/mem_reg_0_15_0_13/RAME_D1/WADR2
  -------------------------------------------------------------------    -------------------

                         (clock clk_axi rise edge)    0.000     0.000 r  <hidden>
                                                      0.000     0.000 r  clk_axi
                         net (fo=9672, unset)         0.039     0.039    u_cdc_fifo_a/mem_reg_0_15_0_13/WCLK
                         RAMD32                                       r  u_cdc_fifo_a/mem_reg_0_15_0_13/RAME_D1/CLK
                         clock pessimism              0.000     0.039    <hidden>
                         RAMD32 (Hold_RAMD32_CLK_WADR2)
                                                      0.062     0.101    u_cdc_fifo_a/mem_reg_0_15_0_13/RAME_D1
  -------------------------------------------------------------------
                         required time                         -0.101    <hidden>
                         arrival time                           0.147    <hidden>
  -------------------------------------------------------------------
                         slack                                  0.046    <hidden>





Pulse Width Checks
--------------------------------------------------------------------------------------
Clock Name:         clk_axi
Waveform(ns):       { 0.000 2.000 }
Period(ns):         4.000
Sources:            { clk_axi }

Check Type        Corner  Lib Pin     Reference Pin  Required(ns)  Actual(ns)  Slack(ns)  Location  Pin
Min Period        n/a     RAMD32/CLK  n/a            1.064         4.000       2.936                u_cdc_fifo_a/mem_reg_0_15_0_13/RAMA/CLK
Min Period        n/a     RAMD32/CLK  n/a            1.064         4.000       2.936                u_cdc_fifo_a/mem_reg_0_15_0_13/RAMA_D1/CLK
Min Period        n/a     RAMD32/CLK  n/a            1.064         4.000       2.936                u_cdc_fifo_a/mem_reg_0_15_0_13/RAMB/CLK
Min Period        n/a     RAMD32/CLK  n/a            1.064         4.000       2.936                u_cdc_fifo_a/mem_reg_0_15_0_13/RAMB_D1/CLK
Min Period        n/a     RAMD32/CLK  n/a            1.064         4.000       2.936                u_cdc_fifo_a/mem_reg_0_15_0_13/RAMC/CLK
Min Period        n/a     RAMD32/CLK  n/a            1.064         4.000       2.936                u_cdc_fifo_a/mem_reg_0_15_0_13/RAMC_D1/CLK
Min Period        n/a     RAMD32/CLK  n/a            1.064         4.000       2.936                u_cdc_fifo_a/mem_reg_0_15_0_13/RAMD/CLK
Min Period        n/a     RAMD32/CLK  n/a            1.064         4.000       2.936                u_cdc_fifo_a/mem_reg_0_15_0_13/RAMD_D1/CLK
Min Period        n/a     RAMD32/CLK  n/a            1.064         4.000       2.936                u_cdc_fifo_a/mem_reg_0_15_0_13/RAME/CLK
Min Period        n/a     RAMD32/CLK  n/a            1.064         4.000       2.936                u_cdc_fifo_a/mem_reg_0_15_0_13/RAME_D1/CLK
Low Pulse Width   Slow    RAMD32/CLK  n/a            0.532         2.000       1.468                u_cdc_fifo_a/mem_reg_0_15_0_13/RAMA/CLK
Low Pulse Width   Fast    RAMD32/CLK  n/a            0.532         2.000       1.468                u_cdc_fifo_a/mem_reg_0_15_0_13/RAMA/CLK
Low Pulse Width   Slow    RAMD32/CLK  n/a            0.532         2.000       1.468                u_cdc_fifo_a/mem_reg_0_15_0_13/RAMA_D1/CLK
Low Pulse Width   Fast    RAMD32/CLK  n/a            0.532         2.000       1.468                u_cdc_fifo_a/mem_reg_0_15_0_13/RAMA_D1/CLK
Low Pulse Width   Slow    RAMD32/CLK  n/a            0.532         2.000       1.468                u_cdc_fifo_a/mem_reg_0_15_0_13/RAMB/CLK
Low Pulse Width   Fast    RAMD32/CLK  n/a            0.532         2.000       1.468                u_cdc_fifo_a/mem_reg_0_15_0_13/RAMB/CLK
Low Pulse Width   Slow    RAMD32/CLK  n/a            0.532         2.000       1.468                u_cdc_fifo_a/mem_reg_0_15_0_13/RAMB_D1/CLK
Low Pulse Width   Fast    RAMD32/CLK  n/a            0.532         2.000       1.468                u_cdc_fifo_a/mem_reg_0_15_0_13/RAMB_D1/CLK
Low Pulse Width   Slow    RAMD32/CLK  n/a            0.532         2.000       1.468                u_cdc_fifo_a/mem_reg_0_15_0_13/RAMC/CLK
Low Pulse Width   Fast    RAMD32/CLK  n/a            0.532         2.000       1.468                u_cdc_fifo_a/mem_reg_0_15_0_13/RAMC/CLK
High Pulse Width  Slow    RAMD32/CLK  n/a            0.532         2.000       1.468                u_cdc_fifo_a/mem_reg_0_15_0_13/RAMA/CLK
High Pulse Width  Fast    RAMD32/CLK  n/a            0.532         2.000       1.468                u_cdc_fifo_a/mem_reg_0_15_0_13/RAMA/CLK
High Pulse Width  Slow    RAMD32/CLK  n/a            0.532         2.000       1.468                u_cdc_fifo_a/mem_reg_0_15_0_13/RAMA_D1/CLK
High Pulse Width  Fast    RAMD32/CLK  n/a            0.532         2.000       1.468                u_cdc_fifo_a/mem_reg_0_15_0_13/RAMA_D1/CLK
High Pulse Width  Slow    RAMD32/CLK  n/a            0.532         2.000       1.468                u_cdc_fifo_a/mem_reg_0_15_0_13/RAMB/CLK
High Pulse Width  Fast    RAMD32/CLK  n/a            0.532         2.000       1.468                u_cdc_fifo_a/mem_reg_0_15_0_13/RAMB/CLK
High Pulse Width  Slow    RAMD32/CLK  n/a            0.532         2.000       1.468                u_cdc_fifo_a/mem_reg_0_15_0_13/RAMB_D1/CLK
High Pulse Width  Fast    RAMD32/CLK  n/a            0.532         2.000       1.468                u_cdc_fifo_a/mem_reg_0_15_0_13/RAMB_D1/CLK
High Pulse Width  Slow    RAMD32/CLK  n/a            0.532         2.000       1.468                u_cdc_fifo_a/mem_reg_0_15_0_13/RAMC/CLK
High Pulse Width  Fast    RAMD32/CLK  n/a            0.532         2.000       1.468                u_cdc_fifo_a/mem_reg_0_15_0_13/RAMC/CLK



---------------------------------------------------------------------------------------------------
From Clock:  clk_ddr
  To Clock:  clk_ddr

Setup :            0  Failing Endpoints,  Worst Slack        1.268ns,  Total Violation        0.000ns
Hold  :            0  Failing Endpoints,  Worst Slack        0.073ns,  Total Violation        0.000ns
PW    :            0  Failing Endpoints,  Worst Slack        0.975ns,  Total Violation        0.000ns
---------------------------------------------------------------------------------------------------


Max Delay Paths
--------------------------------------------------------------------------------------
Slack (MET) :             1.268ns  (required time - arrival time)
  Source:                 u_sched_a/active_req_row_reg[9]/C
                            (rising edge-triggered cell FDCE clocked by clk_ddr  {rise@0.000ns fall@1.250ns period=2.500ns})
  Destination:            u_sched_a/turnaround_timer_reg[0]/CE
                            (rising edge-triggered cell FDCE clocked by clk_ddr  {rise@0.000ns fall@1.250ns period=2.500ns})
  Path Group:             clk_ddr
  Path Type:              Setup (Max at Slow Process Corner)
  Requirement:            2.500ns  (clk_ddr rise@2.500ns - clk_ddr rise@0.000ns)
  Data Path Delay:        1.127ns  (logic 0.281ns (24.933%)  route 0.846ns (75.067%))
  Logic Levels:           4  (LUT4=1 LUT5=1 LUT6=2)
  Clock Path Skew:        -0.009ns (DCD - SCD + CPR)
    Destination Clock Delay (DCD):    0.021ns = ( 2.521 - 2.500 ) 
    Source Clock Delay      (SCD):    0.030ns
    Clock Pessimism Removal (CPR):    0.000ns
  Clock Uncertainty:      0.035ns  ((TSJ^2 + TIJ^2)^1/2 + DJ) / 2 + PE
    Total System Jitter     (TSJ):    0.071ns
    Total Input Jitter      (TIJ):    0.000ns
    Discrete Jitter          (DJ):    0.000ns
    Phase Error              (PE):    0.000ns

    Location             Delay type                Incr(ns)  Path(ns)    Netlist Resource(s)
  -------------------------------------------------------------------    -------------------
                         (clock clk_ddr rise edge)    0.000     0.000 r  <hidden>
                                                      0.000     0.000 r  clk_ddr
                         net (fo=951, unset)          0.030     0.030    u_sched_a/clk_ddr
                         FDCE                                         r  u_sched_a/active_req_row_reg[9]/C
  -------------------------------------------------------------------    -------------------
                         FDCE (Prop_FDCE_C_Q)         0.077     0.107 r  u_sched_a/active_req_row_reg[9]/Q
                         net (fo=4, unplaced)         0.103     0.210    u_sched_a/active_req_row[9]
                         LUT4 (Prop_LUT4_I1_O)        0.090     0.300 f  u_sched_a/cmd_wdata[127]_i_6/O
                         net (fo=1, unplaced)         0.186     0.486    u_sched_a/cmd_wdata[127]_i_6_n_0
                         LUT6 (Prop_LUT6_I5_O)        0.038     0.524 f  u_sched_a/cmd_wdata[127]_i_2/O
                         net (fo=3, unplaced)         0.192     0.716    u_sched_a/cmd_wdata[127]_i_2_n_0
                         LUT5 (Prop_LUT5_I4_O)        0.038     0.754 r  u_sched_a/bank_state[0][0]_i_3/O
                         net (fo=10, unplaced)        0.219     0.973    u_sched_a/bank_state[0][0]_i_3_n_0
                         LUT6 (Prop_LUT6_I3_O)        0.038     1.011 r  u_sched_a/turnaround_timer[2]_i_1/O
                         net (fo=3, unplaced)         0.146     1.157    u_sched_a/turnaround_timer[2]_i_1_n_0
                         FDCE                                         r  u_sched_a/turnaround_timer_reg[0]/CE
  -------------------------------------------------------------------    -------------------

                         (clock clk_ddr rise edge)    2.500     2.500 r  <hidden>
                                                      0.000     2.500 r  clk_ddr
                         net (fo=951, unset)          0.021     2.521    u_sched_a/clk_ddr
                         FDCE                                         r  u_sched_a/turnaround_timer_reg[0]/C
                         clock pessimism              0.000     2.521    <hidden>
                         clock uncertainty           -0.035     2.486    <hidden>
                         FDCE (Setup_FDCE_C_CE)      -0.061     2.425    u_sched_a/turnaround_timer_reg[0]
  -------------------------------------------------------------------
                         required time                          2.425    <hidden>
                         arrival time                          -1.157    <hidden>
  -------------------------------------------------------------------
                         slack                                  1.268    <hidden>

Slack (MET) :             1.268ns  (required time - arrival time)
  Source:                 u_sched_a/active_req_row_reg[9]/C
                            (rising edge-triggered cell FDCE clocked by clk_ddr  {rise@0.000ns fall@1.250ns period=2.500ns})
  Destination:            u_sched_a/turnaround_timer_reg[1]/CE
                            (rising edge-triggered cell FDCE clocked by clk_ddr  {rise@0.000ns fall@1.250ns period=2.500ns})
  Path Group:             clk_ddr
  Path Type:              Setup (Max at Slow Process Corner)
  Requirement:            2.500ns  (clk_ddr rise@2.500ns - clk_ddr rise@0.000ns)
  Data Path Delay:        1.127ns  (logic 0.281ns (24.933%)  route 0.846ns (75.067%))
  Logic Levels:           4  (LUT4=1 LUT5=1 LUT6=2)
  Clock Path Skew:        -0.009ns (DCD - SCD + CPR)
    Destination Clock Delay (DCD):    0.021ns = ( 2.521 - 2.500 ) 
    Source Clock Delay      (SCD):    0.030ns
    Clock Pessimism Removal (CPR):    0.000ns
  Clock Uncertainty:      0.035ns  ((TSJ^2 + TIJ^2)^1/2 + DJ) / 2 + PE
    Total System Jitter     (TSJ):    0.071ns
    Total Input Jitter      (TIJ):    0.000ns
    Discrete Jitter          (DJ):    0.000ns
    Phase Error              (PE):    0.000ns

    Location             Delay type                Incr(ns)  Path(ns)    Netlist Resource(s)
  -------------------------------------------------------------------    -------------------
                         (clock clk_ddr rise edge)    0.000     0.000 r  <hidden>
                                                      0.000     0.000 r  clk_ddr
                         net (fo=951, unset)          0.030     0.030    u_sched_a/clk_ddr
                         FDCE                                         r  u_sched_a/active_req_row_reg[9]/C
  -------------------------------------------------------------------    -------------------
                         FDCE (Prop_FDCE_C_Q)         0.077     0.107 r  u_sched_a/active_req_row_reg[9]/Q
                         net (fo=4, unplaced)         0.103     0.210    u_sched_a/active_req_row[9]
                         LUT4 (Prop_LUT4_I1_O)        0.090     0.300 f  u_sched_a/cmd_wdata[127]_i_6/O
                         net (fo=1, unplaced)         0.186     0.486    u_sched_a/cmd_wdata[127]_i_6_n_0
                         LUT6 (Prop_LUT6_I5_O)        0.038     0.524 f  u_sched_a/cmd_wdata[127]_i_2/O
                         net (fo=3, unplaced)         0.192     0.716    u_sched_a/cmd_wdata[127]_i_2_n_0
                         LUT5 (Prop_LUT5_I4_O)        0.038     0.754 r  u_sched_a/bank_state[0][0]_i_3/O
                         net (fo=10, unplaced)        0.219     0.973    u_sched_a/bank_state[0][0]_i_3_n_0
                         LUT6 (Prop_LUT6_I3_O)        0.038     1.011 r  u_sched_a/turnaround_timer[2]_i_1/O
                         net (fo=3, unplaced)         0.146     1.157    u_sched_a/turnaround_timer[2]_i_1_n_0
                         FDCE                                         r  u_sched_a/turnaround_timer_reg[1]/CE
  -------------------------------------------------------------------    -------------------

                         (clock clk_ddr rise edge)    2.500     2.500 r  <hidden>
                                                      0.000     2.500 r  clk_ddr
                         net (fo=951, unset)          0.021     2.521    u_sched_a/clk_ddr
                         FDCE                                         r  u_sched_a/turnaround_timer_reg[1]/C
                         clock pessimism              0.000     2.521    <hidden>
                         clock uncertainty           -0.035     2.486    <hidden>
                         FDCE (Setup_FDCE_C_CE)      -0.061     2.425    u_sched_a/turnaround_timer_reg[1]
  -------------------------------------------------------------------
                         required time                          2.425    <hidden>
                         arrival time                          -1.157    <hidden>
  -------------------------------------------------------------------
                         slack                                  1.268    <hidden>

Slack (MET) :             1.268ns  (required time - arrival time)
  Source:                 u_sched_a/active_req_row_reg[9]/C
                            (rising edge-triggered cell FDCE clocked by clk_ddr  {rise@0.000ns fall@1.250ns period=2.500ns})
  Destination:            u_sched_a/turnaround_timer_reg[2]/CE
                            (rising edge-triggered cell FDCE clocked by clk_ddr  {rise@0.000ns fall@1.250ns period=2.500ns})
  Path Group:             clk_ddr
  Path Type:              Setup (Max at Slow Process Corner)
  Requirement:            2.500ns  (clk_ddr rise@2.500ns - clk_ddr rise@0.000ns)
  Data Path Delay:        1.127ns  (logic 0.281ns (24.933%)  route 0.846ns (75.067%))
  Logic Levels:           4  (LUT4=1 LUT5=1 LUT6=2)
  Clock Path Skew:        -0.009ns (DCD - SCD + CPR)
    Destination Clock Delay (DCD):    0.021ns = ( 2.521 - 2.500 ) 
    Source Clock Delay      (SCD):    0.030ns
    Clock Pessimism Removal (CPR):    0.000ns
  Clock Uncertainty:      0.035ns  ((TSJ^2 + TIJ^2)^1/2 + DJ) / 2 + PE
    Total System Jitter     (TSJ):    0.071ns
    Total Input Jitter      (TIJ):    0.000ns
    Discrete Jitter          (DJ):    0.000ns
    Phase Error              (PE):    0.000ns

    Location             Delay type                Incr(ns)  Path(ns)    Netlist Resource(s)
  -------------------------------------------------------------------    -------------------
                         (clock clk_ddr rise edge)    0.000     0.000 r  <hidden>
                                                      0.000     0.000 r  clk_ddr
                         net (fo=951, unset)          0.030     0.030    u_sched_a/clk_ddr
                         FDCE                                         r  u_sched_a/active_req_row_reg[9]/C
  -------------------------------------------------------------------    -------------------
                         FDCE (Prop_FDCE_C_Q)         0.077     0.107 r  u_sched_a/active_req_row_reg[9]/Q
                         net (fo=4, unplaced)         0.103     0.210    u_sched_a/active_req_row[9]
                         LUT4 (Prop_LUT4_I1_O)        0.090     0.300 f  u_sched_a/cmd_wdata[127]_i_6/O
                         net (fo=1, unplaced)         0.186     0.486    u_sched_a/cmd_wdata[127]_i_6_n_0
                         LUT6 (Prop_LUT6_I5_O)        0.038     0.524 f  u_sched_a/cmd_wdata[127]_i_2/O
                         net (fo=3, unplaced)         0.192     0.716    u_sched_a/cmd_wdata[127]_i_2_n_0
                         LUT5 (Prop_LUT5_I4_O)        0.038     0.754 r  u_sched_a/bank_state[0][0]_i_3/O
                         net (fo=10, unplaced)        0.219     0.973    u_sched_a/bank_state[0][0]_i_3_n_0
                         LUT6 (Prop_LUT6_I3_O)        0.038     1.011 r  u_sched_a/turnaround_timer[2]_i_1/O
                         net (fo=3, unplaced)         0.146     1.157    u_sched_a/turnaround_timer[2]_i_1_n_0
                         FDCE                                         r  u_sched_a/turnaround_timer_reg[2]/CE
  -------------------------------------------------------------------    -------------------

                         (clock clk_ddr rise edge)    2.500     2.500 r  <hidden>
                                                      0.000     2.500 r  clk_ddr
                         net (fo=951, unset)          0.021     2.521    u_sched_a/clk_ddr
                         FDCE                                         r  u_sched_a/turnaround_timer_reg[2]/C
                         clock pessimism              0.000     2.521    <hidden>
                         clock uncertainty           -0.035     2.486    <hidden>
                         FDCE (Setup_FDCE_C_CE)      -0.061     2.425    u_sched_a/turnaround_timer_reg[2]
  -------------------------------------------------------------------
                         required time                          2.425    <hidden>
                         arrival time                          -1.157    <hidden>
  -------------------------------------------------------------------
                         slack                                  1.268    <hidden>

Slack (MET) :             1.268ns  (required time - arrival time)
  Source:                 u_sched_b/active_req_row_reg[9]/C
                            (rising edge-triggered cell FDCE clocked by clk_ddr  {rise@0.000ns fall@1.250ns period=2.500ns})
  Destination:            u_sched_b/turnaround_timer_reg[0]/CE
                            (rising edge-triggered cell FDCE clocked by clk_ddr  {rise@0.000ns fall@1.250ns period=2.500ns})
  Path Group:             clk_ddr
  Path Type:              Setup (Max at Slow Process Corner)
  Requirement:            2.500ns  (clk_ddr rise@2.500ns - clk_ddr rise@0.000ns)
  Data Path Delay:        1.127ns  (logic 0.281ns (24.933%)  route 0.846ns (75.067%))
  Logic Levels:           4  (LUT4=1 LUT5=1 LUT6=2)
  Clock Path Skew:        -0.009ns (DCD - SCD + CPR)
    Destination Clock Delay (DCD):    0.021ns = ( 2.521 - 2.500 ) 
    Source Clock Delay      (SCD):    0.030ns
    Clock Pessimism Removal (CPR):    0.000ns
  Clock Uncertainty:      0.035ns  ((TSJ^2 + TIJ^2)^1/2 + DJ) / 2 + PE
    Total System Jitter     (TSJ):    0.071ns
    Total Input Jitter      (TIJ):    0.000ns
    Discrete Jitter          (DJ):    0.000ns
    Phase Error              (PE):    0.000ns

    Location             Delay type                Incr(ns)  Path(ns)    Netlist Resource(s)
  -------------------------------------------------------------------    -------------------
                         (clock clk_ddr rise edge)    0.000     0.000 r  <hidden>
                                                      0.000     0.000 r  clk_ddr
                         net (fo=951, unset)          0.030     0.030    u_sched_b/clk_ddr
                         FDCE                                         r  u_sched_b/active_req_row_reg[9]/C
  -------------------------------------------------------------------    -------------------
                         FDCE (Prop_FDCE_C_Q)         0.077     0.107 r  u_sched_b/active_req_row_reg[9]/Q
                         net (fo=4, unplaced)         0.103     0.210    u_sched_b/active_req_row[9]
                         LUT4 (Prop_LUT4_I1_O)        0.090     0.300 f  u_sched_b/cmd_wdata[127]_i_6__0/O
                         net (fo=1, unplaced)         0.186     0.486    u_sched_b/cmd_wdata[127]_i_6__0_n_0
                         LUT6 (Prop_LUT6_I5_O)        0.038     0.524 f  u_sched_b/cmd_wdata[127]_i_2__0/O
                         net (fo=3, unplaced)         0.192     0.716    u_sched_b/cmd_wdata[127]_i_2__0_n_0
                         LUT5 (Prop_LUT5_I4_O)        0.038     0.754 r  u_sched_b/bank_state[0][0]_i_3__0/O
                         net (fo=10, unplaced)        0.219     0.973    u_sched_b/bank_state[0][0]_i_3__0_n_0
                         LUT6 (Prop_LUT6_I3_O)        0.038     1.011 r  u_sched_b/turnaround_timer[2]_i_1__0/O
                         net (fo=3, unplaced)         0.146     1.157    u_sched_b/turnaround_timer[2]_i_1__0_n_0
                         FDCE                                         r  u_sched_b/turnaround_timer_reg[0]/CE
  -------------------------------------------------------------------    -------------------

                         (clock clk_ddr rise edge)    2.500     2.500 r  <hidden>
                                                      0.000     2.500 r  clk_ddr
                         net (fo=951, unset)          0.021     2.521    u_sched_b/clk_ddr
                         FDCE                                         r  u_sched_b/turnaround_timer_reg[0]/C
                         clock pessimism              0.000     2.521    <hidden>
                         clock uncertainty           -0.035     2.486    <hidden>
                         FDCE (Setup_FDCE_C_CE)      -0.061     2.425    u_sched_b/turnaround_timer_reg[0]
  -------------------------------------------------------------------
                         required time                          2.425    <hidden>
                         arrival time                          -1.157    <hidden>
  -------------------------------------------------------------------
                         slack                                  1.268    <hidden>

Slack (MET) :             1.268ns  (required time - arrival time)
  Source:                 u_sched_b/active_req_row_reg[9]/C
                            (rising edge-triggered cell FDCE clocked by clk_ddr  {rise@0.000ns fall@1.250ns period=2.500ns})
  Destination:            u_sched_b/turnaround_timer_reg[1]/CE
                            (rising edge-triggered cell FDCE clocked by clk_ddr  {rise@0.000ns fall@1.250ns period=2.500ns})
  Path Group:             clk_ddr
  Path Type:              Setup (Max at Slow Process Corner)
  Requirement:            2.500ns  (clk_ddr rise@2.500ns - clk_ddr rise@0.000ns)
  Data Path Delay:        1.127ns  (logic 0.281ns (24.933%)  route 0.846ns (75.067%))
  Logic Levels:           4  (LUT4=1 LUT5=1 LUT6=2)
  Clock Path Skew:        -0.009ns (DCD - SCD + CPR)
    Destination Clock Delay (DCD):    0.021ns = ( 2.521 - 2.500 ) 
    Source Clock Delay      (SCD):    0.030ns
    Clock Pessimism Removal (CPR):    0.000ns
  Clock Uncertainty:      0.035ns  ((TSJ^2 + TIJ^2)^1/2 + DJ) / 2 + PE
    Total System Jitter     (TSJ):    0.071ns
    Total Input Jitter      (TIJ):    0.000ns
    Discrete Jitter          (DJ):    0.000ns
    Phase Error              (PE):    0.000ns

    Location             Delay type                Incr(ns)  Path(ns)    Netlist Resource(s)
  -------------------------------------------------------------------    -------------------
                         (clock clk_ddr rise edge)    0.000     0.000 r  <hidden>
                                                      0.000     0.000 r  clk_ddr
                         net (fo=951, unset)          0.030     0.030    u_sched_b/clk_ddr
                         FDCE                                         r  u_sched_b/active_req_row_reg[9]/C
  -------------------------------------------------------------------    -------------------
                         FDCE (Prop_FDCE_C_Q)         0.077     0.107 r  u_sched_b/active_req_row_reg[9]/Q
                         net (fo=4, unplaced)         0.103     0.210    u_sched_b/active_req_row[9]
                         LUT4 (Prop_LUT4_I1_O)        0.090     0.300 f  u_sched_b/cmd_wdata[127]_i_6__0/O
                         net (fo=1, unplaced)         0.186     0.486    u_sched_b/cmd_wdata[127]_i_6__0_n_0
                         LUT6 (Prop_LUT6_I5_O)        0.038     0.524 f  u_sched_b/cmd_wdata[127]_i_2__0/O
                         net (fo=3, unplaced)         0.192     0.716    u_sched_b/cmd_wdata[127]_i_2__0_n_0
                         LUT5 (Prop_LUT5_I4_O)        0.038     0.754 r  u_sched_b/bank_state[0][0]_i_3__0/O
                         net (fo=10, unplaced)        0.219     0.973    u_sched_b/bank_state[0][0]_i_3__0_n_0
                         LUT6 (Prop_LUT6_I3_O)        0.038     1.011 r  u_sched_b/turnaround_timer[2]_i_1__0/O
                         net (fo=3, unplaced)         0.146     1.157    u_sched_b/turnaround_timer[2]_i_1__0_n_0
                         FDCE                                         r  u_sched_b/turnaround_timer_reg[1]/CE
  -------------------------------------------------------------------    -------------------

                         (clock clk_ddr rise edge)    2.500     2.500 r  <hidden>
                                                      0.000     2.500 r  clk_ddr
                         net (fo=951, unset)          0.021     2.521    u_sched_b/clk_ddr
                         FDCE                                         r  u_sched_b/turnaround_timer_reg[1]/C
                         clock pessimism              0.000     2.521    <hidden>
                         clock uncertainty           -0.035     2.486    <hidden>
                         FDCE (Setup_FDCE_C_CE)      -0.061     2.425    u_sched_b/turnaround_timer_reg[1]
  -------------------------------------------------------------------
                         required time                          2.425    <hidden>
                         arrival time                          -1.157    <hidden>
  -------------------------------------------------------------------
                         slack                                  1.268    <hidden>

Slack (MET) :             1.268ns  (required time - arrival time)
  Source:                 u_sched_b/active_req_row_reg[9]/C
                            (rising edge-triggered cell FDCE clocked by clk_ddr  {rise@0.000ns fall@1.250ns period=2.500ns})
  Destination:            u_sched_b/turnaround_timer_reg[2]/CE
                            (rising edge-triggered cell FDCE clocked by clk_ddr  {rise@0.000ns fall@1.250ns period=2.500ns})
  Path Group:             clk_ddr
  Path Type:              Setup (Max at Slow Process Corner)
  Requirement:            2.500ns  (clk_ddr rise@2.500ns - clk_ddr rise@0.000ns)
  Data Path Delay:        1.127ns  (logic 0.281ns (24.933%)  route 0.846ns (75.067%))
  Logic Levels:           4  (LUT4=1 LUT5=1 LUT6=2)
  Clock Path Skew:        -0.009ns (DCD - SCD + CPR)
    Destination Clock Delay (DCD):    0.021ns = ( 2.521 - 2.500 ) 
    Source Clock Delay      (SCD):    0.030ns
    Clock Pessimism Removal (CPR):    0.000ns
  Clock Uncertainty:      0.035ns  ((TSJ^2 + TIJ^2)^1/2 + DJ) / 2 + PE
    Total System Jitter     (TSJ):    0.071ns
    Total Input Jitter      (TIJ):    0.000ns
    Discrete Jitter          (DJ):    0.000ns
    Phase Error              (PE):    0.000ns

    Location             Delay type                Incr(ns)  Path(ns)    Netlist Resource(s)
  -------------------------------------------------------------------    -------------------
                         (clock clk_ddr rise edge)    0.000     0.000 r  <hidden>
                                                      0.000     0.000 r  clk_ddr
                         net (fo=951, unset)          0.030     0.030    u_sched_b/clk_ddr
                         FDCE                                         r  u_sched_b/active_req_row_reg[9]/C
  -------------------------------------------------------------------    -------------------
                         FDCE (Prop_FDCE_C_Q)         0.077     0.107 r  u_sched_b/active_req_row_reg[9]/Q
                         net (fo=4, unplaced)         0.103     0.210    u_sched_b/active_req_row[9]
                         LUT4 (Prop_LUT4_I1_O)        0.090     0.300 f  u_sched_b/cmd_wdata[127]_i_6__0/O
                         net (fo=1, unplaced)         0.186     0.486    u_sched_b/cmd_wdata[127]_i_6__0_n_0
                         LUT6 (Prop_LUT6_I5_O)        0.038     0.524 f  u_sched_b/cmd_wdata[127]_i_2__0/O
                         net (fo=3, unplaced)         0.192     0.716    u_sched_b/cmd_wdata[127]_i_2__0_n_0
                         LUT5 (Prop_LUT5_I4_O)        0.038     0.754 r  u_sched_b/bank_state[0][0]_i_3__0/O
                         net (fo=10, unplaced)        0.219     0.973    u_sched_b/bank_state[0][0]_i_3__0_n_0
                         LUT6 (Prop_LUT6_I3_O)        0.038     1.011 r  u_sched_b/turnaround_timer[2]_i_1__0/O
                         net (fo=3, unplaced)         0.146     1.157    u_sched_b/turnaround_timer[2]_i_1__0_n_0
                         FDCE                                         r  u_sched_b/turnaround_timer_reg[2]/CE
  -------------------------------------------------------------------    -------------------

                         (clock clk_ddr rise edge)    2.500     2.500 r  <hidden>
                                                      0.000     2.500 r  clk_ddr
                         net (fo=951, unset)          0.021     2.521    u_sched_b/clk_ddr
                         FDCE                                         r  u_sched_b/turnaround_timer_reg[2]/C
                         clock pessimism              0.000     2.521    <hidden>
                         clock uncertainty           -0.035     2.486    <hidden>
                         FDCE (Setup_FDCE_C_CE)      -0.061     2.425    u_sched_b/turnaround_timer_reg[2]
  -------------------------------------------------------------------
                         required time                          2.425    <hidden>
                         arrival time                          -1.157    <hidden>
  -------------------------------------------------------------------
                         slack                                  1.268    <hidden>

Slack (MET) :             1.392ns  (required time - arrival time)
  Source:                 u_sched_a/active_req_row_reg[4]/C
                            (rising edge-triggered cell FDCE clocked by clk_ddr  {rise@0.000ns fall@1.250ns period=2.500ns})
  Destination:            u_sched_a/cmd_addr_reg[0]/D
                            (rising edge-triggered cell FDCE clocked by clk_ddr  {rise@0.000ns fall@1.250ns period=2.500ns})
  Path Group:             clk_ddr
  Path Type:              Setup (Max at Slow Process Corner)
  Requirement:            2.500ns  (clk_ddr rise@2.500ns - clk_ddr rise@0.000ns)
  Data Path Delay:        1.089ns  (logic 0.281ns (25.803%)  route 0.808ns (74.197%))
  Logic Levels:           4  (LUT4=2 LUT6=2)
  Clock Path Skew:        -0.009ns (DCD - SCD + CPR)
    Destination Clock Delay (DCD):    0.021ns = ( 2.521 - 2.500 ) 
    Source Clock Delay      (SCD):    0.030ns
    Clock Pessimism Removal (CPR):    0.000ns
  Clock Uncertainty:      0.035ns  ((TSJ^2 + TIJ^2)^1/2 + DJ) / 2 + PE
    Total System Jitter     (TSJ):    0.071ns
    Total Input Jitter      (TIJ):    0.000ns
    Discrete Jitter          (DJ):    0.000ns
    Phase Error              (PE):    0.000ns

    Location             Delay type                Incr(ns)  Path(ns)    Netlist Resource(s)
  -------------------------------------------------------------------    -------------------
                         (clock clk_ddr rise edge)    0.000     0.000 r  <hidden>
                                                      0.000     0.000 r  clk_ddr
                         net (fo=951, unset)          0.030     0.030    u_sched_a/clk_ddr
                         FDCE                                         r  u_sched_a/active_req_row_reg[4]/C
  -------------------------------------------------------------------    -------------------
                         FDCE (Prop_FDCE_C_Q)         0.077     0.107 r  u_sched_a/active_req_row_reg[4]/Q
                         net (fo=4, unplaced)         0.103     0.210    u_sched_a/active_req_row[4]
                         LUT4 (Prop_LUT4_I1_O)        0.090     0.300 f  u_sched_a/cmd_wdata[127]_i_8/O
                         net (fo=1, unplaced)         0.186     0.486    u_sched_a/cmd_wdata[127]_i_8_n_0
                         LUT6 (Prop_LUT6_I5_O)        0.038     0.524 r  u_sched_a/cmd_wdata[127]_i_4/O
                         net (fo=3, unplaced)         0.192     0.716    u_sched_a/cmd_wdata[127]_i_4_n_0
                         LUT6 (Prop_LUT6_I5_O)        0.038     0.754 f  u_sched_a/cmd_addr[9]_i_2/O
                         net (fo=137, unplaced)       0.279     1.033    u_sched_a/cmd_addr[9]_i_2_n_0
                         LUT4 (Prop_LUT4_I2_O)        0.038     1.071 r  u_sched_a/cmd_addr[0]_i_1/O
                         net (fo=1, unplaced)         0.048     1.119    u_sched_a/cmd_addr[0]_i_1_n_0
                         FDCE                                         r  u_sched_a/cmd_addr_reg[0]/D
  -------------------------------------------------------------------    -------------------

                         (clock clk_ddr rise edge)    2.500     2.500 r  <hidden>
                                                      0.000     2.500 r  clk_ddr
                         net (fo=951, unset)          0.021     2.521    u_sched_a/clk_ddr
                         FDCE                                         r  u_sched_a/cmd_addr_reg[0]/C
                         clock pessimism              0.000     2.521    <hidden>
                         clock uncertainty           -0.035     2.486    <hidden>
                         FDCE (Setup_FDCE_C_D)        0.025     2.511    u_sched_a/cmd_addr_reg[0]
  -------------------------------------------------------------------
                         required time                          2.511    <hidden>
                         arrival time                          -1.119    <hidden>
  -------------------------------------------------------------------
                         slack                                  1.392    <hidden>

Slack (MET) :             1.392ns  (required time - arrival time)
  Source:                 u_sched_a/active_req_row_reg[4]/C
                            (rising edge-triggered cell FDCE clocked by clk_ddr  {rise@0.000ns fall@1.250ns period=2.500ns})
  Destination:            u_sched_a/cmd_addr_reg[1]/D
                            (rising edge-triggered cell FDCE clocked by clk_ddr  {rise@0.000ns fall@1.250ns period=2.500ns})
  Path Group:             clk_ddr
  Path Type:              Setup (Max at Slow Process Corner)
  Requirement:            2.500ns  (clk_ddr rise@2.500ns - clk_ddr rise@0.000ns)
  Data Path Delay:        1.089ns  (logic 0.281ns (25.803%)  route 0.808ns (74.197%))
  Logic Levels:           4  (LUT4=2 LUT6=2)
  Clock Path Skew:        -0.009ns (DCD - SCD + CPR)
    Destination Clock Delay (DCD):    0.021ns = ( 2.521 - 2.500 ) 
    Source Clock Delay      (SCD):    0.030ns
    Clock Pessimism Removal (CPR):    0.000ns
  Clock Uncertainty:      0.035ns  ((TSJ^2 + TIJ^2)^1/2 + DJ) / 2 + PE
    Total System Jitter     (TSJ):    0.071ns
    Total Input Jitter      (TIJ):    0.000ns
    Discrete Jitter          (DJ):    0.000ns
    Phase Error              (PE):    0.000ns

    Location             Delay type                Incr(ns)  Path(ns)    Netlist Resource(s)
  -------------------------------------------------------------------    -------------------
                         (clock clk_ddr rise edge)    0.000     0.000 r  <hidden>
                                                      0.000     0.000 r  clk_ddr
                         net (fo=951, unset)          0.030     0.030    u_sched_a/clk_ddr
                         FDCE                                         r  u_sched_a/active_req_row_reg[4]/C
  -------------------------------------------------------------------    -------------------
                         FDCE (Prop_FDCE_C_Q)         0.077     0.107 r  u_sched_a/active_req_row_reg[4]/Q
                         net (fo=4, unplaced)         0.103     0.210    u_sched_a/active_req_row[4]
                         LUT4 (Prop_LUT4_I1_O)        0.090     0.300 f  u_sched_a/cmd_wdata[127]_i_8/O
                         net (fo=1, unplaced)         0.186     0.486    u_sched_a/cmd_wdata[127]_i_8_n_0
                         LUT6 (Prop_LUT6_I5_O)        0.038     0.524 r  u_sched_a/cmd_wdata[127]_i_4/O
                         net (fo=3, unplaced)         0.192     0.716    u_sched_a/cmd_wdata[127]_i_4_n_0
                         LUT6 (Prop_LUT6_I5_O)        0.038     0.754 f  u_sched_a/cmd_addr[9]_i_2/O
                         net (fo=137, unplaced)       0.279     1.033    u_sched_a/cmd_addr[9]_i_2_n_0
                         LUT4 (Prop_LUT4_I2_O)        0.038     1.071 r  u_sched_a/cmd_addr[1]_i_1/O
                         net (fo=1, unplaced)         0.048     1.119    u_sched_a/cmd_addr[1]_i_1_n_0
                         FDCE                                         r  u_sched_a/cmd_addr_reg[1]/D
  -------------------------------------------------------------------    -------------------

                         (clock clk_ddr rise edge)    2.500     2.500 r  <hidden>
                                                      0.000     2.500 r  clk_ddr
                         net (fo=951, unset)          0.021     2.521    u_sched_a/clk_ddr
                         FDCE                                         r  u_sched_a/cmd_addr_reg[1]/C
                         clock pessimism              0.000     2.521    <hidden>
                         clock uncertainty           -0.035     2.486    <hidden>
                         FDCE (Setup_FDCE_C_D)        0.025     2.511    u_sched_a/cmd_addr_reg[1]
  -------------------------------------------------------------------
                         required time                          2.511    <hidden>
                         arrival time                          -1.119    <hidden>
  -------------------------------------------------------------------
                         slack                                  1.392    <hidden>

Slack (MET) :             1.392ns  (required time - arrival time)
  Source:                 u_sched_a/active_req_row_reg[4]/C
                            (rising edge-triggered cell FDCE clocked by clk_ddr  {rise@0.000ns fall@1.250ns period=2.500ns})
  Destination:            u_sched_a/cmd_addr_reg[2]/D
                            (rising edge-triggered cell FDCE clocked by clk_ddr  {rise@0.000ns fall@1.250ns period=2.500ns})
  Path Group:             clk_ddr
  Path Type:              Setup (Max at Slow Process Corner)
  Requirement:            2.500ns  (clk_ddr rise@2.500ns - clk_ddr rise@0.000ns)
  Data Path Delay:        1.089ns  (logic 0.281ns (25.803%)  route 0.808ns (74.197%))
  Logic Levels:           4  (LUT4=2 LUT6=2)
  Clock Path Skew:        -0.009ns (DCD - SCD + CPR)
    Destination Clock Delay (DCD):    0.021ns = ( 2.521 - 2.500 ) 
    Source Clock Delay      (SCD):    0.030ns
    Clock Pessimism Removal (CPR):    0.000ns
  Clock Uncertainty:      0.035ns  ((TSJ^2 + TIJ^2)^1/2 + DJ) / 2 + PE
    Total System Jitter     (TSJ):    0.071ns
    Total Input Jitter      (TIJ):    0.000ns
    Discrete Jitter          (DJ):    0.000ns
    Phase Error              (PE):    0.000ns

    Location             Delay type                Incr(ns)  Path(ns)    Netlist Resource(s)
  -------------------------------------------------------------------    -------------------
                         (clock clk_ddr rise edge)    0.000     0.000 r  <hidden>
                                                      0.000     0.000 r  clk_ddr
                         net (fo=951, unset)          0.030     0.030    u_sched_a/clk_ddr
                         FDCE                                         r  u_sched_a/active_req_row_reg[4]/C
  -------------------------------------------------------------------    -------------------
                         FDCE (Prop_FDCE_C_Q)         0.077     0.107 r  u_sched_a/active_req_row_reg[4]/Q
                         net (fo=4, unplaced)         0.103     0.210    u_sched_a/active_req_row[4]
                         LUT4 (Prop_LUT4_I1_O)        0.090     0.300 f  u_sched_a/cmd_wdata[127]_i_8/O
                         net (fo=1, unplaced)         0.186     0.486    u_sched_a/cmd_wdata[127]_i_8_n_0
                         LUT6 (Prop_LUT6_I5_O)        0.038     0.524 r  u_sched_a/cmd_wdata[127]_i_4/O
                         net (fo=3, unplaced)         0.192     0.716    u_sched_a/cmd_wdata[127]_i_4_n_0
                         LUT6 (Prop_LUT6_I5_O)        0.038     0.754 f  u_sched_a/cmd_addr[9]_i_2/O
                         net (fo=137, unplaced)       0.279     1.033    u_sched_a/cmd_addr[9]_i_2_n_0
                         LUT4 (Prop_LUT4_I2_O)        0.038     1.071 r  u_sched_a/cmd_addr[2]_i_1/O
                         net (fo=1, unplaced)         0.048     1.119    u_sched_a/cmd_addr[2]_i_1_n_0
                         FDCE                                         r  u_sched_a/cmd_addr_reg[2]/D
  -------------------------------------------------------------------    -------------------

                         (clock clk_ddr rise edge)    2.500     2.500 r  <hidden>
                                                      0.000     2.500 r  clk_ddr
                         net (fo=951, unset)          0.021     2.521    u_sched_a/clk_ddr
                         FDCE                                         r  u_sched_a/cmd_addr_reg[2]/C
                         clock pessimism              0.000     2.521    <hidden>
                         clock uncertainty           -0.035     2.486    <hidden>
                         FDCE (Setup_FDCE_C_D)        0.025     2.511    u_sched_a/cmd_addr_reg[2]
  -------------------------------------------------------------------
                         required time                          2.511    <hidden>
                         arrival time                          -1.119    <hidden>
  -------------------------------------------------------------------
                         slack                                  1.392    <hidden>

Slack (MET) :             1.392ns  (required time - arrival time)
  Source:                 u_sched_a/active_req_row_reg[4]/C
                            (rising edge-triggered cell FDCE clocked by clk_ddr  {rise@0.000ns fall@1.250ns period=2.500ns})
  Destination:            u_sched_a/cmd_addr_reg[3]/D
                            (rising edge-triggered cell FDCE clocked by clk_ddr  {rise@0.000ns fall@1.250ns period=2.500ns})
  Path Group:             clk_ddr
  Path Type:              Setup (Max at Slow Process Corner)
  Requirement:            2.500ns  (clk_ddr rise@2.500ns - clk_ddr rise@0.000ns)
  Data Path Delay:        1.089ns  (logic 0.281ns (25.803%)  route 0.808ns (74.197%))
  Logic Levels:           4  (LUT4=2 LUT6=2)
  Clock Path Skew:        -0.009ns (DCD - SCD + CPR)
    Destination Clock Delay (DCD):    0.021ns = ( 2.521 - 2.500 ) 
    Source Clock Delay      (SCD):    0.030ns
    Clock Pessimism Removal (CPR):    0.000ns
  Clock Uncertainty:      0.035ns  ((TSJ^2 + TIJ^2)^1/2 + DJ) / 2 + PE
    Total System Jitter     (TSJ):    0.071ns
    Total Input Jitter      (TIJ):    0.000ns
    Discrete Jitter          (DJ):    0.000ns
    Phase Error              (PE):    0.000ns

    Location             Delay type                Incr(ns)  Path(ns)    Netlist Resource(s)
  -------------------------------------------------------------------    -------------------
                         (clock clk_ddr rise edge)    0.000     0.000 r  <hidden>
                                                      0.000     0.000 r  clk_ddr
                         net (fo=951, unset)          0.030     0.030    u_sched_a/clk_ddr
                         FDCE                                         r  u_sched_a/active_req_row_reg[4]/C
  -------------------------------------------------------------------    -------------------
                         FDCE (Prop_FDCE_C_Q)         0.077     0.107 r  u_sched_a/active_req_row_reg[4]/Q
                         net (fo=4, unplaced)         0.103     0.210    u_sched_a/active_req_row[4]
                         LUT4 (Prop_LUT4_I1_O)        0.090     0.300 f  u_sched_a/cmd_wdata[127]_i_8/O
                         net (fo=1, unplaced)         0.186     0.486    u_sched_a/cmd_wdata[127]_i_8_n_0
                         LUT6 (Prop_LUT6_I5_O)        0.038     0.524 r  u_sched_a/cmd_wdata[127]_i_4/O
                         net (fo=3, unplaced)         0.192     0.716    u_sched_a/cmd_wdata[127]_i_4_n_0
                         LUT6 (Prop_LUT6_I5_O)        0.038     0.754 f  u_sched_a/cmd_addr[9]_i_2/O
                         net (fo=137, unplaced)       0.279     1.033    u_sched_a/cmd_addr[9]_i_2_n_0
                         LUT4 (Prop_LUT4_I2_O)        0.038     1.071 r  u_sched_a/cmd_addr[3]_i_1/O
                         net (fo=1, unplaced)         0.048     1.119    u_sched_a/cmd_addr[3]_i_1_n_0
                         FDCE                                         r  u_sched_a/cmd_addr_reg[3]/D
  -------------------------------------------------------------------    -------------------

                         (clock clk_ddr rise edge)    2.500     2.500 r  <hidden>
                                                      0.000     2.500 r  clk_ddr
                         net (fo=951, unset)          0.021     2.521    u_sched_a/clk_ddr
                         FDCE                                         r  u_sched_a/cmd_addr_reg[3]/C
                         clock pessimism              0.000     2.521    <hidden>
                         clock uncertainty           -0.035     2.486    <hidden>
                         FDCE (Setup_FDCE_C_D)        0.025     2.511    u_sched_a/cmd_addr_reg[3]
  -------------------------------------------------------------------
                         required time                          2.511    <hidden>
                         arrival time                          -1.119    <hidden>
  -------------------------------------------------------------------
                         slack                                  1.392    <hidden>





Min Delay Paths
--------------------------------------------------------------------------------------
Slack (MET) :             0.073ns  (arrival time - required time)
  Source:                 u_sched_a/active_req_col_reg[0]/C
                            (rising edge-triggered cell FDCE clocked by clk_ddr  {rise@0.000ns fall@1.250ns period=2.500ns})
  Destination:            u_sched_a/cmd_addr_reg[0]/D
                            (rising edge-triggered cell FDCE clocked by clk_ddr  {rise@0.000ns fall@1.250ns period=2.500ns})
  Path Group:             clk_ddr
  Path Type:              Hold (Min at Fast Process Corner)
  Requirement:            0.000ns  (clk_ddr rise@0.000ns - clk_ddr rise@0.000ns)
  Data Path Delay:        0.125ns  (logic 0.061ns (48.800%)  route 0.064ns (51.200%))
  Logic Levels:           1  (LUT4=1)
  Clock Path Skew:        0.006ns (DCD - SCD - CPR)
    Destination Clock Delay (DCD):    0.019ns
    Source Clock Delay      (SCD):    0.013ns
    Clock Pessimism Removal (CPR):    -0.000ns

    Location             Delay type                Incr(ns)  Path(ns)    Netlist Resource(s)
  -------------------------------------------------------------------    -------------------
                         (clock clk_ddr rise edge)    0.000     0.000 r  <hidden>
                                                      0.000     0.000 r  clk_ddr
                         net (fo=951, unset)          0.013     0.013    u_sched_a/clk_ddr
                         FDCE                                         r  u_sched_a/active_req_col_reg[0]/C
  -------------------------------------------------------------------    -------------------
                         FDCE (Prop_FDCE_C_Q)         0.038     0.051 r  u_sched_a/active_req_col_reg[0]/Q
                         net (fo=2, unplaced)         0.048     0.099    u_sched_a/active_req_col[0]
                         LUT4 (Prop_LUT4_I3_O)        0.023     0.122 r  u_sched_a/cmd_addr[0]_i_1/O
                         net (fo=1, unplaced)         0.016     0.138    u_sched_a/cmd_addr[0]_i_1_n_0
                         FDCE                                         r  u_sched_a/cmd_addr_reg[0]/D
  -------------------------------------------------------------------    -------------------

                         (clock clk_ddr rise edge)    0.000     0.000 r  <hidden>
                                                      0.000     0.000 r  clk_ddr
                         net (fo=951, unset)          0.019     0.019    u_sched_a/clk_ddr
                         FDCE                                         r  u_sched_a/cmd_addr_reg[0]/C
                         clock pessimism              0.000     0.019    <hidden>
                         FDCE (Hold_FDCE_C_D)         0.046     0.065    u_sched_a/cmd_addr_reg[0]
  -------------------------------------------------------------------
                         required time                         -0.065    <hidden>
                         arrival time                           0.138    <hidden>
  -------------------------------------------------------------------
                         slack                                  0.073    <hidden>

Slack (MET) :             0.073ns  (arrival time - required time)
  Source:                 u_sched_a/active_req_col_reg[1]/C
                            (rising edge-triggered cell FDCE clocked by clk_ddr  {rise@0.000ns fall@1.250ns period=2.500ns})
  Destination:            u_sched_a/cmd_addr_reg[1]/D
                            (rising edge-triggered cell FDCE clocked by clk_ddr  {rise@0.000ns fall@1.250ns period=2.500ns})
  Path Group:             clk_ddr
  Path Type:              Hold (Min at Fast Process Corner)
  Requirement:            0.000ns  (clk_ddr rise@0.000ns - clk_ddr rise@0.000ns)
  Data Path Delay:        0.125ns  (logic 0.061ns (48.800%)  route 0.064ns (51.200%))
  Logic Levels:           1  (LUT4=1)
  Clock Path Skew:        0.006ns (DCD - SCD - CPR)
    Destination Clock Delay (DCD):    0.019ns
    Source Clock Delay      (SCD):    0.013ns
    Clock Pessimism Removal (CPR):    -0.000ns

    Location             Delay type                Incr(ns)  Path(ns)    Netlist Resource(s)
  -------------------------------------------------------------------    -------------------
                         (clock clk_ddr rise edge)    0.000     0.000 r  <hidden>
                                                      0.000     0.000 r  clk_ddr
                         net (fo=951, unset)          0.013     0.013    u_sched_a/clk_ddr
                         FDCE                                         r  u_sched_a/active_req_col_reg[1]/C
  -------------------------------------------------------------------    -------------------
                         FDCE (Prop_FDCE_C_Q)         0.038     0.051 r  u_sched_a/active_req_col_reg[1]/Q
                         net (fo=2, unplaced)         0.048     0.099    u_sched_a/active_req_col[1]
                         LUT4 (Prop_LUT4_I3_O)        0.023     0.122 r  u_sched_a/cmd_addr[1]_i_1/O
                         net (fo=1, unplaced)         0.016     0.138    u_sched_a/cmd_addr[1]_i_1_n_0
                         FDCE                                         r  u_sched_a/cmd_addr_reg[1]/D
  -------------------------------------------------------------------    -------------------

                         (clock clk_ddr rise edge)    0.000     0.000 r  <hidden>
                                                      0.000     0.000 r  clk_ddr
                         net (fo=951, unset)          0.019     0.019    u_sched_a/clk_ddr
                         FDCE                                         r  u_sched_a/cmd_addr_reg[1]/C
                         clock pessimism              0.000     0.019    <hidden>
                         FDCE (Hold_FDCE_C_D)         0.046     0.065    u_sched_a/cmd_addr_reg[1]
  -------------------------------------------------------------------
                         required time                         -0.065    <hidden>
                         arrival time                           0.138    <hidden>
  -------------------------------------------------------------------
                         slack                                  0.073    <hidden>

Slack (MET) :             0.073ns  (arrival time - required time)
  Source:                 u_sched_a/active_req_col_reg[2]/C
                            (rising edge-triggered cell FDCE clocked by clk_ddr  {rise@0.000ns fall@1.250ns period=2.500ns})
  Destination:            u_sched_a/cmd_addr_reg[2]/D
                            (rising edge-triggered cell FDCE clocked by clk_ddr  {rise@0.000ns fall@1.250ns period=2.500ns})
  Path Group:             clk_ddr
  Path Type:              Hold (Min at Fast Process Corner)
  Requirement:            0.000ns  (clk_ddr rise@0.000ns - clk_ddr rise@0.000ns)
  Data Path Delay:        0.125ns  (logic 0.061ns (48.800%)  route 0.064ns (51.200%))
  Logic Levels:           1  (LUT4=1)
  Clock Path Skew:        0.006ns (DCD - SCD - CPR)
    Destination Clock Delay (DCD):    0.019ns
    Source Clock Delay      (SCD):    0.013ns
    Clock Pessimism Removal (CPR):    -0.000ns

    Location             Delay type                Incr(ns)  Path(ns)    Netlist Resource(s)
  -------------------------------------------------------------------    -------------------
                         (clock clk_ddr rise edge)    0.000     0.000 r  <hidden>
                                                      0.000     0.000 r  clk_ddr
                         net (fo=951, unset)          0.013     0.013    u_sched_a/clk_ddr
                         FDCE                                         r  u_sched_a/active_req_col_reg[2]/C
  -------------------------------------------------------------------    -------------------
                         FDCE (Prop_FDCE_C_Q)         0.038     0.051 r  u_sched_a/active_req_col_reg[2]/Q
                         net (fo=2, unplaced)         0.048     0.099    u_sched_a/active_req_col[2]
                         LUT4 (Prop_LUT4_I3_O)        0.023     0.122 r  u_sched_a/cmd_addr[2]_i_1/O
                         net (fo=1, unplaced)         0.016     0.138    u_sched_a/cmd_addr[2]_i_1_n_0
                         FDCE                                         r  u_sched_a/cmd_addr_reg[2]/D
  -------------------------------------------------------------------    -------------------

                         (clock clk_ddr rise edge)    0.000     0.000 r  <hidden>
                                                      0.000     0.000 r  clk_ddr
                         net (fo=951, unset)          0.019     0.019    u_sched_a/clk_ddr
                         FDCE                                         r  u_sched_a/cmd_addr_reg[2]/C
                         clock pessimism              0.000     0.019    <hidden>
                         FDCE (Hold_FDCE_C_D)         0.046     0.065    u_sched_a/cmd_addr_reg[2]
  -------------------------------------------------------------------
                         required time                         -0.065    <hidden>
                         arrival time                           0.138    <hidden>
  -------------------------------------------------------------------
                         slack                                  0.073    <hidden>

Slack (MET) :             0.073ns  (arrival time - required time)
  Source:                 u_sched_a/active_req_col_reg[3]/C
                            (rising edge-triggered cell FDCE clocked by clk_ddr  {rise@0.000ns fall@1.250ns period=2.500ns})
  Destination:            u_sched_a/cmd_addr_reg[3]/D
                            (rising edge-triggered cell FDCE clocked by clk_ddr  {rise@0.000ns fall@1.250ns period=2.500ns})
  Path Group:             clk_ddr
  Path Type:              Hold (Min at Fast Process Corner)
  Requirement:            0.000ns  (clk_ddr rise@0.000ns - clk_ddr rise@0.000ns)
  Data Path Delay:        0.125ns  (logic 0.061ns (48.800%)  route 0.064ns (51.200%))
  Logic Levels:           1  (LUT4=1)
  Clock Path Skew:        0.006ns (DCD - SCD - CPR)
    Destination Clock Delay (DCD):    0.019ns
    Source Clock Delay      (SCD):    0.013ns
    Clock Pessimism Removal (CPR):    -0.000ns

    Location             Delay type                Incr(ns)  Path(ns)    Netlist Resource(s)
  -------------------------------------------------------------------    -------------------
                         (clock clk_ddr rise edge)    0.000     0.000 r  <hidden>
                                                      0.000     0.000 r  clk_ddr
                         net (fo=951, unset)          0.013     0.013    u_sched_a/clk_ddr
                         FDCE                                         r  u_sched_a/active_req_col_reg[3]/C
  -------------------------------------------------------------------    -------------------
                         FDCE (Prop_FDCE_C_Q)         0.038     0.051 r  u_sched_a/active_req_col_reg[3]/Q
                         net (fo=2, unplaced)         0.048     0.099    u_sched_a/active_req_col[3]
                         LUT4 (Prop_LUT4_I3_O)        0.023     0.122 r  u_sched_a/cmd_addr[3]_i_1/O
                         net (fo=1, unplaced)         0.016     0.138    u_sched_a/cmd_addr[3]_i_1_n_0
                         FDCE                                         r  u_sched_a/cmd_addr_reg[3]/D
  -------------------------------------------------------------------    -------------------

                         (clock clk_ddr rise edge)    0.000     0.000 r  <hidden>
                                                      0.000     0.000 r  clk_ddr
                         net (fo=951, unset)          0.019     0.019    u_sched_a/clk_ddr
                         FDCE                                         r  u_sched_a/cmd_addr_reg[3]/C
                         clock pessimism              0.000     0.019    <hidden>
                         FDCE (Hold_FDCE_C_D)         0.046     0.065    u_sched_a/cmd_addr_reg[3]
  -------------------------------------------------------------------
                         required time                         -0.065    <hidden>
                         arrival time                           0.138    <hidden>
  -------------------------------------------------------------------
                         slack                                  0.073    <hidden>

Slack (MET) :             0.073ns  (arrival time - required time)
  Source:                 u_sched_a/active_req_col_reg[4]/C
                            (rising edge-triggered cell FDCE clocked by clk_ddr  {rise@0.000ns fall@1.250ns period=2.500ns})
  Destination:            u_sched_a/cmd_addr_reg[4]/D
                            (rising edge-triggered cell FDCE clocked by clk_ddr  {rise@0.000ns fall@1.250ns period=2.500ns})
  Path Group:             clk_ddr
  Path Type:              Hold (Min at Fast Process Corner)
  Requirement:            0.000ns  (clk_ddr rise@0.000ns - clk_ddr rise@0.000ns)
  Data Path Delay:        0.125ns  (logic 0.061ns (48.800%)  route 0.064ns (51.200%))
  Logic Levels:           1  (LUT4=1)
  Clock Path Skew:        0.006ns (DCD - SCD - CPR)
    Destination Clock Delay (DCD):    0.019ns
    Source Clock Delay      (SCD):    0.013ns
    Clock Pessimism Removal (CPR):    -0.000ns

    Location             Delay type                Incr(ns)  Path(ns)    Netlist Resource(s)
  -------------------------------------------------------------------    -------------------
                         (clock clk_ddr rise edge)    0.000     0.000 r  <hidden>
                                                      0.000     0.000 r  clk_ddr
                         net (fo=951, unset)          0.013     0.013    u_sched_a/clk_ddr
                         FDCE                                         r  u_sched_a/active_req_col_reg[4]/C
  -------------------------------------------------------------------    -------------------
                         FDCE (Prop_FDCE_C_Q)         0.038     0.051 r  u_sched_a/active_req_col_reg[4]/Q
                         net (fo=2, unplaced)         0.048     0.099    u_sched_a/active_req_col[4]
                         LUT4 (Prop_LUT4_I3_O)        0.023     0.122 r  u_sched_a/cmd_addr[4]_i_1/O
                         net (fo=1, unplaced)         0.016     0.138    u_sched_a/cmd_addr[4]_i_1_n_0
                         FDCE                                         r  u_sched_a/cmd_addr_reg[4]/D
  -------------------------------------------------------------------    -------------------

                         (clock clk_ddr rise edge)    0.000     0.000 r  <hidden>
                                                      0.000     0.000 r  clk_ddr
                         net (fo=951, unset)          0.019     0.019    u_sched_a/clk_ddr
                         FDCE                                         r  u_sched_a/cmd_addr_reg[4]/C
                         clock pessimism              0.000     0.019    <hidden>
                         FDCE (Hold_FDCE_C_D)         0.046     0.065    u_sched_a/cmd_addr_reg[4]
  -------------------------------------------------------------------
                         required time                         -0.065    <hidden>
                         arrival time                           0.138    <hidden>
  -------------------------------------------------------------------
                         slack                                  0.073    <hidden>

Slack (MET) :             0.073ns  (arrival time - required time)
  Source:                 u_sched_a/active_req_col_reg[5]/C
                            (rising edge-triggered cell FDCE clocked by clk_ddr  {rise@0.000ns fall@1.250ns period=2.500ns})
  Destination:            u_sched_a/cmd_addr_reg[5]/D
                            (rising edge-triggered cell FDCE clocked by clk_ddr  {rise@0.000ns fall@1.250ns period=2.500ns})
  Path Group:             clk_ddr
  Path Type:              Hold (Min at Fast Process Corner)
  Requirement:            0.000ns  (clk_ddr rise@0.000ns - clk_ddr rise@0.000ns)
  Data Path Delay:        0.125ns  (logic 0.061ns (48.800%)  route 0.064ns (51.200%))
  Logic Levels:           1  (LUT4=1)
  Clock Path Skew:        0.006ns (DCD - SCD - CPR)
    Destination Clock Delay (DCD):    0.019ns
    Source Clock Delay      (SCD):    0.013ns
    Clock Pessimism Removal (CPR):    -0.000ns

    Location             Delay type                Incr(ns)  Path(ns)    Netlist Resource(s)
  -------------------------------------------------------------------    -------------------
                         (clock clk_ddr rise edge)    0.000     0.000 r  <hidden>
                                                      0.000     0.000 r  clk_ddr
                         net (fo=951, unset)          0.013     0.013    u_sched_a/clk_ddr
                         FDCE                                         r  u_sched_a/active_req_col_reg[5]/C
  -------------------------------------------------------------------    -------------------
                         FDCE (Prop_FDCE_C_Q)         0.038     0.051 r  u_sched_a/active_req_col_reg[5]/Q
                         net (fo=2, unplaced)         0.048     0.099    u_sched_a/active_req_col[5]
                         LUT4 (Prop_LUT4_I3_O)        0.023     0.122 r  u_sched_a/cmd_addr[5]_i_1/O
                         net (fo=1, unplaced)         0.016     0.138    u_sched_a/cmd_addr[5]_i_1_n_0
                         FDCE                                         r  u_sched_a/cmd_addr_reg[5]/D
  -------------------------------------------------------------------    -------------------

                         (clock clk_ddr rise edge)    0.000     0.000 r  <hidden>
                                                      0.000     0.000 r  clk_ddr
                         net (fo=951, unset)          0.019     0.019    u_sched_a/clk_ddr
                         FDCE                                         r  u_sched_a/cmd_addr_reg[5]/C
                         clock pessimism              0.000     0.019    <hidden>
                         FDCE (Hold_FDCE_C_D)         0.046     0.065    u_sched_a/cmd_addr_reg[5]
  -------------------------------------------------------------------
                         required time                         -0.065    <hidden>
                         arrival time                           0.138    <hidden>
  -------------------------------------------------------------------
                         slack                                  0.073    <hidden>

Slack (MET) :             0.073ns  (arrival time - required time)
  Source:                 u_sched_a/active_req_col_reg[6]/C
                            (rising edge-triggered cell FDCE clocked by clk_ddr  {rise@0.000ns fall@1.250ns period=2.500ns})
  Destination:            u_sched_a/cmd_addr_reg[6]/D
                            (rising edge-triggered cell FDCE clocked by clk_ddr  {rise@0.000ns fall@1.250ns period=2.500ns})
  Path Group:             clk_ddr
  Path Type:              Hold (Min at Fast Process Corner)
  Requirement:            0.000ns  (clk_ddr rise@0.000ns - clk_ddr rise@0.000ns)
  Data Path Delay:        0.125ns  (logic 0.061ns (48.800%)  route 0.064ns (51.200%))
  Logic Levels:           1  (LUT4=1)
  Clock Path Skew:        0.006ns (DCD - SCD - CPR)
    Destination Clock Delay (DCD):    0.019ns
    Source Clock Delay      (SCD):    0.013ns
    Clock Pessimism Removal (CPR):    -0.000ns

    Location             Delay type                Incr(ns)  Path(ns)    Netlist Resource(s)
  -------------------------------------------------------------------    -------------------
                         (clock clk_ddr rise edge)    0.000     0.000 r  <hidden>
                                                      0.000     0.000 r  clk_ddr
                         net (fo=951, unset)          0.013     0.013    u_sched_a/clk_ddr
                         FDCE                                         r  u_sched_a/active_req_col_reg[6]/C
  -------------------------------------------------------------------    -------------------
                         FDCE (Prop_FDCE_C_Q)         0.038     0.051 r  u_sched_a/active_req_col_reg[6]/Q
                         net (fo=2, unplaced)         0.048     0.099    u_sched_a/active_req_col[6]
                         LUT4 (Prop_LUT4_I3_O)        0.023     0.122 r  u_sched_a/cmd_addr[6]_i_1/O
                         net (fo=1, unplaced)         0.016     0.138    u_sched_a/cmd_addr[6]_i_1_n_0
                         FDCE                                         r  u_sched_a/cmd_addr_reg[6]/D
  -------------------------------------------------------------------    -------------------

                         (clock clk_ddr rise edge)    0.000     0.000 r  <hidden>
                                                      0.000     0.000 r  clk_ddr
                         net (fo=951, unset)          0.019     0.019    u_sched_a/clk_ddr
                         FDCE                                         r  u_sched_a/cmd_addr_reg[6]/C
                         clock pessimism              0.000     0.019    <hidden>
                         FDCE (Hold_FDCE_C_D)         0.046     0.065    u_sched_a/cmd_addr_reg[6]
  -------------------------------------------------------------------
                         required time                         -0.065    <hidden>
                         arrival time                           0.138    <hidden>
  -------------------------------------------------------------------
                         slack                                  0.073    <hidden>

Slack (MET) :             0.073ns  (arrival time - required time)
  Source:                 u_sched_a/active_req_col_reg[7]/C
                            (rising edge-triggered cell FDCE clocked by clk_ddr  {rise@0.000ns fall@1.250ns period=2.500ns})
  Destination:            u_sched_a/cmd_addr_reg[7]/D
                            (rising edge-triggered cell FDCE clocked by clk_ddr  {rise@0.000ns fall@1.250ns period=2.500ns})
  Path Group:             clk_ddr
  Path Type:              Hold (Min at Fast Process Corner)
  Requirement:            0.000ns  (clk_ddr rise@0.000ns - clk_ddr rise@0.000ns)
  Data Path Delay:        0.125ns  (logic 0.061ns (48.800%)  route 0.064ns (51.200%))
  Logic Levels:           1  (LUT4=1)
  Clock Path Skew:        0.006ns (DCD - SCD - CPR)
    Destination Clock Delay (DCD):    0.019ns
    Source Clock Delay      (SCD):    0.013ns
    Clock Pessimism Removal (CPR):    -0.000ns

    Location             Delay type                Incr(ns)  Path(ns)    Netlist Resource(s)
  -------------------------------------------------------------------    -------------------
                         (clock clk_ddr rise edge)    0.000     0.000 r  <hidden>
                                                      0.000     0.000 r  clk_ddr
                         net (fo=951, unset)          0.013     0.013    u_sched_a/clk_ddr
                         FDCE                                         r  u_sched_a/active_req_col_reg[7]/C
  -------------------------------------------------------------------    -------------------
                         FDCE (Prop_FDCE_C_Q)         0.038     0.051 r  u_sched_a/active_req_col_reg[7]/Q
                         net (fo=2, unplaced)         0.048     0.099    u_sched_a/active_req_col[7]
                         LUT4 (Prop_LUT4_I3_O)        0.023     0.122 r  u_sched_a/cmd_addr[7]_i_1/O
                         net (fo=1, unplaced)         0.016     0.138    u_sched_a/cmd_addr[7]_i_1_n_0
                         FDCE                                         r  u_sched_a/cmd_addr_reg[7]/D
  -------------------------------------------------------------------    -------------------

                         (clock clk_ddr rise edge)    0.000     0.000 r  <hidden>
                                                      0.000     0.000 r  clk_ddr
                         net (fo=951, unset)          0.019     0.019    u_sched_a/clk_ddr
                         FDCE                                         r  u_sched_a/cmd_addr_reg[7]/C
                         clock pessimism              0.000     0.019    <hidden>
                         FDCE (Hold_FDCE_C_D)         0.046     0.065    u_sched_a/cmd_addr_reg[7]
  -------------------------------------------------------------------
                         required time                         -0.065    <hidden>
                         arrival time                           0.138    <hidden>
  -------------------------------------------------------------------
                         slack                                  0.073    <hidden>

Slack (MET) :             0.073ns  (arrival time - required time)
  Source:                 u_sched_a/active_req_col_reg[8]/C
                            (rising edge-triggered cell FDCE clocked by clk_ddr  {rise@0.000ns fall@1.250ns period=2.500ns})
  Destination:            u_sched_a/cmd_addr_reg[8]/D
                            (rising edge-triggered cell FDCE clocked by clk_ddr  {rise@0.000ns fall@1.250ns period=2.500ns})
  Path Group:             clk_ddr
  Path Type:              Hold (Min at Fast Process Corner)
  Requirement:            0.000ns  (clk_ddr rise@0.000ns - clk_ddr rise@0.000ns)
  Data Path Delay:        0.125ns  (logic 0.061ns (48.800%)  route 0.064ns (51.200%))
  Logic Levels:           1  (LUT4=1)
  Clock Path Skew:        0.006ns (DCD - SCD - CPR)
    Destination Clock Delay (DCD):    0.019ns
    Source Clock Delay      (SCD):    0.013ns
    Clock Pessimism Removal (CPR):    -0.000ns

    Location             Delay type                Incr(ns)  Path(ns)    Netlist Resource(s)
  -------------------------------------------------------------------    -------------------
                         (clock clk_ddr rise edge)    0.000     0.000 r  <hidden>
                                                      0.000     0.000 r  clk_ddr
                         net (fo=951, unset)          0.013     0.013    u_sched_a/clk_ddr
                         FDCE                                         r  u_sched_a/active_req_col_reg[8]/C
  -------------------------------------------------------------------    -------------------
                         FDCE (Prop_FDCE_C_Q)         0.038     0.051 r  u_sched_a/active_req_col_reg[8]/Q
                         net (fo=2, unplaced)         0.048     0.099    u_sched_a/active_req_col[8]
                         LUT4 (Prop_LUT4_I3_O)        0.023     0.122 r  u_sched_a/cmd_addr[8]_i_1/O
                         net (fo=1, unplaced)         0.016     0.138    u_sched_a/cmd_addr[8]_i_1_n_0
                         FDCE                                         r  u_sched_a/cmd_addr_reg[8]/D
  -------------------------------------------------------------------    -------------------

                         (clock clk_ddr rise edge)    0.000     0.000 r  <hidden>
                                                      0.000     0.000 r  clk_ddr
                         net (fo=951, unset)          0.019     0.019    u_sched_a/clk_ddr
                         FDCE                                         r  u_sched_a/cmd_addr_reg[8]/C
                         clock pessimism              0.000     0.019    <hidden>
                         FDCE (Hold_FDCE_C_D)         0.046     0.065    u_sched_a/cmd_addr_reg[8]
  -------------------------------------------------------------------
                         required time                         -0.065    <hidden>
                         arrival time                           0.138    <hidden>
  -------------------------------------------------------------------
                         slack                                  0.073    <hidden>

Slack (MET) :             0.073ns  (arrival time - required time)
  Source:                 u_sched_a/active_req_col_reg[9]/C
                            (rising edge-triggered cell FDCE clocked by clk_ddr  {rise@0.000ns fall@1.250ns period=2.500ns})
  Destination:            u_sched_a/cmd_addr_reg[9]/D
                            (rising edge-triggered cell FDCE clocked by clk_ddr  {rise@0.000ns fall@1.250ns period=2.500ns})
  Path Group:             clk_ddr
  Path Type:              Hold (Min at Fast Process Corner)
  Requirement:            0.000ns  (clk_ddr rise@0.000ns - clk_ddr rise@0.000ns)
  Data Path Delay:        0.125ns  (logic 0.061ns (48.800%)  route 0.064ns (51.200%))
  Logic Levels:           1  (LUT4=1)
  Clock Path Skew:        0.006ns (DCD - SCD - CPR)
    Destination Clock Delay (DCD):    0.019ns
    Source Clock Delay      (SCD):    0.013ns
    Clock Pessimism Removal (CPR):    -0.000ns

    Location             Delay type                Incr(ns)  Path(ns)    Netlist Resource(s)
  -------------------------------------------------------------------    -------------------
                         (clock clk_ddr rise edge)    0.000     0.000 r  <hidden>
                                                      0.000     0.000 r  clk_ddr
                         net (fo=951, unset)          0.013     0.013    u_sched_a/clk_ddr
                         FDCE                                         r  u_sched_a/active_req_col_reg[9]/C
  -------------------------------------------------------------------    -------------------
                         FDCE (Prop_FDCE_C_Q)         0.038     0.051 r  u_sched_a/active_req_col_reg[9]/Q
                         net (fo=2, unplaced)         0.048     0.099    u_sched_a/active_req_col[9]
                         LUT4 (Prop_LUT4_I3_O)        0.023     0.122 r  u_sched_a/cmd_addr[9]_i_1/O
                         net (fo=1, unplaced)         0.016     0.138    u_sched_a/cmd_addr[9]_i_1_n_0
                         FDCE                                         r  u_sched_a/cmd_addr_reg[9]/D
  -------------------------------------------------------------------    -------------------

                         (clock clk_ddr rise edge)    0.000     0.000 r  <hidden>
                                                      0.000     0.000 r  clk_ddr
                         net (fo=951, unset)          0.019     0.019    u_sched_a/clk_ddr
                         FDCE                                         r  u_sched_a/cmd_addr_reg[9]/C
                         clock pessimism              0.000     0.019    <hidden>
                         FDCE (Hold_FDCE_C_D)         0.046     0.065    u_sched_a/cmd_addr_reg[9]
  -------------------------------------------------------------------
                         required time                         -0.065    <hidden>
                         arrival time                           0.138    <hidden>
  -------------------------------------------------------------------
                         slack                                  0.073    <hidden>





Pulse Width Checks
--------------------------------------------------------------------------------------
Clock Name:         clk_ddr
Waveform(ns):       { 0.000 1.250 }
Period(ns):         2.500
Sources:            { clk_ddr }

Check Type        Corner  Lib Pin  Reference Pin  Required(ns)  Actual(ns)  Slack(ns)  Location  Pin
Min Period        n/a     FDPE/C   n/a            0.550         2.500       1.950                u_cdc_fifo_a/rempty_reg/C
Min Period        n/a     FDCE/C   n/a            0.550         2.500       1.950                u_cdc_fifo_a/rptr_bin_reg[0]/C
Min Period        n/a     FDCE/C   n/a            0.550         2.500       1.950                u_cdc_fifo_a/rptr_bin_reg[1]/C
Min Period        n/a     FDCE/C   n/a            0.550         2.500       1.950                u_cdc_fifo_a/rptr_bin_reg[2]/C
Min Period        n/a     FDCE/C   n/a            0.550         2.500       1.950                u_cdc_fifo_a/rptr_bin_reg[3]/C
Min Period        n/a     FDCE/C   n/a            0.550         2.500       1.950                u_cdc_fifo_a/rptr_bin_reg[4]/C
Min Period        n/a     FDCE/C   n/a            0.550         2.500       1.950                u_cdc_fifo_a/rptr_gray_reg[0]/C
Min Period        n/a     FDCE/C   n/a            0.550         2.500       1.950                u_cdc_fifo_a/rptr_gray_reg[1]/C
Min Period        n/a     FDCE/C   n/a            0.550         2.500       1.950                u_cdc_fifo_a/rptr_gray_reg[2]/C
Min Period        n/a     FDCE/C   n/a            0.550         2.500       1.950                u_cdc_fifo_a/rptr_gray_reg[3]/C
Low Pulse Width   Slow    FDPE/C   n/a            0.275         1.250       0.975                u_cdc_fifo_a/rempty_reg/C
Low Pulse Width   Fast    FDPE/C   n/a            0.275         1.250       0.975                u_cdc_fifo_a/rempty_reg/C
Low Pulse Width   Slow    FDCE/C   n/a            0.275         1.250       0.975                u_cdc_fifo_a/rptr_bin_reg[0]/C
Low Pulse Width   Fast    FDCE/C   n/a            0.275         1.250       0.975                u_cdc_fifo_a/rptr_bin_reg[0]/C
Low Pulse Width   Slow    FDCE/C   n/a            0.275         1.250       0.975                u_cdc_fifo_a/rptr_bin_reg[1]/C
Low Pulse Width   Fast    FDCE/C   n/a            0.275         1.250       0.975                u_cdc_fifo_a/rptr_bin_reg[1]/C
Low Pulse Width   Slow    FDCE/C   n/a            0.275         1.250       0.975                u_cdc_fifo_a/rptr_bin_reg[2]/C
Low Pulse Width   Fast    FDCE/C   n/a            0.275         1.250       0.975                u_cdc_fifo_a/rptr_bin_reg[2]/C
Low Pulse Width   Slow    FDCE/C   n/a            0.275         1.250       0.975                u_cdc_fifo_a/rptr_bin_reg[3]/C
Low Pulse Width   Fast    FDCE/C   n/a            0.275         1.250       0.975                u_cdc_fifo_a/rptr_bin_reg[3]/C
High Pulse Width  Slow    FDPE/C   n/a            0.275         1.250       0.975                u_cdc_fifo_a/rempty_reg/C
High Pulse Width  Fast    FDPE/C   n/a            0.275         1.250       0.975                u_cdc_fifo_a/rempty_reg/C
High Pulse Width  Slow    FDCE/C   n/a            0.275         1.250       0.975                u_cdc_fifo_a/rptr_bin_reg[0]/C
High Pulse Width  Fast    FDCE/C   n/a            0.275         1.250       0.975                u_cdc_fifo_a/rptr_bin_reg[0]/C
High Pulse Width  Slow    FDCE/C   n/a            0.275         1.250       0.975                u_cdc_fifo_a/rptr_bin_reg[1]/C
High Pulse Width  Fast    FDCE/C   n/a            0.275         1.250       0.975                u_cdc_fifo_a/rptr_bin_reg[1]/C
High Pulse Width  Slow    FDCE/C   n/a            0.275         1.250       0.975                u_cdc_fifo_a/rptr_bin_reg[2]/C
High Pulse Width  Fast    FDCE/C   n/a            0.275         1.250       0.975                u_cdc_fifo_a/rptr_bin_reg[2]/C
High Pulse Width  Slow    FDCE/C   n/a            0.275         1.250       0.975                u_cdc_fifo_a/rptr_bin_reg[3]/C
High Pulse Width  Fast    FDCE/C   n/a            0.275         1.250       0.975                u_cdc_fifo_a/rptr_bin_reg[3]/C



---------------------------------------------------------------------------------------------------
Path Group:  **async_default**
From Clock:  clk_axi
  To Clock:  clk_axi

Setup :            0  Failing Endpoints,  Worst Slack        3.147ns,  Total Violation        0.000ns
Hold  :            0  Failing Endpoints,  Worst Slack        0.304ns,  Total Violation        0.000ns
---------------------------------------------------------------------------------------------------


Max Delay Paths
--------------------------------------------------------------------------------------
Slack (MET) :             3.147ns  (required time - arrival time)
  Source:                 u_apb_csr/reg_ctrl_reg[1]/C
                            (rising edge-triggered cell FDCE clocked by clk_axi  {rise@0.000ns fall@2.000ns period=4.000ns})
  Destination:            u_crypto_pipe/u_lane_a/gen_rounds[10].bypass_pipe_reg[10]/CLR
                            (recovery check against rising-edge clock clk_axi  {rise@0.000ns fall@2.000ns period=4.000ns})
  Path Group:             **async_default**
  Path Type:              Recovery (Max at Slow Process Corner)
  Requirement:            4.000ns  (clk_axi rise@4.000ns - clk_axi rise@0.000ns)
  Data Path Delay:        0.743ns  (logic 0.147ns (19.785%)  route 0.596ns (80.215%))
  Logic Levels:           1  (LUT2=1)
  Clock Path Skew:        -0.009ns (DCD - SCD + CPR)
    Destination Clock Delay (DCD):    0.021ns = ( 4.021 - 4.000 ) 
    Source Clock Delay      (SCD):    0.030ns
    Clock Pessimism Removal (CPR):    0.000ns
  Clock Uncertainty:      0.035ns  ((TSJ^2 + TIJ^2)^1/2 + DJ) / 2 + PE
    Total System Jitter     (TSJ):    0.071ns
    Total Input Jitter      (TIJ):    0.000ns
    Discrete Jitter          (DJ):    0.000ns
    Phase Error              (PE):    0.000ns

    Location             Delay type                Incr(ns)  Path(ns)    Netlist Resource(s)
  -------------------------------------------------------------------    -------------------
                         (clock clk_axi rise edge)    0.000     0.000 r  <hidden>
                                                      0.000     0.000 r  clk_axi
                         net (fo=9672, unset)         0.030     0.030    u_apb_csr/clk_axi
                         FDCE                                         r  u_apb_csr/reg_ctrl_reg[1]/C
  -------------------------------------------------------------------    -------------------
                         FDCE (Prop_FDCE_C_Q)         0.077     0.107 f  u_apb_csr/reg_ctrl_reg[1]/Q
                         net (fo=106, unplaced)       0.224     0.331    u_apb_csr/soft_reset
                         LUT2 (Prop_LUT2_I1_O)        0.070     0.401 f  u_apb_csr/valid_reg_i_3/O
                         net (fo=8260, unplaced)      0.372     0.773    u_crypto_pipe/u_lane_a/valid_reg_reg_1
                         FDCE                                         f  u_crypto_pipe/u_lane_a/gen_rounds[10].bypass_pipe_reg[10]/CLR
  -------------------------------------------------------------------    -------------------

                         (clock clk_axi rise edge)    4.000     4.000 r  <hidden>
                                                      0.000     4.000 r  clk_axi
                         net (fo=9672, unset)         0.021     4.021    u_crypto_pipe/u_lane_a/clk_axi
                         FDCE                                         r  u_crypto_pipe/u_lane_a/gen_rounds[10].bypass_pipe_reg[10]/C
                         clock pessimism              0.000     4.021    <hidden>
                         clock uncertainty           -0.035     3.986    <hidden>
                         FDCE (Recov_FDCE_C_CLR)     -0.066     3.920    u_crypto_pipe/u_lane_a/gen_rounds[10].bypass_pipe_reg[10]
  -------------------------------------------------------------------
                         required time                          3.920    <hidden>
                         arrival time                          -0.773    <hidden>
  -------------------------------------------------------------------
                         slack                                  3.147    <hidden>

Slack (MET) :             3.147ns  (required time - arrival time)
  Source:                 u_apb_csr/reg_ctrl_reg[1]/C
                            (rising edge-triggered cell FDCE clocked by clk_axi  {rise@0.000ns fall@2.000ns period=4.000ns})
  Destination:            u_crypto_pipe/u_lane_a/gen_rounds[10].data_pipe_reg[10][0]/CLR
                            (recovery check against rising-edge clock clk_axi  {rise@0.000ns fall@2.000ns period=4.000ns})
  Path Group:             **async_default**
  Path Type:              Recovery (Max at Slow Process Corner)
  Requirement:            4.000ns  (clk_axi rise@4.000ns - clk_axi rise@0.000ns)
  Data Path Delay:        0.743ns  (logic 0.147ns (19.785%)  route 0.596ns (80.215%))
  Logic Levels:           1  (LUT2=1)
  Clock Path Skew:        -0.009ns (DCD - SCD + CPR)
    Destination Clock Delay (DCD):    0.021ns = ( 4.021 - 4.000 ) 
    Source Clock Delay      (SCD):    0.030ns
    Clock Pessimism Removal (CPR):    0.000ns
  Clock Uncertainty:      0.035ns  ((TSJ^2 + TIJ^2)^1/2 + DJ) / 2 + PE
    Total System Jitter     (TSJ):    0.071ns
    Total Input Jitter      (TIJ):    0.000ns
    Discrete Jitter          (DJ):    0.000ns
    Phase Error              (PE):    0.000ns

    Location             Delay type                Incr(ns)  Path(ns)    Netlist Resource(s)
  -------------------------------------------------------------------    -------------------
                         (clock clk_axi rise edge)    0.000     0.000 r  <hidden>
                                                      0.000     0.000 r  clk_axi
                         net (fo=9672, unset)         0.030     0.030    u_apb_csr/clk_axi
                         FDCE                                         r  u_apb_csr/reg_ctrl_reg[1]/C
  -------------------------------------------------------------------    -------------------
                         FDCE (Prop_FDCE_C_Q)         0.077     0.107 f  u_apb_csr/reg_ctrl_reg[1]/Q
                         net (fo=106, unplaced)       0.224     0.331    u_apb_csr/soft_reset
                         LUT2 (Prop_LUT2_I1_O)        0.070     0.401 f  u_apb_csr/valid_reg_i_3/O
                         net (fo=8260, unplaced)      0.372     0.773    u_crypto_pipe/u_lane_a/valid_reg_reg_1
                         FDCE                                         f  u_crypto_pipe/u_lane_a/gen_rounds[10].data_pipe_reg[10][0]/CLR
  -------------------------------------------------------------------    -------------------

                         (clock clk_axi rise edge)    4.000     4.000 r  <hidden>
                                                      0.000     4.000 r  clk_axi
                         net (fo=9672, unset)         0.021     4.021    u_crypto_pipe/u_lane_a/clk_axi
                         FDCE                                         r  u_crypto_pipe/u_lane_a/gen_rounds[10].data_pipe_reg[10][0]/C
                         clock pessimism              0.000     4.021    <hidden>
                         clock uncertainty           -0.035     3.986    <hidden>
                         FDCE (Recov_FDCE_C_CLR)     -0.066     3.920    u_crypto_pipe/u_lane_a/gen_rounds[10].data_pipe_reg[10][0]
  -------------------------------------------------------------------
                         required time                          3.920    <hidden>
                         arrival time                          -0.773    <hidden>
  -------------------------------------------------------------------
                         slack                                  3.147    <hidden>

Slack (MET) :             3.147ns  (required time - arrival time)
  Source:                 u_apb_csr/reg_ctrl_reg[1]/C
                            (rising edge-triggered cell FDCE clocked by clk_axi  {rise@0.000ns fall@2.000ns period=4.000ns})
  Destination:            u_crypto_pipe/u_lane_a/gen_rounds[10].data_pipe_reg[10][100]/CLR
                            (recovery check against rising-edge clock clk_axi  {rise@0.000ns fall@2.000ns period=4.000ns})
  Path Group:             **async_default**
  Path Type:              Recovery (Max at Slow Process Corner)
  Requirement:            4.000ns  (clk_axi rise@4.000ns - clk_axi rise@0.000ns)
  Data Path Delay:        0.743ns  (logic 0.147ns (19.785%)  route 0.596ns (80.215%))
  Logic Levels:           1  (LUT2=1)
  Clock Path Skew:        -0.009ns (DCD - SCD + CPR)
    Destination Clock Delay (DCD):    0.021ns = ( 4.021 - 4.000 ) 
    Source Clock Delay      (SCD):    0.030ns
    Clock Pessimism Removal (CPR):    0.000ns
  Clock Uncertainty:      0.035ns  ((TSJ^2 + TIJ^2)^1/2 + DJ) / 2 + PE
    Total System Jitter     (TSJ):    0.071ns
    Total Input Jitter      (TIJ):    0.000ns
    Discrete Jitter          (DJ):    0.000ns
    Phase Error              (PE):    0.000ns

    Location             Delay type                Incr(ns)  Path(ns)    Netlist Resource(s)
  -------------------------------------------------------------------    -------------------
                         (clock clk_axi rise edge)    0.000     0.000 r  <hidden>
                                                      0.000     0.000 r  clk_axi
                         net (fo=9672, unset)         0.030     0.030    u_apb_csr/clk_axi
                         FDCE                                         r  u_apb_csr/reg_ctrl_reg[1]/C
  -------------------------------------------------------------------    -------------------
                         FDCE (Prop_FDCE_C_Q)         0.077     0.107 f  u_apb_csr/reg_ctrl_reg[1]/Q
                         net (fo=106, unplaced)       0.224     0.331    u_apb_csr/soft_reset
                         LUT2 (Prop_LUT2_I1_O)        0.070     0.401 f  u_apb_csr/valid_reg_i_3/O
                         net (fo=8260, unplaced)      0.372     0.773    u_crypto_pipe/u_lane_a/valid_reg_reg_1
                         FDCE                                         f  u_crypto_pipe/u_lane_a/gen_rounds[10].data_pipe_reg[10][100]/CLR
  -------------------------------------------------------------------    -------------------

                         (clock clk_axi rise edge)    4.000     4.000 r  <hidden>
                                                      0.000     4.000 r  clk_axi
                         net (fo=9672, unset)         0.021     4.021    u_crypto_pipe/u_lane_a/clk_axi
                         FDCE                                         r  u_crypto_pipe/u_lane_a/gen_rounds[10].data_pipe_reg[10][100]/C
                         clock pessimism              0.000     4.021    <hidden>
                         clock uncertainty           -0.035     3.986    <hidden>
                         FDCE (Recov_FDCE_C_CLR)     -0.066     3.920    u_crypto_pipe/u_lane_a/gen_rounds[10].data_pipe_reg[10][100]
  -------------------------------------------------------------------
                         required time                          3.920    <hidden>
                         arrival time                          -0.773    <hidden>
  -------------------------------------------------------------------
                         slack                                  3.147    <hidden>

Slack (MET) :             3.147ns  (required time - arrival time)
  Source:                 u_apb_csr/reg_ctrl_reg[1]/C
                            (rising edge-triggered cell FDCE clocked by clk_axi  {rise@0.000ns fall@2.000ns period=4.000ns})
  Destination:            u_crypto_pipe/u_lane_a/gen_rounds[10].data_pipe_reg[10][101]/CLR
                            (recovery check against rising-edge clock clk_axi  {rise@0.000ns fall@2.000ns period=4.000ns})
  Path Group:             **async_default**
  Path Type:              Recovery (Max at Slow Process Corner)
  Requirement:            4.000ns  (clk_axi rise@4.000ns - clk_axi rise@0.000ns)
  Data Path Delay:        0.743ns  (logic 0.147ns (19.785%)  route 0.596ns (80.215%))
  Logic Levels:           1  (LUT2=1)
  Clock Path Skew:        -0.009ns (DCD - SCD + CPR)
    Destination Clock Delay (DCD):    0.021ns = ( 4.021 - 4.000 ) 
    Source Clock Delay      (SCD):    0.030ns
    Clock Pessimism Removal (CPR):    0.000ns
  Clock Uncertainty:      0.035ns  ((TSJ^2 + TIJ^2)^1/2 + DJ) / 2 + PE
    Total System Jitter     (TSJ):    0.071ns
    Total Input Jitter      (TIJ):    0.000ns
    Discrete Jitter          (DJ):    0.000ns
    Phase Error              (PE):    0.000ns

    Location             Delay type                Incr(ns)  Path(ns)    Netlist Resource(s)
  -------------------------------------------------------------------    -------------------
                         (clock clk_axi rise edge)    0.000     0.000 r  <hidden>
                                                      0.000     0.000 r  clk_axi
                         net (fo=9672, unset)         0.030     0.030    u_apb_csr/clk_axi
                         FDCE                                         r  u_apb_csr/reg_ctrl_reg[1]/C
  -------------------------------------------------------------------    -------------------
                         FDCE (Prop_FDCE_C_Q)         0.077     0.107 f  u_apb_csr/reg_ctrl_reg[1]/Q
                         net (fo=106, unplaced)       0.224     0.331    u_apb_csr/soft_reset
                         LUT2 (Prop_LUT2_I1_O)        0.070     0.401 f  u_apb_csr/valid_reg_i_3/O
                         net (fo=8260, unplaced)      0.372     0.773    u_crypto_pipe/u_lane_a/valid_reg_reg_1
                         FDCE                                         f  u_crypto_pipe/u_lane_a/gen_rounds[10].data_pipe_reg[10][101]/CLR
  -------------------------------------------------------------------    -------------------

                         (clock clk_axi rise edge)    4.000     4.000 r  <hidden>
                                                      0.000     4.000 r  clk_axi
                         net (fo=9672, unset)         0.021     4.021    u_crypto_pipe/u_lane_a/clk_axi
                         FDCE                                         r  u_crypto_pipe/u_lane_a/gen_rounds[10].data_pipe_reg[10][101]/C
                         clock pessimism              0.000     4.021    <hidden>
                         clock uncertainty           -0.035     3.986    <hidden>
                         FDCE (Recov_FDCE_C_CLR)     -0.066     3.920    u_crypto_pipe/u_lane_a/gen_rounds[10].data_pipe_reg[10][101]
  -------------------------------------------------------------------
                         required time                          3.920    <hidden>
                         arrival time                          -0.773    <hidden>
  -------------------------------------------------------------------
                         slack                                  3.147    <hidden>

Slack (MET) :             3.147ns  (required time - arrival time)
  Source:                 u_apb_csr/reg_ctrl_reg[1]/C
                            (rising edge-triggered cell FDCE clocked by clk_axi  {rise@0.000ns fall@2.000ns period=4.000ns})
  Destination:            u_crypto_pipe/u_lane_a/gen_rounds[10].data_pipe_reg[10][102]/CLR
                            (recovery check against rising-edge clock clk_axi  {rise@0.000ns fall@2.000ns period=4.000ns})
  Path Group:             **async_default**
  Path Type:              Recovery (Max at Slow Process Corner)
  Requirement:            4.000ns  (clk_axi rise@4.000ns - clk_axi rise@0.000ns)
  Data Path Delay:        0.743ns  (logic 0.147ns (19.785%)  route 0.596ns (80.215%))
  Logic Levels:           1  (LUT2=1)
  Clock Path Skew:        -0.009ns (DCD - SCD + CPR)
    Destination Clock Delay (DCD):    0.021ns = ( 4.021 - 4.000 ) 
    Source Clock Delay      (SCD):    0.030ns
    Clock Pessimism Removal (CPR):    0.000ns
  Clock Uncertainty:      0.035ns  ((TSJ^2 + TIJ^2)^1/2 + DJ) / 2 + PE
    Total System Jitter     (TSJ):    0.071ns
    Total Input Jitter      (TIJ):    0.000ns
    Discrete Jitter          (DJ):    0.000ns
    Phase Error              (PE):    0.000ns

    Location             Delay type                Incr(ns)  Path(ns)    Netlist Resource(s)
  -------------------------------------------------------------------    -------------------
                         (clock clk_axi rise edge)    0.000     0.000 r  <hidden>
                                                      0.000     0.000 r  clk_axi
                         net (fo=9672, unset)         0.030     0.030    u_apb_csr/clk_axi
                         FDCE                                         r  u_apb_csr/reg_ctrl_reg[1]/C
  -------------------------------------------------------------------    -------------------
                         FDCE (Prop_FDCE_C_Q)         0.077     0.107 f  u_apb_csr/reg_ctrl_reg[1]/Q
                         net (fo=106, unplaced)       0.224     0.331    u_apb_csr/soft_reset
                         LUT2 (Prop_LUT2_I1_O)        0.070     0.401 f  u_apb_csr/valid_reg_i_3/O
                         net (fo=8260, unplaced)      0.372     0.773    u_crypto_pipe/u_lane_a/valid_reg_reg_1
                         FDCE                                         f  u_crypto_pipe/u_lane_a/gen_rounds[10].data_pipe_reg[10][102]/CLR
  -------------------------------------------------------------------    -------------------

                         (clock clk_axi rise edge)    4.000     4.000 r  <hidden>
                                                      0.000     4.000 r  clk_axi
                         net (fo=9672, unset)         0.021     4.021    u_crypto_pipe/u_lane_a/clk_axi
                         FDCE                                         r  u_crypto_pipe/u_lane_a/gen_rounds[10].data_pipe_reg[10][102]/C
                         clock pessimism              0.000     4.021    <hidden>
                         clock uncertainty           -0.035     3.986    <hidden>
                         FDCE (Recov_FDCE_C_CLR)     -0.066     3.920    u_crypto_pipe/u_lane_a/gen_rounds[10].data_pipe_reg[10][102]
  -------------------------------------------------------------------
                         required time                          3.920    <hidden>
                         arrival time                          -0.773    <hidden>
  -------------------------------------------------------------------
                         slack                                  3.147    <hidden>

Slack (MET) :             3.147ns  (required time - arrival time)
  Source:                 u_apb_csr/reg_ctrl_reg[1]/C
                            (rising edge-triggered cell FDCE clocked by clk_axi  {rise@0.000ns fall@2.000ns period=4.000ns})
  Destination:            u_crypto_pipe/u_lane_a/gen_rounds[10].data_pipe_reg[10][103]/CLR
                            (recovery check against rising-edge clock clk_axi  {rise@0.000ns fall@2.000ns period=4.000ns})
  Path Group:             **async_default**
  Path Type:              Recovery (Max at Slow Process Corner)
  Requirement:            4.000ns  (clk_axi rise@4.000ns - clk_axi rise@0.000ns)
  Data Path Delay:        0.743ns  (logic 0.147ns (19.785%)  route 0.596ns (80.215%))
  Logic Levels:           1  (LUT2=1)
  Clock Path Skew:        -0.009ns (DCD - SCD + CPR)
    Destination Clock Delay (DCD):    0.021ns = ( 4.021 - 4.000 ) 
    Source Clock Delay      (SCD):    0.030ns
    Clock Pessimism Removal (CPR):    0.000ns
  Clock Uncertainty:      0.035ns  ((TSJ^2 + TIJ^2)^1/2 + DJ) / 2 + PE
    Total System Jitter     (TSJ):    0.071ns
    Total Input Jitter      (TIJ):    0.000ns
    Discrete Jitter          (DJ):    0.000ns
    Phase Error              (PE):    0.000ns

    Location             Delay type                Incr(ns)  Path(ns)    Netlist Resource(s)
  -------------------------------------------------------------------    -------------------
                         (clock clk_axi rise edge)    0.000     0.000 r  <hidden>
                                                      0.000     0.000 r  clk_axi
                         net (fo=9672, unset)         0.030     0.030    u_apb_csr/clk_axi
                         FDCE                                         r  u_apb_csr/reg_ctrl_reg[1]/C
  -------------------------------------------------------------------    -------------------
                         FDCE (Prop_FDCE_C_Q)         0.077     0.107 f  u_apb_csr/reg_ctrl_reg[1]/Q
                         net (fo=106, unplaced)       0.224     0.331    u_apb_csr/soft_reset
                         LUT2 (Prop_LUT2_I1_O)        0.070     0.401 f  u_apb_csr/valid_reg_i_3/O
                         net (fo=8260, unplaced)      0.372     0.773    u_crypto_pipe/u_lane_a/valid_reg_reg_1
                         FDCE                                         f  u_crypto_pipe/u_lane_a/gen_rounds[10].data_pipe_reg[10][103]/CLR
  -------------------------------------------------------------------    -------------------

                         (clock clk_axi rise edge)    4.000     4.000 r  <hidden>
                                                      0.000     4.000 r  clk_axi
                         net (fo=9672, unset)         0.021     4.021    u_crypto_pipe/u_lane_a/clk_axi
                         FDCE                                         r  u_crypto_pipe/u_lane_a/gen_rounds[10].data_pipe_reg[10][103]/C
                         clock pessimism              0.000     4.021    <hidden>
                         clock uncertainty           -0.035     3.986    <hidden>
                         FDCE (Recov_FDCE_C_CLR)     -0.066     3.920    u_crypto_pipe/u_lane_a/gen_rounds[10].data_pipe_reg[10][103]
  -------------------------------------------------------------------
                         required time                          3.920    <hidden>
                         arrival time                          -0.773    <hidden>
  -------------------------------------------------------------------
                         slack                                  3.147    <hidden>

Slack (MET) :             3.147ns  (required time - arrival time)
  Source:                 u_apb_csr/reg_ctrl_reg[1]/C
                            (rising edge-triggered cell FDCE clocked by clk_axi  {rise@0.000ns fall@2.000ns period=4.000ns})
  Destination:            u_crypto_pipe/u_lane_a/gen_rounds[10].data_pipe_reg[10][104]/CLR
                            (recovery check against rising-edge clock clk_axi  {rise@0.000ns fall@2.000ns period=4.000ns})
  Path Group:             **async_default**
  Path Type:              Recovery (Max at Slow Process Corner)
  Requirement:            4.000ns  (clk_axi rise@4.000ns - clk_axi rise@0.000ns)
  Data Path Delay:        0.743ns  (logic 0.147ns (19.785%)  route 0.596ns (80.215%))
  Logic Levels:           1  (LUT2=1)
  Clock Path Skew:        -0.009ns (DCD - SCD + CPR)
    Destination Clock Delay (DCD):    0.021ns = ( 4.021 - 4.000 ) 
    Source Clock Delay      (SCD):    0.030ns
    Clock Pessimism Removal (CPR):    0.000ns
  Clock Uncertainty:      0.035ns  ((TSJ^2 + TIJ^2)^1/2 + DJ) / 2 + PE
    Total System Jitter     (TSJ):    0.071ns
    Total Input Jitter      (TIJ):    0.000ns
    Discrete Jitter          (DJ):    0.000ns
    Phase Error              (PE):    0.000ns

    Location             Delay type                Incr(ns)  Path(ns)    Netlist Resource(s)
  -------------------------------------------------------------------    -------------------
                         (clock clk_axi rise edge)    0.000     0.000 r  <hidden>
                                                      0.000     0.000 r  clk_axi
                         net (fo=9672, unset)         0.030     0.030    u_apb_csr/clk_axi
                         FDCE                                         r  u_apb_csr/reg_ctrl_reg[1]/C
  -------------------------------------------------------------------    -------------------
                         FDCE (Prop_FDCE_C_Q)         0.077     0.107 f  u_apb_csr/reg_ctrl_reg[1]/Q
                         net (fo=106, unplaced)       0.224     0.331    u_apb_csr/soft_reset
                         LUT2 (Prop_LUT2_I1_O)        0.070     0.401 f  u_apb_csr/valid_reg_i_3/O
                         net (fo=8260, unplaced)      0.372     0.773    u_crypto_pipe/u_lane_a/valid_reg_reg_1
                         FDCE                                         f  u_crypto_pipe/u_lane_a/gen_rounds[10].data_pipe_reg[10][104]/CLR
  -------------------------------------------------------------------    -------------------

                         (clock clk_axi rise edge)    4.000     4.000 r  <hidden>
                                                      0.000     4.000 r  clk_axi
                         net (fo=9672, unset)         0.021     4.021    u_crypto_pipe/u_lane_a/clk_axi
                         FDCE                                         r  u_crypto_pipe/u_lane_a/gen_rounds[10].data_pipe_reg[10][104]/C
                         clock pessimism              0.000     4.021    <hidden>
                         clock uncertainty           -0.035     3.986    <hidden>
                         FDCE (Recov_FDCE_C_CLR)     -0.066     3.920    u_crypto_pipe/u_lane_a/gen_rounds[10].data_pipe_reg[10][104]
  -------------------------------------------------------------------
                         required time                          3.920    <hidden>
                         arrival time                          -0.773    <hidden>
  -------------------------------------------------------------------
                         slack                                  3.147    <hidden>

Slack (MET) :             3.147ns  (required time - arrival time)
  Source:                 u_apb_csr/reg_ctrl_reg[1]/C
                            (rising edge-triggered cell FDCE clocked by clk_axi  {rise@0.000ns fall@2.000ns period=4.000ns})
  Destination:            u_crypto_pipe/u_lane_a/gen_rounds[10].data_pipe_reg[10][105]/CLR
                            (recovery check against rising-edge clock clk_axi  {rise@0.000ns fall@2.000ns period=4.000ns})
  Path Group:             **async_default**
  Path Type:              Recovery (Max at Slow Process Corner)
  Requirement:            4.000ns  (clk_axi rise@4.000ns - clk_axi rise@0.000ns)
  Data Path Delay:        0.743ns  (logic 0.147ns (19.785%)  route 0.596ns (80.215%))
  Logic Levels:           1  (LUT2=1)
  Clock Path Skew:        -0.009ns (DCD - SCD + CPR)
    Destination Clock Delay (DCD):    0.021ns = ( 4.021 - 4.000 ) 
    Source Clock Delay      (SCD):    0.030ns
    Clock Pessimism Removal (CPR):    0.000ns
  Clock Uncertainty:      0.035ns  ((TSJ^2 + TIJ^2)^1/2 + DJ) / 2 + PE
    Total System Jitter     (TSJ):    0.071ns
    Total Input Jitter      (TIJ):    0.000ns
    Discrete Jitter          (DJ):    0.000ns
    Phase Error              (PE):    0.000ns

    Location             Delay type                Incr(ns)  Path(ns)    Netlist Resource(s)
  -------------------------------------------------------------------    -------------------
                         (clock clk_axi rise edge)    0.000     0.000 r  <hidden>
                                                      0.000     0.000 r  clk_axi
                         net (fo=9672, unset)         0.030     0.030    u_apb_csr/clk_axi
                         FDCE                                         r  u_apb_csr/reg_ctrl_reg[1]/C
  -------------------------------------------------------------------    -------------------
                         FDCE (Prop_FDCE_C_Q)         0.077     0.107 f  u_apb_csr/reg_ctrl_reg[1]/Q
                         net (fo=106, unplaced)       0.224     0.331    u_apb_csr/soft_reset
                         LUT2 (Prop_LUT2_I1_O)        0.070     0.401 f  u_apb_csr/valid_reg_i_3/O
                         net (fo=8260, unplaced)      0.372     0.773    u_crypto_pipe/u_lane_a/valid_reg_reg_1
                         FDCE                                         f  u_crypto_pipe/u_lane_a/gen_rounds[10].data_pipe_reg[10][105]/CLR
  -------------------------------------------------------------------    -------------------

                         (clock clk_axi rise edge)    4.000     4.000 r  <hidden>
                                                      0.000     4.000 r  clk_axi
                         net (fo=9672, unset)         0.021     4.021    u_crypto_pipe/u_lane_a/clk_axi
                         FDCE                                         r  u_crypto_pipe/u_lane_a/gen_rounds[10].data_pipe_reg[10][105]/C
                         clock pessimism              0.000     4.021    <hidden>
                         clock uncertainty           -0.035     3.986    <hidden>
                         FDCE (Recov_FDCE_C_CLR)     -0.066     3.920    u_crypto_pipe/u_lane_a/gen_rounds[10].data_pipe_reg[10][105]
  -------------------------------------------------------------------
                         required time                          3.920    <hidden>
                         arrival time                          -0.773    <hidden>
  -------------------------------------------------------------------
                         slack                                  3.147    <hidden>

Slack (MET) :             3.147ns  (required time - arrival time)
  Source:                 u_apb_csr/reg_ctrl_reg[1]/C
                            (rising edge-triggered cell FDCE clocked by clk_axi  {rise@0.000ns fall@2.000ns period=4.000ns})
  Destination:            u_crypto_pipe/u_lane_a/gen_rounds[10].data_pipe_reg[10][106]/CLR
                            (recovery check against rising-edge clock clk_axi  {rise@0.000ns fall@2.000ns period=4.000ns})
  Path Group:             **async_default**
  Path Type:              Recovery (Max at Slow Process Corner)
  Requirement:            4.000ns  (clk_axi rise@4.000ns - clk_axi rise@0.000ns)
  Data Path Delay:        0.743ns  (logic 0.147ns (19.785%)  route 0.596ns (80.215%))
  Logic Levels:           1  (LUT2=1)
  Clock Path Skew:        -0.009ns (DCD - SCD + CPR)
    Destination Clock Delay (DCD):    0.021ns = ( 4.021 - 4.000 ) 
    Source Clock Delay      (SCD):    0.030ns
    Clock Pessimism Removal (CPR):    0.000ns
  Clock Uncertainty:      0.035ns  ((TSJ^2 + TIJ^2)^1/2 + DJ) / 2 + PE
    Total System Jitter     (TSJ):    0.071ns
    Total Input Jitter      (TIJ):    0.000ns
    Discrete Jitter          (DJ):    0.000ns
    Phase Error              (PE):    0.000ns

    Location             Delay type                Incr(ns)  Path(ns)    Netlist Resource(s)
  -------------------------------------------------------------------    -------------------
                         (clock clk_axi rise edge)    0.000     0.000 r  <hidden>
                                                      0.000     0.000 r  clk_axi
                         net (fo=9672, unset)         0.030     0.030    u_apb_csr/clk_axi
                         FDCE                                         r  u_apb_csr/reg_ctrl_reg[1]/C
  -------------------------------------------------------------------    -------------------
                         FDCE (Prop_FDCE_C_Q)         0.077     0.107 f  u_apb_csr/reg_ctrl_reg[1]/Q
                         net (fo=106, unplaced)       0.224     0.331    u_apb_csr/soft_reset
                         LUT2 (Prop_LUT2_I1_O)        0.070     0.401 f  u_apb_csr/valid_reg_i_3/O
                         net (fo=8260, unplaced)      0.372     0.773    u_crypto_pipe/u_lane_a/valid_reg_reg_1
                         FDCE                                         f  u_crypto_pipe/u_lane_a/gen_rounds[10].data_pipe_reg[10][106]/CLR
  -------------------------------------------------------------------    -------------------

                         (clock clk_axi rise edge)    4.000     4.000 r  <hidden>
                                                      0.000     4.000 r  clk_axi
                         net (fo=9672, unset)         0.021     4.021    u_crypto_pipe/u_lane_a/clk_axi
                         FDCE                                         r  u_crypto_pipe/u_lane_a/gen_rounds[10].data_pipe_reg[10][106]/C
                         clock pessimism              0.000     4.021    <hidden>
                         clock uncertainty           -0.035     3.986    <hidden>
                         FDCE (Recov_FDCE_C_CLR)     -0.066     3.920    u_crypto_pipe/u_lane_a/gen_rounds[10].data_pipe_reg[10][106]
  -------------------------------------------------------------------
                         required time                          3.920    <hidden>
                         arrival time                          -0.773    <hidden>
  -------------------------------------------------------------------
                         slack                                  3.147    <hidden>

Slack (MET) :             3.147ns  (required time - arrival time)
  Source:                 u_apb_csr/reg_ctrl_reg[1]/C
                            (rising edge-triggered cell FDCE clocked by clk_axi  {rise@0.000ns fall@2.000ns period=4.000ns})
  Destination:            u_crypto_pipe/u_lane_a/gen_rounds[10].data_pipe_reg[10][107]/CLR
                            (recovery check against rising-edge clock clk_axi  {rise@0.000ns fall@2.000ns period=4.000ns})
  Path Group:             **async_default**
  Path Type:              Recovery (Max at Slow Process Corner)
  Requirement:            4.000ns  (clk_axi rise@4.000ns - clk_axi rise@0.000ns)
  Data Path Delay:        0.743ns  (logic 0.147ns (19.785%)  route 0.596ns (80.215%))
  Logic Levels:           1  (LUT2=1)
  Clock Path Skew:        -0.009ns (DCD - SCD + CPR)
    Destination Clock Delay (DCD):    0.021ns = ( 4.021 - 4.000 ) 
    Source Clock Delay      (SCD):    0.030ns
    Clock Pessimism Removal (CPR):    0.000ns
  Clock Uncertainty:      0.035ns  ((TSJ^2 + TIJ^2)^1/2 + DJ) / 2 + PE
    Total System Jitter     (TSJ):    0.071ns
    Total Input Jitter      (TIJ):    0.000ns
    Discrete Jitter          (DJ):    0.000ns
    Phase Error              (PE):    0.000ns

    Location             Delay type                Incr(ns)  Path(ns)    Netlist Resource(s)
  -------------------------------------------------------------------    -------------------
                         (clock clk_axi rise edge)    0.000     0.000 r  <hidden>
                                                      0.000     0.000 r  clk_axi
                         net (fo=9672, unset)         0.030     0.030    u_apb_csr/clk_axi
                         FDCE                                         r  u_apb_csr/reg_ctrl_reg[1]/C
  -------------------------------------------------------------------    -------------------
                         FDCE (Prop_FDCE_C_Q)         0.077     0.107 f  u_apb_csr/reg_ctrl_reg[1]/Q
                         net (fo=106, unplaced)       0.224     0.331    u_apb_csr/soft_reset
                         LUT2 (Prop_LUT2_I1_O)        0.070     0.401 f  u_apb_csr/valid_reg_i_3/O
                         net (fo=8260, unplaced)      0.372     0.773    u_crypto_pipe/u_lane_a/valid_reg_reg_1
                         FDCE                                         f  u_crypto_pipe/u_lane_a/gen_rounds[10].data_pipe_reg[10][107]/CLR
  -------------------------------------------------------------------    -------------------

                         (clock clk_axi rise edge)    4.000     4.000 r  <hidden>
                                                      0.000     4.000 r  clk_axi
                         net (fo=9672, unset)         0.021     4.021    u_crypto_pipe/u_lane_a/clk_axi
                         FDCE                                         r  u_crypto_pipe/u_lane_a/gen_rounds[10].data_pipe_reg[10][107]/C
                         clock pessimism              0.000     4.021    <hidden>
                         clock uncertainty           -0.035     3.986    <hidden>
                         FDCE (Recov_FDCE_C_CLR)     -0.066     3.920    u_crypto_pipe/u_lane_a/gen_rounds[10].data_pipe_reg[10][107]
  -------------------------------------------------------------------
                         required time                          3.920    <hidden>
                         arrival time                          -0.773    <hidden>
  -------------------------------------------------------------------
                         slack                                  3.147    <hidden>





Min Delay Paths
--------------------------------------------------------------------------------------
Slack (MET) :             0.304ns  (arrival time - required time)
  Source:                 u_apb_csr/reg_ctrl_reg[1]/C
                            (rising edge-triggered cell FDCE clocked by clk_axi  {rise@0.000ns fall@2.000ns period=4.000ns})
  Destination:            u_axi_slave/FSM_onehot_w_state_reg[0]/PRE
                            (removal check against rising-edge clock clk_axi  {rise@0.000ns fall@2.000ns period=4.000ns})
  Path Group:             **async_default**
  Path Type:              Removal (Min at Fast Process Corner)
  Requirement:            0.000ns  (clk_axi rise@0.000ns - clk_axi rise@0.000ns)
  Data Path Delay:        0.290ns  (logic 0.061ns (21.034%)  route 0.229ns (78.966%))
  Logic Levels:           1  (LUT2=1)
  Clock Path Skew:        0.006ns (DCD - SCD - CPR)
    Destination Clock Delay (DCD):    0.019ns
    Source Clock Delay      (SCD):    0.013ns
    Clock Pessimism Removal (CPR):    -0.000ns

    Location             Delay type                Incr(ns)  Path(ns)    Netlist Resource(s)
  -------------------------------------------------------------------    -------------------
                         (clock clk_axi rise edge)    0.000     0.000 r  <hidden>
                                                      0.000     0.000 r  clk_axi
                         net (fo=9672, unset)         0.013     0.013    u_apb_csr/clk_axi
                         FDCE                                         r  u_apb_csr/reg_ctrl_reg[1]/C
  -------------------------------------------------------------------    -------------------
                         FDCE (Prop_FDCE_C_Q)         0.038     0.051 f  u_apb_csr/reg_ctrl_reg[1]/Q
                         net (fo=106, unplaced)       0.091     0.142    u_apb_csr/soft_reset
                         LUT2 (Prop_LUT2_I0_O)        0.023     0.165 f  u_apb_csr/m_data[9]_i_3/O
                         net (fo=452, unplaced)       0.138     0.303    u_axi_slave/skid_data_reg_reg[144]
                         FDPE                                         f  u_axi_slave/FSM_onehot_w_state_reg[0]/PRE
  -------------------------------------------------------------------    -------------------

                         (clock clk_axi rise edge)    0.000     0.000 r  <hidden>
                                                      0.000     0.000 r  clk_axi
                         net (fo=9672, unset)         0.019     0.019    u_axi_slave/clk_axi
                         FDPE                                         r  u_axi_slave/FSM_onehot_w_state_reg[0]/C
                         clock pessimism              0.000     0.019    <hidden>
                         FDPE (Remov_FDPE_C_PRE)     -0.020    -0.001    u_axi_slave/FSM_onehot_w_state_reg[0]
  -------------------------------------------------------------------
                         required time                          0.001    <hidden>
                         arrival time                           0.303    <hidden>
  -------------------------------------------------------------------
                         slack                                  0.304    <hidden>

Slack (MET) :             0.304ns  (arrival time - required time)
  Source:                 u_apb_csr/reg_ctrl_reg[1]/C
                            (rising edge-triggered cell FDCE clocked by clk_axi  {rise@0.000ns fall@2.000ns period=4.000ns})
  Destination:            u_axi_slave/FSM_onehot_w_state_reg[1]/CLR
                            (removal check against rising-edge clock clk_axi  {rise@0.000ns fall@2.000ns period=4.000ns})
  Path Group:             **async_default**
  Path Type:              Removal (Min at Fast Process Corner)
  Requirement:            0.000ns  (clk_axi rise@0.000ns - clk_axi rise@0.000ns)
  Data Path Delay:        0.290ns  (logic 0.061ns (21.034%)  route 0.229ns (78.966%))
  Logic Levels:           1  (LUT2=1)
  Clock Path Skew:        0.006ns (DCD - SCD - CPR)
    Destination Clock Delay (DCD):    0.019ns
    Source Clock Delay      (SCD):    0.013ns
    Clock Pessimism Removal (CPR):    -0.000ns

    Location             Delay type                Incr(ns)  Path(ns)    Netlist Resource(s)
  -------------------------------------------------------------------    -------------------
                         (clock clk_axi rise edge)    0.000     0.000 r  <hidden>
                                                      0.000     0.000 r  clk_axi
                         net (fo=9672, unset)         0.013     0.013    u_apb_csr/clk_axi
                         FDCE                                         r  u_apb_csr/reg_ctrl_reg[1]/C
  -------------------------------------------------------------------    -------------------
                         FDCE (Prop_FDCE_C_Q)         0.038     0.051 f  u_apb_csr/reg_ctrl_reg[1]/Q
                         net (fo=106, unplaced)       0.091     0.142    u_apb_csr/soft_reset
                         LUT2 (Prop_LUT2_I0_O)        0.023     0.165 f  u_apb_csr/m_data[9]_i_3/O
                         net (fo=452, unplaced)       0.138     0.303    u_axi_slave/skid_data_reg_reg[144]
                         FDCE                                         f  u_axi_slave/FSM_onehot_w_state_reg[1]/CLR
  -------------------------------------------------------------------    -------------------

                         (clock clk_axi rise edge)    0.000     0.000 r  <hidden>
                                                      0.000     0.000 r  clk_axi
                         net (fo=9672, unset)         0.019     0.019    u_axi_slave/clk_axi
                         FDCE                                         r  u_axi_slave/FSM_onehot_w_state_reg[1]/C
                         clock pessimism              0.000     0.019    <hidden>
                         FDCE (Remov_FDCE_C_CLR)     -0.020    -0.001    u_axi_slave/FSM_onehot_w_state_reg[1]
  -------------------------------------------------------------------
                         required time                          0.001    <hidden>
                         arrival time                           0.303    <hidden>
  -------------------------------------------------------------------
                         slack                                  0.304    <hidden>

Slack (MET) :             0.304ns  (arrival time - required time)
  Source:                 u_apb_csr/reg_ctrl_reg[1]/C
                            (rising edge-triggered cell FDCE clocked by clk_axi  {rise@0.000ns fall@2.000ns period=4.000ns})
  Destination:            u_axi_slave/FSM_onehot_w_state_reg[2]/CLR
                            (removal check against rising-edge clock clk_axi  {rise@0.000ns fall@2.000ns period=4.000ns})
  Path Group:             **async_default**
  Path Type:              Removal (Min at Fast Process Corner)
  Requirement:            0.000ns  (clk_axi rise@0.000ns - clk_axi rise@0.000ns)
  Data Path Delay:        0.290ns  (logic 0.061ns (21.034%)  route 0.229ns (78.966%))
  Logic Levels:           1  (LUT2=1)
  Clock Path Skew:        0.006ns (DCD - SCD - CPR)
    Destination Clock Delay (DCD):    0.019ns
    Source Clock Delay      (SCD):    0.013ns
    Clock Pessimism Removal (CPR):    -0.000ns

    Location             Delay type                Incr(ns)  Path(ns)    Netlist Resource(s)
  -------------------------------------------------------------------    -------------------
                         (clock clk_axi rise edge)    0.000     0.000 r  <hidden>
                                                      0.000     0.000 r  clk_axi
                         net (fo=9672, unset)         0.013     0.013    u_apb_csr/clk_axi
                         FDCE                                         r  u_apb_csr/reg_ctrl_reg[1]/C
  -------------------------------------------------------------------    -------------------
                         FDCE (Prop_FDCE_C_Q)         0.038     0.051 f  u_apb_csr/reg_ctrl_reg[1]/Q
                         net (fo=106, unplaced)       0.091     0.142    u_apb_csr/soft_reset
                         LUT2 (Prop_LUT2_I0_O)        0.023     0.165 f  u_apb_csr/m_data[9]_i_3/O
                         net (fo=452, unplaced)       0.138     0.303    u_axi_slave/skid_data_reg_reg[144]
                         FDCE                                         f  u_axi_slave/FSM_onehot_w_state_reg[2]/CLR
  -------------------------------------------------------------------    -------------------

                         (clock clk_axi rise edge)    0.000     0.000 r  <hidden>
                                                      0.000     0.000 r  clk_axi
                         net (fo=9672, unset)         0.019     0.019    u_axi_slave/clk_axi
                         FDCE                                         r  u_axi_slave/FSM_onehot_w_state_reg[2]/C
                         clock pessimism              0.000     0.019    <hidden>
                         FDCE (Remov_FDCE_C_CLR)     -0.020    -0.001    u_axi_slave/FSM_onehot_w_state_reg[2]
  -------------------------------------------------------------------
                         required time                          0.001    <hidden>
                         arrival time                           0.303    <hidden>
  -------------------------------------------------------------------
                         slack                                  0.304    <hidden>

Slack (MET) :             0.304ns  (arrival time - required time)
  Source:                 u_apb_csr/reg_ctrl_reg[1]/C
                            (rising edge-triggered cell FDCE clocked by clk_axi  {rise@0.000ns fall@2.000ns period=4.000ns})
  Destination:            u_axi_slave/active_waddr_reg[10]/CLR
                            (removal check against rising-edge clock clk_axi  {rise@0.000ns fall@2.000ns period=4.000ns})
  Path Group:             **async_default**
  Path Type:              Removal (Min at Fast Process Corner)
  Requirement:            0.000ns  (clk_axi rise@0.000ns - clk_axi rise@0.000ns)
  Data Path Delay:        0.290ns  (logic 0.061ns (21.034%)  route 0.229ns (78.966%))
  Logic Levels:           1  (LUT2=1)
  Clock Path Skew:        0.006ns (DCD - SCD - CPR)
    Destination Clock Delay (DCD):    0.019ns
    Source Clock Delay      (SCD):    0.013ns
    Clock Pessimism Removal (CPR):    -0.000ns

    Location             Delay type                Incr(ns)  Path(ns)    Netlist Resource(s)
  -------------------------------------------------------------------    -------------------
                         (clock clk_axi rise edge)    0.000     0.000 r  <hidden>
                                                      0.000     0.000 r  clk_axi
                         net (fo=9672, unset)         0.013     0.013    u_apb_csr/clk_axi
                         FDCE                                         r  u_apb_csr/reg_ctrl_reg[1]/C
  -------------------------------------------------------------------    -------------------
                         FDCE (Prop_FDCE_C_Q)         0.038     0.051 f  u_apb_csr/reg_ctrl_reg[1]/Q
                         net (fo=106, unplaced)       0.091     0.142    u_apb_csr/soft_reset
                         LUT2 (Prop_LUT2_I0_O)        0.023     0.165 f  u_apb_csr/m_data[9]_i_3/O
                         net (fo=452, unplaced)       0.138     0.303    u_axi_slave/skid_data_reg_reg[144]
                         FDCE                                         f  u_axi_slave/active_waddr_reg[10]/CLR
  -------------------------------------------------------------------    -------------------

                         (clock clk_axi rise edge)    0.000     0.000 r  <hidden>
                                                      0.000     0.000 r  clk_axi
                         net (fo=9672, unset)         0.019     0.019    u_axi_slave/clk_axi
                         FDCE                                         r  u_axi_slave/active_waddr_reg[10]/C
                         clock pessimism              0.000     0.019    <hidden>
                         FDCE (Remov_FDCE_C_CLR)     -0.020    -0.001    u_axi_slave/active_waddr_reg[10]
  -------------------------------------------------------------------
                         required time                          0.001    <hidden>
                         arrival time                           0.303    <hidden>
  -------------------------------------------------------------------
                         slack                                  0.304    <hidden>

Slack (MET) :             0.304ns  (arrival time - required time)
  Source:                 u_apb_csr/reg_ctrl_reg[1]/C
                            (rising edge-triggered cell FDCE clocked by clk_axi  {rise@0.000ns fall@2.000ns period=4.000ns})
  Destination:            u_axi_slave/active_waddr_reg[11]/CLR
                            (removal check against rising-edge clock clk_axi  {rise@0.000ns fall@2.000ns period=4.000ns})
  Path Group:             **async_default**
  Path Type:              Removal (Min at Fast Process Corner)
  Requirement:            0.000ns  (clk_axi rise@0.000ns - clk_axi rise@0.000ns)
  Data Path Delay:        0.290ns  (logic 0.061ns (21.034%)  route 0.229ns (78.966%))
  Logic Levels:           1  (LUT2=1)
  Clock Path Skew:        0.006ns (DCD - SCD - CPR)
    Destination Clock Delay (DCD):    0.019ns
    Source Clock Delay      (SCD):    0.013ns
    Clock Pessimism Removal (CPR):    -0.000ns

    Location             Delay type                Incr(ns)  Path(ns)    Netlist Resource(s)
  -------------------------------------------------------------------    -------------------
                         (clock clk_axi rise edge)    0.000     0.000 r  <hidden>
                                                      0.000     0.000 r  clk_axi
                         net (fo=9672, unset)         0.013     0.013    u_apb_csr/clk_axi
                         FDCE                                         r  u_apb_csr/reg_ctrl_reg[1]/C
  -------------------------------------------------------------------    -------------------
                         FDCE (Prop_FDCE_C_Q)         0.038     0.051 f  u_apb_csr/reg_ctrl_reg[1]/Q
                         net (fo=106, unplaced)       0.091     0.142    u_apb_csr/soft_reset
                         LUT2 (Prop_LUT2_I0_O)        0.023     0.165 f  u_apb_csr/m_data[9]_i_3/O
                         net (fo=452, unplaced)       0.138     0.303    u_axi_slave/skid_data_reg_reg[144]
                         FDCE                                         f  u_axi_slave/active_waddr_reg[11]/CLR
  -------------------------------------------------------------------    -------------------

                         (clock clk_axi rise edge)    0.000     0.000 r  <hidden>
                                                      0.000     0.000 r  clk_axi
                         net (fo=9672, unset)         0.019     0.019    u_axi_slave/clk_axi
                         FDCE                                         r  u_axi_slave/active_waddr_reg[11]/C
                         clock pessimism              0.000     0.019    <hidden>
                         FDCE (Remov_FDCE_C_CLR)     -0.020    -0.001    u_axi_slave/active_waddr_reg[11]
  -------------------------------------------------------------------
                         required time                          0.001    <hidden>
                         arrival time                           0.303    <hidden>
  -------------------------------------------------------------------
                         slack                                  0.304    <hidden>

Slack (MET) :             0.304ns  (arrival time - required time)
  Source:                 u_apb_csr/reg_ctrl_reg[1]/C
                            (rising edge-triggered cell FDCE clocked by clk_axi  {rise@0.000ns fall@2.000ns period=4.000ns})
  Destination:            u_axi_slave/active_waddr_reg[12]/CLR
                            (removal check against rising-edge clock clk_axi  {rise@0.000ns fall@2.000ns period=4.000ns})
  Path Group:             **async_default**
  Path Type:              Removal (Min at Fast Process Corner)
  Requirement:            0.000ns  (clk_axi rise@0.000ns - clk_axi rise@0.000ns)
  Data Path Delay:        0.290ns  (logic 0.061ns (21.034%)  route 0.229ns (78.966%))
  Logic Levels:           1  (LUT2=1)
  Clock Path Skew:        0.006ns (DCD - SCD - CPR)
    Destination Clock Delay (DCD):    0.019ns
    Source Clock Delay      (SCD):    0.013ns
    Clock Pessimism Removal (CPR):    -0.000ns

    Location             Delay type                Incr(ns)  Path(ns)    Netlist Resource(s)
  -------------------------------------------------------------------    -------------------
                         (clock clk_axi rise edge)    0.000     0.000 r  <hidden>
                                                      0.000     0.000 r  clk_axi
                         net (fo=9672, unset)         0.013     0.013    u_apb_csr/clk_axi
                         FDCE                                         r  u_apb_csr/reg_ctrl_reg[1]/C
  -------------------------------------------------------------------    -------------------
                         FDCE (Prop_FDCE_C_Q)         0.038     0.051 f  u_apb_csr/reg_ctrl_reg[1]/Q
                         net (fo=106, unplaced)       0.091     0.142    u_apb_csr/soft_reset
                         LUT2 (Prop_LUT2_I0_O)        0.023     0.165 f  u_apb_csr/m_data[9]_i_3/O
                         net (fo=452, unplaced)       0.138     0.303    u_axi_slave/skid_data_reg_reg[144]
                         FDCE                                         f  u_axi_slave/active_waddr_reg[12]/CLR
  -------------------------------------------------------------------    -------------------

                         (clock clk_axi rise edge)    0.000     0.000 r  <hidden>
                                                      0.000     0.000 r  clk_axi
                         net (fo=9672, unset)         0.019     0.019    u_axi_slave/clk_axi
                         FDCE                                         r  u_axi_slave/active_waddr_reg[12]/C
                         clock pessimism              0.000     0.019    <hidden>
                         FDCE (Remov_FDCE_C_CLR)     -0.020    -0.001    u_axi_slave/active_waddr_reg[12]
  -------------------------------------------------------------------
                         required time                          0.001    <hidden>
                         arrival time                           0.303    <hidden>
  -------------------------------------------------------------------
                         slack                                  0.304    <hidden>

Slack (MET) :             0.304ns  (arrival time - required time)
  Source:                 u_apb_csr/reg_ctrl_reg[1]/C
                            (rising edge-triggered cell FDCE clocked by clk_axi  {rise@0.000ns fall@2.000ns period=4.000ns})
  Destination:            u_axi_slave/active_waddr_reg[13]/CLR
                            (removal check against rising-edge clock clk_axi  {rise@0.000ns fall@2.000ns period=4.000ns})
  Path Group:             **async_default**
  Path Type:              Removal (Min at Fast Process Corner)
  Requirement:            0.000ns  (clk_axi rise@0.000ns - clk_axi rise@0.000ns)
  Data Path Delay:        0.290ns  (logic 0.061ns (21.034%)  route 0.229ns (78.966%))
  Logic Levels:           1  (LUT2=1)
  Clock Path Skew:        0.006ns (DCD - SCD - CPR)
    Destination Clock Delay (DCD):    0.019ns
    Source Clock Delay      (SCD):    0.013ns
    Clock Pessimism Removal (CPR):    -0.000ns

    Location             Delay type                Incr(ns)  Path(ns)    Netlist Resource(s)
  -------------------------------------------------------------------    -------------------
                         (clock clk_axi rise edge)    0.000     0.000 r  <hidden>
                                                      0.000     0.000 r  clk_axi
                         net (fo=9672, unset)         0.013     0.013    u_apb_csr/clk_axi
                         FDCE                                         r  u_apb_csr/reg_ctrl_reg[1]/C
  -------------------------------------------------------------------    -------------------
                         FDCE (Prop_FDCE_C_Q)         0.038     0.051 f  u_apb_csr/reg_ctrl_reg[1]/Q
                         net (fo=106, unplaced)       0.091     0.142    u_apb_csr/soft_reset
                         LUT2 (Prop_LUT2_I0_O)        0.023     0.165 f  u_apb_csr/m_data[9]_i_3/O
                         net (fo=452, unplaced)       0.138     0.303    u_axi_slave/skid_data_reg_reg[144]
                         FDCE                                         f  u_axi_slave/active_waddr_reg[13]/CLR
  -------------------------------------------------------------------    -------------------

                         (clock clk_axi rise edge)    0.000     0.000 r  <hidden>
                                                      0.000     0.000 r  clk_axi
                         net (fo=9672, unset)         0.019     0.019    u_axi_slave/clk_axi
                         FDCE                                         r  u_axi_slave/active_waddr_reg[13]/C
                         clock pessimism              0.000     0.019    <hidden>
                         FDCE (Remov_FDCE_C_CLR)     -0.020    -0.001    u_axi_slave/active_waddr_reg[13]
  -------------------------------------------------------------------
                         required time                          0.001    <hidden>
                         arrival time                           0.303    <hidden>
  -------------------------------------------------------------------
                         slack                                  0.304    <hidden>

Slack (MET) :             0.304ns  (arrival time - required time)
  Source:                 u_apb_csr/reg_ctrl_reg[1]/C
                            (rising edge-triggered cell FDCE clocked by clk_axi  {rise@0.000ns fall@2.000ns period=4.000ns})
  Destination:            u_axi_slave/active_waddr_reg[14]/CLR
                            (removal check against rising-edge clock clk_axi  {rise@0.000ns fall@2.000ns period=4.000ns})
  Path Group:             **async_default**
  Path Type:              Removal (Min at Fast Process Corner)
  Requirement:            0.000ns  (clk_axi rise@0.000ns - clk_axi rise@0.000ns)
  Data Path Delay:        0.290ns  (logic 0.061ns (21.034%)  route 0.229ns (78.966%))
  Logic Levels:           1  (LUT2=1)
  Clock Path Skew:        0.006ns (DCD - SCD - CPR)
    Destination Clock Delay (DCD):    0.019ns
    Source Clock Delay      (SCD):    0.013ns
    Clock Pessimism Removal (CPR):    -0.000ns

    Location             Delay type                Incr(ns)  Path(ns)    Netlist Resource(s)
  -------------------------------------------------------------------    -------------------
                         (clock clk_axi rise edge)    0.000     0.000 r  <hidden>
                                                      0.000     0.000 r  clk_axi
                         net (fo=9672, unset)         0.013     0.013    u_apb_csr/clk_axi
                         FDCE                                         r  u_apb_csr/reg_ctrl_reg[1]/C
  -------------------------------------------------------------------    -------------------
                         FDCE (Prop_FDCE_C_Q)         0.038     0.051 f  u_apb_csr/reg_ctrl_reg[1]/Q
                         net (fo=106, unplaced)       0.091     0.142    u_apb_csr/soft_reset
                         LUT2 (Prop_LUT2_I0_O)        0.023     0.165 f  u_apb_csr/m_data[9]_i_3/O
                         net (fo=452, unplaced)       0.138     0.303    u_axi_slave/skid_data_reg_reg[144]
                         FDCE                                         f  u_axi_slave/active_waddr_reg[14]/CLR
  -------------------------------------------------------------------    -------------------

                         (clock clk_axi rise edge)    0.000     0.000 r  <hidden>
                                                      0.000     0.000 r  clk_axi
                         net (fo=9672, unset)         0.019     0.019    u_axi_slave/clk_axi
                         FDCE                                         r  u_axi_slave/active_waddr_reg[14]/C
                         clock pessimism              0.000     0.019    <hidden>
                         FDCE (Remov_FDCE_C_CLR)     -0.020    -0.001    u_axi_slave/active_waddr_reg[14]
  -------------------------------------------------------------------
                         required time                          0.001    <hidden>
                         arrival time                           0.303    <hidden>
  -------------------------------------------------------------------
                         slack                                  0.304    <hidden>

Slack (MET) :             0.304ns  (arrival time - required time)
  Source:                 u_apb_csr/reg_ctrl_reg[1]/C
                            (rising edge-triggered cell FDCE clocked by clk_axi  {rise@0.000ns fall@2.000ns period=4.000ns})
  Destination:            u_axi_slave/active_waddr_reg[15]/CLR
                            (removal check against rising-edge clock clk_axi  {rise@0.000ns fall@2.000ns period=4.000ns})
  Path Group:             **async_default**
  Path Type:              Removal (Min at Fast Process Corner)
  Requirement:            0.000ns  (clk_axi rise@0.000ns - clk_axi rise@0.000ns)
  Data Path Delay:        0.290ns  (logic 0.061ns (21.034%)  route 0.229ns (78.966%))
  Logic Levels:           1  (LUT2=1)
  Clock Path Skew:        0.006ns (DCD - SCD - CPR)
    Destination Clock Delay (DCD):    0.019ns
    Source Clock Delay      (SCD):    0.013ns
    Clock Pessimism Removal (CPR):    -0.000ns

    Location             Delay type                Incr(ns)  Path(ns)    Netlist Resource(s)
  -------------------------------------------------------------------    -------------------
                         (clock clk_axi rise edge)    0.000     0.000 r  <hidden>
                                                      0.000     0.000 r  clk_axi
                         net (fo=9672, unset)         0.013     0.013    u_apb_csr/clk_axi
                         FDCE                                         r  u_apb_csr/reg_ctrl_reg[1]/C
  -------------------------------------------------------------------    -------------------
                         FDCE (Prop_FDCE_C_Q)         0.038     0.051 f  u_apb_csr/reg_ctrl_reg[1]/Q
                         net (fo=106, unplaced)       0.091     0.142    u_apb_csr/soft_reset
                         LUT2 (Prop_LUT2_I0_O)        0.023     0.165 f  u_apb_csr/m_data[9]_i_3/O
                         net (fo=452, unplaced)       0.138     0.303    u_axi_slave/skid_data_reg_reg[144]
                         FDCE                                         f  u_axi_slave/active_waddr_reg[15]/CLR
  -------------------------------------------------------------------    -------------------

                         (clock clk_axi rise edge)    0.000     0.000 r  <hidden>
                                                      0.000     0.000 r  clk_axi
                         net (fo=9672, unset)         0.019     0.019    u_axi_slave/clk_axi
                         FDCE                                         r  u_axi_slave/active_waddr_reg[15]/C
                         clock pessimism              0.000     0.019    <hidden>
                         FDCE (Remov_FDCE_C_CLR)     -0.020    -0.001    u_axi_slave/active_waddr_reg[15]
  -------------------------------------------------------------------
                         required time                          0.001    <hidden>
                         arrival time                           0.303    <hidden>
  -------------------------------------------------------------------
                         slack                                  0.304    <hidden>

Slack (MET) :             0.304ns  (arrival time - required time)
  Source:                 u_apb_csr/reg_ctrl_reg[1]/C
                            (rising edge-triggered cell FDCE clocked by clk_axi  {rise@0.000ns fall@2.000ns period=4.000ns})
  Destination:            u_axi_slave/active_waddr_reg[16]/CLR
                            (removal check against rising-edge clock clk_axi  {rise@0.000ns fall@2.000ns period=4.000ns})
  Path Group:             **async_default**
  Path Type:              Removal (Min at Fast Process Corner)
  Requirement:            0.000ns  (clk_axi rise@0.000ns - clk_axi rise@0.000ns)
  Data Path Delay:        0.290ns  (logic 0.061ns (21.034%)  route 0.229ns (78.966%))
  Logic Levels:           1  (LUT2=1)
  Clock Path Skew:        0.006ns (DCD - SCD - CPR)
    Destination Clock Delay (DCD):    0.019ns
    Source Clock Delay      (SCD):    0.013ns
    Clock Pessimism Removal (CPR):    -0.000ns

    Location             Delay type                Incr(ns)  Path(ns)    Netlist Resource(s)
  -------------------------------------------------------------------    -------------------
                         (clock clk_axi rise edge)    0.000     0.000 r  <hidden>
                                                      0.000     0.000 r  clk_axi
                         net (fo=9672, unset)         0.013     0.013    u_apb_csr/clk_axi
                         FDCE                                         r  u_apb_csr/reg_ctrl_reg[1]/C
  -------------------------------------------------------------------    -------------------
                         FDCE (Prop_FDCE_C_Q)         0.038     0.051 f  u_apb_csr/reg_ctrl_reg[1]/Q
                         net (fo=106, unplaced)       0.091     0.142    u_apb_csr/soft_reset
                         LUT2 (Prop_LUT2_I0_O)        0.023     0.165 f  u_apb_csr/m_data[9]_i_3/O
                         net (fo=452, unplaced)       0.138     0.303    u_axi_slave/skid_data_reg_reg[144]
                         FDCE                                         f  u_axi_slave/active_waddr_reg[16]/CLR
  -------------------------------------------------------------------    -------------------

                         (clock clk_axi rise edge)    0.000     0.000 r  <hidden>
                                                      0.000     0.000 r  clk_axi
                         net (fo=9672, unset)         0.019     0.019    u_axi_slave/clk_axi
                         FDCE                                         r  u_axi_slave/active_waddr_reg[16]/C
                         clock pessimism              0.000     0.019    <hidden>
                         FDCE (Remov_FDCE_C_CLR)     -0.020    -0.001    u_axi_slave/active_waddr_reg[16]
  -------------------------------------------------------------------
                         required time                          0.001    <hidden>
                         arrival time                           0.303    <hidden>
  -------------------------------------------------------------------
                         slack                                  0.304    <hidden>





