LD 0x40A195D80
LD 0x352110B80
LD 0x352110680
LD 0x105AF337C0
LD 0x9C4080000
LD 0x86FA3CE80
LD 0xD0BEA0100
LD 0x9C4090040
LD 0x352110E80
ST 0xCD0680440
ST 0x146EF806C0
LD 0x5ABE23580
LD 0x81360A0C0
LD 0x403983A80
LD 0x411594E80
LD 0x12BC00140
LD 0x12BC00380
LD 0x12BC002C0
ST 0xD022A1040
LD 0x12B800140
LD 0x12BC00200
LD 0x403585940
LD 0x581631C80
LD 0x12BC00200
LD 0x12BC00340
LD 0x12BC00280
LD 0x12C400340
ST 0x75EE0A480
LD 0x4111A6FC0
ST 0x13D8BA3380
LD 0x3521109C0
LD 0x410996140
LD 0x352110780
ST 0x6B9E20140
ST 0x1405F931C0
LD 0x12C800300
ST 0x9C4090080
LD 0x9C40900C0
LD 0x3521108C0
LD 0x12C400100
LD 0x4111B0B00
LD 0x12BC00080
LD 0x75823FA40
LD 0x12C400140
LD 0x352110140
LD 0xCA42A19C0
LD 0x12BC000C0
LD 0x12B800240
ST 0xFF07064C0
LD 0x401D83EC0
LD 0x68BA3A800
LD 0x12B800100
ST 0x3E9D90000
LD 0x3EF5A65C0
LD 0xFEFF30380
ST 0x9C40A0100
LD 0x3ED9A0D80
ST 0x678A1F240
ST 0x1462791780
LD 0x12B800140
LD 0x114E312900
LD 0x9C40B0140
LD 0x418584E00
LD 0x602631A40
ST 0x138E7A2E00
LD 0x100EB034C0
LD 0x12BC00300
LD 0xBB82B0280
LD 0x12B800380
ST 0x139EFA3AC0
ST 0x503214A00
LD 0xC89690A40
ST 0xC7DEA1EC0
LD 0x3F25A78C0
LD 0xD112B11C0
LD 0x7EFE168C0
ST 0x12B800000
LD 0xBF76913C0
ST 0x69263C1C0
LD 0xD26E91700
ST 0x412590E80
LD 0x3FA5A52C0
LD 0x352110A40
LD 0x12C800200
LD 0x12B800040
LD 0x9C40B0180
LD 0x3F2D86000
ST 0x4145A6200
LD 0x4135B6840
ST 0x4011B60C0
LD 0x352110400
ST 0x415984000
LD 0x12B800340
LD 0x12B800300
ST 0x1433383780
LD 0xC532B05C0
ST 0x6B6E00F80
LD 0x419992700
LD 0x7D2E01C40
LD 0x3E9995140
LD 0x352110980
LD 0x352110AC0
ST 0x13ED392B40
LD 0x12BC00300
ST 0x9C40B01C0
LD 0xBDCE80EC0
LD 0x401DA4440
LD 0x12B800200
LD 0x12B8001C0
ST 0x9C40A0200
LD 0x12B800200
LD 0x352110E00
LD 0x8A7E3A0C0
LD 0x3EA5B3C00
LD 0x4069A4680
LD 0x10B0F39D80
ST 0x40B5B6A80
LD 0x352110340
ST 0x3FDD91B00
LD 0x352110E00
ST 0xBEF2A1FC0
LD 0x12C800180
LD 0x1002B3DF00
ST 0xBE8E80200
LD 0x352110040
ST 0x109A3119C0
LD 0x4081A21C0
LD 0x3F95B5000
ST 0x12B800040
LD 0x3521108C0
LD 0x12BC001C0
LD 0xFD1B247C0
LD 0x352110240
LD 0x352110D00
LD 0x12BC00180
LD 0x3521109C0
LD 0xD87A81840
LD 0x10ACF183C0
LD 0x407997500
LD 0x352110400
LD 0x9C4080240
LD 0x4071A13C0
LD 0x12B800240
LD 0xD6EAB1100
LD 0x83421AB00
LD 0x352110040
LD 0x9C4090280
LD 0x63823F580
LD 0x8C3E2B680
LD 0x12B8003C0
LD 0x514628380
LD 0x12BC000C0
LD 0x765A04D00
LD 0x5B861FFC0
LD 0x10BCF3BF00
LD 0x352110080
LD 0x3F3DA7D80
LD 0x553239380
LD 0x9C40B02C0
LD 0xD11290E00
LD 0x6F5630BC0
LD 0x1133F2C3C0
LD 0x12C800200
ST 0x352110B00
LD 0x9C4080300
LD 0x539613CC0
LD 0xDA62A1CC0
LD 0xD51EA0580
ST 0x3E9D90040
LD 0x352110880
LD 0x6EDA1CF40
ST 0x138B7B1DC0
LD 0x3FBD80500
LD 0x9C40A0340
LD 0x4149955C0
LD 0x12BC00140
LD 0x40A1B18C0
ST 0x13A97A1400
LD 0x1004737D00
LD 0x352110C40
LD 0x3F65A5080
LD 0xD5F2A1E40
LD 0x114BF32180
LD 0x12C800000
LD 0x12BC002C0
LD 0x71DA3E940
LD 0x12B800280
ST 0xCEEEB01C0
LD 0xBE2AA0940
LD 0x107FF38640
LD 0x12C400100
LD 0x12BC001C0
LD 0x827215700
LD 0x9C4080380
LD 0x352110F40
ST 0x146A783C40
LD 0x4019A7000
LD 0x352110900
LD 0x12BC00380
LD 0x5FBE31440
LD 0x1001306740
LD 0x12BC00200
LD 0x352110580
LD 0xD48AB0CC0
ST 0x9C40903C0
LD 0x12BC00040
LD 0x9C40A0400
LD 0x1079331E40
LD 0x9C4090440
LD 0x352110840
LD 0x352110600
LD 0x12C400100
LD 0x3EA1812C0
LD 0x12C400300
LD 0x408991D80
ST 0x13F6BA3680
ST 0x9C4090480
LD 0x104EB24940
ST 0x13D4FA1980
LD 0x12BC00380
LD 0x12C8001C0
ST 0x3F39A6740
LD 0x1011734000
LD 0xBDA291BC0
LD 0x9C40904C0
LD 0xFABF2E000
LD 0xFE1318A40
LD 0x3FDDA2080
LD 0x7C5639140
ST 0xC77AA1680
LD 0x8BD62B200
LD 0x7B6A14600
LD 0x12B8001C0
LD 0x352110A80
LD 0x9C4090500
LD 0x87C209E40
ST 0x9C40B0540
ST 0x13993A17C0
LD 0x352110780
LD 0x3521102C0
LD 0x3FB990D00
ST 0x13A3783240
ST 0x400DB2180
LD 0xC13E902C0
LD 0x352110E40
LD 0x4099B28C0
LD 0xD66281500
LD 0x9C4090580
LD 0x787624880
LD 0x12C800080
LD 0x3521102C0
LD 0x352110D80
LD 0xBE0691440
LD 0x6A3A2CD40
ST 0x352110200
ST 0x9C40905C0
ST 0x12B800040
LD 0x9C40A0600
ST 0x40F1931C0
LD 0x12C400140
LD 0x4075916C0
LD 0x12B800300
LD 0x12B800000
ST 0x143F3A17C0
LD 0x114FB38DC0
LD 0x85463D640
LD 0x12C400240
LD 0x12BC003C0
ST 0x9C40A0640
LD 0x12B800080
ST 0x12BC00080
LD 0x352110FC0
LD 0x11027030C0
LD 0x9C4080680
LD 0x9C40806C0
LD 0x7FF62AA40
ST 0x12BC00040
LD 0x12C800140
LD 0x12BC00240
ST 0x1410BA1C00
ST 0x1417BB3CC0
LD 0xFA6F27BC0
LD 0x1166723F80
ST 0x12C400000
LD 0xC6D2A1200
LD 0x3FD5A5A80
LD 0x410593A80
LD 0xBF2E816C0
LD 0x763E3B0C0
ST 0x352110780
LD 0x706E3DC80
LD 0x513E23840
LD 0x1108F24780
LD 0x3EAD92580
ST 0x401593380
ST 0x9C40A0700
LD 0x12BC00040
LD 0x352110D80
ST 0x13D5382380
ST 0x12C400240
LD 0x3521106C0
ST 0x145AF80040
ST 0x13FE3A3740
LD 0x3521103C0
LD 0x9C40B0740
ST 0x139FFA2340
ST 0xCAFE905C0
LD 0x12B8000C0
ST 0x14427A2100
LD 0x78E22F180
LD 0xC732B00C0
ST 0xD0EA807C0
LD 0xCA0280500
LD 0x3F4DA2080
LD 0x417986AC0
LD 0x5FF2092C0
LD 0x89FA2FC80
LD 0x9C4090780
LD 0x9C40A07C0
LD 0x12B8000C0
LD 0x4161A1240
LD 0x9C40A0800
ST 0x6F8215380
LD 0x12B800080
ST 0x9C40B0840
LD 0x12C8000C0
ST 0x12B800100
ST 0x5E3A11980
LD 0x7C4226340
ST 0xDA92919C0
LD 0x12B8001C0
ST 0x13DEB81600
LD 0x9C40B0880
LD 0x3E95B4200
LD 0xC95E815C0
ST 0x9C40B08C0
LD 0x12BC00200
LD 0xCC92A0200
LD 0x12BC000C0
LD 0x9C40B0900
LD 0x1088B0B480
LD 0x875211CC0
LD 0x6C020A440
LD 0x401D92240
LD 0xD9EA80080
LD 0x12BC00000
LD 0x104FF0E480
LD 0xC07291540
LD 0x352110540
LD 0x352110900
LD 0x352110D40
ST 0x12C800200
LD 0x108C724840
LD 0x4009A4A00
ST 0x3FCD80180
LD 0x418D90700
LD 0x3FC1941C0
LD 0x12B800000
LD 0x352110900
LD 0x69023DB00
ST 0x12B8000C0
LD 0x12BC003C0
LD 0x9C40B0940
LD 0x12C8000C0
LD 0x404DA6180
LD 0x5CEA35080
LD 0x12B800300
LD 0x10EAB1DC00
LD 0x352110340
LD 0x3521108C0
LD 0x12BC000C0
LD 0x3FF1B0440
LD 0x12BC000C0
LD 0x407996940
ST 0x12C4001C0
LD 0x67F212000
ST 0x3F3DA4C00
LD 0x352110200
ST 0xDA62A0840
ST 0x12C800000
LD 0x12BC00040
LD 0x408997EC0
LD 0x352110E00
LD 0x12B800280
LD 0x3F79B3200
ST 0x9C4080980
ST 0x3EF987900
LD 0x10CFF2E280
LD 0x12B800040
LD 0x40C9900C0
LD 0x3521103C0
ST 0x9C40809C0
ST 0x5E5E15DC0
LD 0xD1FA80C40
LD 0x3521106C0
LD 0x12B800200
LD 0x3EE982F40
ST 0x3F35837C0
LD 0x9C4080A00
LD 0x9C40B0A40
ST 0x12C400000
LD 0xC0EE81740
ST 0x12B800380
LD 0x3F19A4040
LD 0x12B800040
LD 0x352110C00
LD 0x5E9A01680
LD 0xD346A0540
LD 0x352110A80
LD 0x3F0581B40
LD 0x12B800280
ST 0x3F61A6FC0
LD 0x352110DC0
ST 0x9C4090A80
LD 0x12C800040
LD 0x12B800300
ST 0x9C4090AC0
LD 0x4029B5280
LD 0xFA032E940
ST 0x9C4090B00
LD 0x53B234200
LD 0x352110000
LD 0xD3E690840
LD 0x80A61CC40
LD 0x352110940
LD 0x352110740
LD 0x12BC00340
ST 0x9C4090B40
LD 0x9C40B0B80
LD 0x12BC002C0
ST 0x5D920E080
LD 0x107E702100
LD 0x12B8003C0
ST 0x13CF3B2680
LD 0x9C4090BC0
LD 0x3FF5A1580
ST 0x78460B8C0
LD 0x12BC00080
ST 0xD09EA0E80
LD 0xFC1328C80
LD 0x9C40A0C00
LD 0xC936800C0
LD 0x9C40A0C40
LD 0x89FE05480
LD 0x57CA0F1C0
LD 0x352110380
ST 0x13D63B0C80
ST 0x14683A2580
LD 0x352110740
ST 0x9C40B0C80
LD 0x5CEE12540
LD 0x12BC00200
LD 0x12BC00240
LD 0x10CFF3FB80
LD 0x3FA583580
LD 0x12BC00300
LD 0x3FE5A5800
ST 0x13D5383500
LD 0x3521100C0
LD 0x9C4090CC0
LD 0xCF6291640
LD 0x352110780
ST 0x1404B81F80
LD 0xD6BEA0300
LD 0x10ED305FC0
LD 0x5206380C0
LD 0x412DA5800
LD 0xD0CE903C0
LD 0x53962F500
LD 0x6CAA30080
LD 0x12B8000C0
LD 0x12BC00000
LD 0x12B800380
LD 0x12BC00100
LD 0x12BC002C0
LD 0x352110440
LD 0x10FE33BCC0
LD 0x9C40B0D00
LD 0x352110E80
LD 0x352110A00
LD 0xD756A0400
LD 0x60CA09540
LD 0xD02681400
ST 0x1460792A80
LD 0x3521102C0
LD 0x9C4090D40
ST 0x9C4080D80
LD 0x352110980
LD 0x6C9225BC0
LD 0xBBC690B40
ST 0x411180680
LD 0x9C4080DC0
LD 0xD21A80DC0
ST 0x9C4090E00
LD 0x352110440
LD 0xC43EB0480
LD 0x12B800280
LD 0x12C400340
LD 0x12B800240
ST 0x9C4090E40
LD 0x12C800180
ST 0x3FA9B7CC0
LD 0xC20AB08C0
LD 0x352110600
LD 0x12B800180
LD 0x4045B4D80
LD 0x69720FC00
LD 0x352110400
LD 0x73DE3CB40
ST 0x9C4080E80
LD 0x632E22F40
LD 0x4FBA24AC0
ST 0x1394381300
ST 0xC546B1880
LD 0x1036318A80
LD 0xD5FA90B00
LD 0x9C4090EC0
LD 0x3521103C0
LD 0x115DB1E840
LD 0x3521103C0
ST 0x140DFB3E40
LD 0x352110A40
ST 0x13D8792EC0
LD 0x9C40A0F00
LD 0x3F75A7B80
LD 0x352110EC0
LD 0x53DE04880
LD 0x352110440
LD 0x9C4090F40
LD 0xD9CEB1880
LD 0x12C800080
LD 0x12BC00280
LD 0x12B800300
LD 0x1186333240
LD 0x80AE220C0
LD 0x352110700
LD 0x4F5A0CD80
LD 0x9C40A0F80
LD 0xFD9F20680
LD 0x9C4080FC0
LD 0x87560A540
LD 0x6A5E34D00
LD 0x352110FC0
LD 0x3521102C0
LD 0x352110E80
ST 0x1454382240
LD 0x54DE20B80
LD 0x9C4081000
LD 0x9C40B1040
ST 0x12B8002C0
LD 0x12C800340
LD 0x12B800280
LD 0xD37291380
LD 0x12BC00280
LD 0x5CAA2E040
LD 0x617E27280
LD 0x12B800340
LD 0x12BC00080
LD 0xD35EA1440
LD 0x12C400340
LD 0x352110CC0
LD 0x9C40B1080
LD 0x12B8002C0
LD 0x3521104C0
ST 0x1432F82600
LD 0x12B800280
LD 0x4191843C0
ST 0x1022318000
LD 0x352110A80
ST 0x352110940
LD 0x9C40A10C0
LD 0xD21A90400
LD 0x9C40A1100
LD 0x9C4081140
ST 0x13FB783400
ST 0x12B800100
LD 0x352110100
ST 0x12BC00300
LD 0x352110380
LD 0x409D81B00
LD 0x9C40A1180
LD 0x12BC00300
LD 0xFBA732A40
ST 0x9C40911C0
LD 0x7BBA2E300
LD 0x12B8002C0
LD 0x352110500
LD 0x717600980
ST 0x139C3926C0
LD 0x74662A240
LD 0x12C8002C0
LD 0x12B8001C0
LD 0x9C4091200
ST 0x9C40B1240
LD 0xC06690A40
LD 0x12BC00100
LD 0x1053319E80
ST 0x9C4081280
ST 0x1462783880
ST 0x9C40912C0
LD 0x12B800180
LD 0x352110D00
ST 0x1068319600
LD 0x12B8000C0
LD 0x352110980
LD 0x7A0E21AC0
LD 0x5C660C9C0
ST 0x9C4081300
ST 0x13A13B10C0
LD 0xC73291200
LD 0x9C4091340
LD 0x12BC00240
LD 0x5FCE1A980
LD 0x3521105C0
LD 0xC79680CC0
LD 0x4099B5380
LD 0x89CA132C0
LD 0xC816908C0
LD 0xC122901C0
ST 0x138E3A14C0
LD 0xC4D281E00
LD 0x9C40B1380
LD 0x5C2E2FC80
LD 0x12C8001C0
ST 0x143DFB2900
LD 0x104F318AC0
LD 0xFACF1F4C0
LD 0x596A35640
LD 0x12C800380
LD 0x352110E80
LD 0x352110B80
LD 0x352110780
LD 0x5D6E14800
LD 0xCC8AB1840
LD 0x12B800200
LD 0x1152732280
LD 0x352110000
LD 0x12BC00040
LD 0x352110A40
LD 0x9C40A13C0
LD 0x12BC000C0
ST 0x13E5FA1B80
LD 0x352110080
LD 0x3F85947C0
LD 0xC386A0E00
LD 0x64CA14500
LD 0x3EFD855C0
LD 0x6BF618B80
LD 0x12C800080
LD 0x3521100C0
LD 0x12B800280
LD 0xC362A1180
LD 0x9C40A1400
LD 0x74EE1FF80
LD 0x3F9990DC0
ST 0x9C4091440
LD 0x781E35A00
LD 0x12B800040
LD 0x3FD1A4700
LD 0xCAEAA0B40
ST 0x12C400100
LD 0x116071CD40
ST 0x582634340
LD 0xCA32B1300
LD 0x352110800
LD 0x12BC00100
LD 0x12B800140
LD 0x9C4081480
LD 0x11297299C0
ST 0x1412381380
LD 0x12B8001C0
LD 0x9C40914C0
ST 0x13A2F82C00
ST 0x9C40B1500
ST 0x1467791080
ST 0x12BC00240
ST 0xCACA807C0
LD 0x405582180
LD 0x3F6D93980
LD 0x9C40B1540
ST 0x1016F04E00
ST 0x9C4091580
LD 0x12BC00000
LD 0x9C40915C0
LD 0x12BC00380
LD 0x10DCF065C0
ST 0x9C40B1600
ST 0x9C4091640
LD 0x12BC000C0
LD 0x9C4081680
LD 0xD5DA90B00
LD 0x352110100
ST 0x13A57B33C0
LD 0xFECB2B4C0
ST 0x9C40A16C0
LD 0x5A9E33900
LD 0xD6D280880
LD 0x9C4091700
LD 0x6F6A35880
LD 0xD52E91FC0
LD 0xC5A681280
LD 0x12BC00000
LD 0x12B800080
LD 0x12BC00040
ST 0x9C4081740
LD 0xC9EE81080
LD 0x12BC00080
LD 0x9C4081780
LD 0x352110A40
LD 0x9C40817C0
LD 0x352110F40
ST 0x1445B81E40
LD 0x9C40A1800
ST 0x140AFB3B00
LD 0x12B8001C0
LD 0x1147F0CA00
LD 0x628A2BB00
ST 0x1471383340
ST 0x13A4383A80
LD 0x12B800100
LD 0x352110A40
LD 0x3F1D83140
LD 0x12BC000C0
LD 0xC382A17C0
LD 0x12BC00100
LD 0x352110080
LD 0x3FAD94840
LD 0xCFB6A0BC0
LD 0x8C0E31D40
LD 0x9C4081840
LD 0x12B800180
LD 0x352110480
LD 0xC2FA80B00
LD 0x1170B334C0
ST 0x141AFB1880
LD 0x12B800100
LD 0x414192B80
LD 0x352110500
LD 0x110631E480
ST 0xCE2AB07C0
ST 0x9C4091880
LD 0x4071A0240
LD 0x110BF2E600
LD 0x9C40818C0
LD 0x3F4992780
LD 0x9C4091900
LD 0x748622C80
ST 0x9C40B1940
LD 0xFE7B39600
LD 0x3521101C0
ST 0x9C40A1980
LD 0xCBB280A80
LD 0x12B8002C0
ST 0x748E3E5C0
ST 0x144FBA0F40
LD 0x4045845C0
LD 0x12BC00380
LD 0x9C40919C0
LD 0x9C40A1A00
ST 0x9C40A1A40
LD 0x12B800240
ST 0x1462790C00
LD 0x419994640
LD 0x101C73AD00
ST 0x1469391DC0
ST 0x816E29480
ST 0xCB62B13C0
LD 0x3521101C0
LD 0x3EE5B6640
LD 0x12B800340
LD 0x12BC001C0
ST 0x646607EC0
LD 0x9C4091A80
ST 0x9C40B1AC0
ST 0x1442B90B40
ST 0x9C4091B00
LD 0x12BC00200
ST 0x9C40B1B40
LD 0x868E2B780
ST 0x9C40B1B80
ST 0x9C40B1BC0
LD 0x40CDB4100
ST 0x12B800000
LD 0x12BC002C0
LD 0x12B800240
LD 0x79F227200
LD 0x846E3E840
LD 0x12BC00180
LD 0x772213E40
LD 0x9C4081C00
ST 0x9C40A1C40
LD 0x763E2B980
LD 0x3F21A42C0
LD 0x6F0E23E40
LD 0x12B800240
LD 0x1129B35EC0
ST 0x138E3A3440
LD 0x83722E040
LD 0x9C40A1C80
LD 0x6ED211940
ST 0x8B0601080
ST 0x12B8001C0
LD 0x352110340
ST 0x12C400000
LD 0x12B800380
LD 0x3FD5959C0
ST 0xDA32B04C0
LD 0x408184540
LD 0x5B1A278C0
LD 0x352110B40
LD 0x4005B6F80
LD 0x12B800180
ST 0x139C383FC0
LD 0x114BB3E100
ST 0x13FB3B3700
LD 0x352110840
LD 0x10B8F13040
LD 0x352110CC0
LD 0x352110B00
LD 0x3521100C0
ST 0x40F1A73C0
LD 0x4025A7840
ST 0x13D6793340
LD 0xCFA6B1D40
LD 0x12BC003C0
LD 0x7F422ADC0
LD 0x9C4091CC0
LD 0x12B800300
ST 0x9C4081D00
LD 0x12B8003C0
LD 0x12C400080
LD 0x12C800240
LD 0x10FD72A740
LD 0x352110040
LD 0x865235540
LD 0x101D317840
LD 0x12B8001C0
LD 0x9C40A1D40
LD 0x12BC000C0
LD 0x40C581180
LD 0xD14AB1180
LD 0x9C40A1D80
LD 0x9C40B1DC0
LD 0xCE7AB18C0
LD 0x12B800000
ST 0x1047B39500
LD 0x9C4081E00
LD 0x9C4081E40
LD 0x9C4081E80
LD 0x7BFE105C0
LD 0x69BA0AE00
LD 0x12B800180
LD 0xFBB72F2C0
LD 0xC21680000
LD 0x352110280
LD 0x9C40B1EC0
LD 0xCAD2A18C0
LD 0xFF8324F80
LD 0x698604AC0
LD 0x352110740
ST 0x9C4091F00
ST 0x13D5B92F40
LD 0x9C40A1F40
LD 0x9C4091F80
ST 0x13AF7B3180
ST 0x9C4081FC0
LD 0x12B800040
ST 0x9C40B2000
LD 0x9C40B2040
LD 0x352110A80
LD 0x3521103C0
LD 0x78962C780
LD 0x12C4001C0
ST 0x9C4082080
LD 0xCBDEA0A00
LD 0x12BC00200
ST 0x9C40920C0
LD 0x6CFA393C0
ST 0x3F1D92D00
LD 0x12B800180
LD 0x12BC00040
LD 0x12C800180
LD 0x1020B2F980
LD 0x352110980
LD 0x352110080
LD 0x9C4092100
LD 0x9C4082140
LD 0x352110540
LD 0x352110900
LD 0x12B800000
LD 0x9C40B2180
LD 0x40E9B02C0
LD 0x12B800280
LD 0x418180FC0
LD 0x352110E00
LD 0xCFAAB1000
ST 0x3E9194440
LD 0x100E309A80
LD 0xCABE81F00
ST 0x9C40821C0
LD 0x352110BC0
LD 0x5D2A22F40
LD 0x89D62F300
LD 0x786203600
LD 0x12C800280
LD 0x9C4092200
LD 0x12C800000
LD 0x12BC00100
LD 0x10E5F0D840
ST 0x13BAFB2540
LD 0x3521100C0
ST 0x7C0A04640
LD 0x352110980
LD 0x5716203C0
LD 0x106A7060C0
LD 0x3521106C0
LD 0x352110380
LD 0x554625440
LD 0x52FE16080
LD 0x12BC00380
LD 0x12C800080
LD 0xD86281C40
ST 0x3EE1A3440
ST 0xCE62A1CC0
LD 0x352110300
LD 0xC1CEB0FC0
LD 0x10B9B0CC00
LD 0x6ECE3BBC0
LD 0x352110740
ST 0xFAB308000
ST 0x13BE781C00
LD 0x12C400300
LD 0x108BB21280
LD 0x352110A40
LD 0x352110DC0
LD 0x12B800140
ST 0x352110FC0
LD 0x106EB02980
LD 0x9C4092240
ST 0xD13AA0FC0
LD 0xC93AA0B40
LD 0x62B230800
LD 0x352110780
LD 0xC842A1D00
LD 0x12BC002C0
LD 0x12BC00180
LD 0x352110900
LD 0x9C40B2280
LD 0x8B66249C0
LD 0x8932354C0
ST 0x14667A1F00
ST 0x9C40A22C0
LD 0x12BC00080
LD 0x895E024C0
LD 0x12B8003C0
LD 0x7A46381C0
LD 0x12C8003C0
LD 0x3FA585E80
LD 0x12C400340
LD 0x12BC00100
LD 0x9C4092300
LD 0xC24E81140
LD 0x9C4082340
ST 0x3FBD90680
LD 0xC852B17C0
LD 0x352110DC0
LD 0x85DE3CA80
LD 0x9C4082380
LD 0x40B9B7E80
LD 0x692E37980
LD 0x12C400040
LD 0xFB2F17B00
LD 0xD542A0400
LD 0x409581600
LD 0x10BAF1C900
LD 0xC5B6812C0
LD 0x12B800000
ST 0x1471FB3B00
ST 0x1133308E80
LD 0x12BC00300
LD 0x12BC00000
LD 0x7D1209EC0
LD 0xC8EE80000
ST 0x7AA633A40
LD 0x3FE595640
LD 0x3F7986E80
LD 0xC0F2A1680
LD 0x12B800200
ST 0x9C40823C0
LD 0x56F20C700
LD 0x352110880
LD 0x791A13A80
LD 0x12BC000C0
ST 0x1465783380
LD 0x12B800040
ST 0x9C40B2400
LD 0x3E8DA5E00
LD 0x12B800200
LD 0x734205980
LD 0x3521105C0
LD 0x1075B29FC0
LD 0x12BC00040
LD 0x105471AD00
LD 0xC0DA90340
LD 0x12B800240
LD 0x12BC001C0
ST 0x9C40A2440
LD 0x12BC00040
ST 0x1425F82900
LD 0x352110940
LD 0xFFB712500
LD 0x3F2DB0DC0
ST 0x808239500
ST 0x7D8A206C0
LD 0x12B800180
ST 0x144CBB2AC0
LD 0x9C4092480
LD 0x12BC00200
LD 0xFC5B24080
ST 0x10F9338040
LD 0x12C800180
LD 0x115171B4C0
LD 0xC1BAA0880
LD 0x9C40824C0
LD 0x352110C40
ST 0x1389FB3980
LD 0x1153B36180
LD 0xCBE681A80
ST 0x81A21D8C0
LD 0x352110C00
LD 0xD9FAA0100
LD 0x3521107C0
ST 0x352110E40
LD 0x1182702440
LD 0xFA973DB40
LD 0x411DA1DC0
ST 0x8BB223480
LD 0x352110640
LD 0xD872A0A40
LD 0x40F9A4400
LD 0x12BC00200
LD 0x9C40B2500
LD 0x9C4092540
ST 0x415D82F00
LD 0x118EF10880
ST 0xC69AB0540
ST 0x101D33D040
LD 0x12B8002C0
ST 0x138AFA3C00
LD 0x12B8001C0
ST 0x889E0C5C0
LD 0x796A36A00
LD 0x352110AC0
LD 0xD6EAA16C0
LD 0xD13AA1080
LD 0x4025B0AC0
LD 0x12C800040
LD 0xC97680A80
LD 0x52A611080
ST 0x13B0381E40
LD 0x10E9B27340
ST 0x13F3B82740
LD 0xFF2337D00
LD 0x889617400
LD 0x12B800080
LD 0x12BC00080
LD 0x5B4A0E100
LD 0x401180540
LD 0x352110B40
ST 0x415582CC0
LD 0x352110EC0
ST 0x1480783FC0
LD 0x12BC00280
LD 0x7CC616B40
LD 0x12B800200
LD 0x57B228280
LD 0x3521105C0
LD 0x4199A7C00
LD 0x6CB62A2C0
LD 0x7C4603380
LD 0x12BC00300
LD 0x9C4082580
ST 0x668203840
LD 0x9C40825C0
LD 0x352110180
LD 0x352110780
LD 0x12BC00380
LD 0xBEF6812C0
ST 0x13B97A12C0
ST 0xCB9E91B00
LD 0xCD5281040
LD 0x68723E1C0
LD 0x12BC000C0
LD 0xC23281EC0
LD 0x4031A0C00
LD 0x408194000
LD 0x7AB225C80
LD 0x64E21F580
LD 0x352110740
LD 0x12BC003C0
LD 0x12BC00280
LD 0x9C40B2600
LD 0x352110600
ST 0x142CBB2C40
ST 0x9C4092640
LD 0x12B800300
LD 0xD3CE90AC0
LD 0x5F86113C0
LD 0x107173E380
LD 0x352110640
LD 0x12BC001C0
ST 0x13B2FA17C0
ST 0x14283833C0
LD 0x400DB7D40
ST 0x40A994EC0
LD 0x12B8003C0
LD 0xFA6730000
LD 0x12BC003C0
ST 0x13D3BB0F40
LD 0xC6F6B0180
LD 0x523A09700
LD 0x5582009C0
LD 0x416981480
LD 0x12B800240
ST 0x1086727A40
LD 0x7CD23EA00
LD 0x410981240
LD 0x12BC00200
LD 0x8102210C0
LD 0x411983780
ST 0xD606A0900
LD 0x9C40B2680
ST 0x9C40826C0
LD 0x1001724DC0
LD 0x12B8001C0
ST 0x143FBA1140
ST 0x12B800340
LD 0x12BC001C0
LD 0x12B800280
LD 0x7E62224C0
ST 0xD33EA1C40
LD 0x7C1634A40
LD 0x3F0DA4400
LD 0xC8CE81DC0
ST 0xCAF690E40
LD 0x9C4092700
ST 0xC8BEA0140
ST 0x13C77905C0
LD 0x9C4082740
ST 0x119130C040
ST 0x13CC7B2480
LD 0x9C40A2780
LD 0x635A14100
ST 0x13E5BA0C40
LD 0x352110440
LD 0x12BC00100
LD 0x3FDDA21C0
LD 0x9C40B27C0
LD 0x9C4092800
LD 0x7B0E25B80
LD 0x352110840
LD 0x12C400240
LD 0x352110EC0
ST 0x12BC000C0
LD 0x4015836C0
LD 0x843232980
LD 0x3F4DA06C0
LD 0x12B8003C0
ST 0x60C22B940
LD 0x3F39A5E00
LD 0x12BC00300
LD 0x3FF586E80
LD 0x12BC00300
LD 0x9C4092840
LD 0xD3C691C40
LD 0xCC8EB1380
LD 0x12C400300
LD 0x9C40B2880
LD 0x569E06600
LD 0x12BC00180
ST 0x5A8638140
LD 0x7FBE29F80
LD 0x12BC00000
LD 0x9C40B28C0
ST 0x3ED1B5DC0
LD 0x9C40B2900
LD 0x672A0F440
LD 0x811E36840
LD 0x352110F00
ST 0x13FCF92FC0
LD 0x12B800240
LD 0x12BC000C0
LD 0x416590E80
LD 0xC95691400
LD 0x9C40B2940
LD 0x3E89B77C0
LD 0x7AFE31700
LD 0xBCA6B1180
LD 0x9C40B2980
LD 0x12BC00200
LD 0x4079A05C0
LD 0x70020EB00
ST 0x14147910C0
LD 0xC1A280A80
LD 0xC27AA17C0
LD 0x7B962D6C0
ST 0x9C40B29C0
LD 0xBCFEA1480
LD 0xD10281740
LD 0x3521104C0
LD 0x3521108C0
LD 0x352110140
ST 0x9C4092A00
LD 0x9C40B2A40
LD 0x352110880
LD 0xBEBA81300
LD 0x12C400300
ST 0xD476900C0
LD 0x9C40B2A80
ST 0x3EA5A1E80
ST 0x4051A5980
ST 0x1473782900
LD 0x352110740
LD 0x12BC00100
ST 0x13F77B0740
LD 0xCDCEA15C0
LD 0x55A612EC0
LD 0x12BC003C0
LD 0x557A17000
LD 0x7F8A29740
LD 0x9C40B2AC0
LD 0x12C400240
ST 0x4095937C0
LD 0x65BA2B980
LD 0x3F05A7700
LD 0x80DA24580
LD 0x352110FC0
ST 0xCE16B05C0
LD 0x352110B40
LD 0x352110640
ST 0x146EF813C0
LD 0xFA330B200
LD 0xD446A1A80
LD 0x76862EC40
LD 0x352110200
LD 0xD77EA1A00
LD 0xBF9681CC0
LD 0x402DA5D80
ST 0xD9D281140
LD 0x12C400200
LD 0x3F1DA25C0
LD 0x352110100
LD 0x700E3DE80
LD 0x9C40A2B00
LD 0xD3BA91180
LD 0xC226A0440
LD 0xC0A680140
LD 0xFD2B0CC80
LD 0x108DB37480
LD 0x9C40A2B40
LD 0x9C4092B80
LD 0x12C800200
ST 0x13ADFB3400
ST 0x13EEF90B40
LD 0x1095310180
LD 0x836214BC0
ST 0x12BC00280
LD 0x1051B2A480
ST 0x12BC00200
LD 0x352110C40
ST 0x526A13C40
LD 0x100B700600
LD 0x9C4082BC0
LD 0x352110A00
LD 0x12BC00300
LD 0xBCBAA0640
LD 0x9C4082C00
LD 0xD13E90A40
LD 0x12BC00080
LD 0x352110400
LD 0xC98E81F40
LD 0x9C40A2C40
LD 0xCCE2A1540
LD 0x110C73E080
LD 0x410593200
LD 0x10A6339980
LD 0x3521101C0
LD 0x12B800000
ST 0x1457FA1C40
LD 0x12BC000C0
ST 0x13BBB83C80
LD 0x352110600
LD 0x9C40A2C80
LD 0x9C40B2CC0
LD 0x352110F40
LD 0x9C4082D00
LD 0x12BC00080
ST 0x417587900
LD 0xC8BE80C80
LD 0x12BC000C0
LD 0x9C40A2D40
LD 0x352110240
ST 0x143DFB2200
ST 0x3F2DA6240
LD 0x12BC001C0
LD 0x9C4092D80
LD 0x352110D80
LD 0x404594880
LD 0x12BC00280
LD 0x12BC00200
ST 0x13D33B2EC0
LD 0x352110D40
LD 0x352110700
LD 0xC996801C0
LD 0x9C4082DC0
ST 0x1166F02C00
LD 0x352110B80
ST 0x790A327C0
LD 0x352110840
LD 0x117CB09400
LD 0xC872801C0
LD 0xD14EA1180
LD 0x61662E3C0
LD 0x352110AC0
LD 0x40C1A31C0
LD 0x12B800000
LD 0x9C4082E00
LD 0x4145A2280
LD 0x9C4082E40
LD 0xCD2A91340
LD 0x12BC00000
LD 0x12BC002C0
LD 0x9C4082E80
LD 0x12B800300
LD 0x9C40B2EC0
LD 0x415D90900
LD 0x5E1A0D480
LD 0x713A0C640
LD 0x7BEE06040
LD 0x352110240
ST 0x1408381640
LD 0x12BC00340
LD 0x9C40B2F00
ST 0x9C40A2F40
LD 0xCCCAB0D40
LD 0x12BC00040
LD 0xCEDAB0340
LD 0x12BC002C0
LD 0xBE22B05C0
LD 0x12BC00380
LD 0x113D319900
LD 0x9C40B2F80
ST 0xC56AA0B00
LD 0x352110DC0
LD 0x623E02400
LD 0x561216600
LD 0x12B800300
LD 0x6046254C0
LD 0xCFAA805C0
ST 0x7EBA0F000
LD 0x9C40B2FC0
ST 0x352110CC0
LD 0x12B800040
ST 0x781A3F480
LD 0x3F6584280
LD 0x750635E80
LD 0x4F6E130C0
LD 0x12BC00380
LD 0xFA8F21DC0
LD 0x60EA2DF80
LD 0x3EC5B43C0
LD 0x69963A9C0
LD 0x1052B03F80
ST 0x418D96E40
LD 0x12C400140
LD 0x352110940
LD 0x352110D80
LD 0x12B800380
ST 0x414596EC0
LD 0x8C0E21F80
LD 0x101BB3B680
LD 0x9C40B3000
LD 0x76DE300C0
ST 0x13F2B81EC0
LD 0x10E273AA00
LD 0x783A2F5C0
LD 0x352110440
LD 0x8A7615340
ST 0x140EFA1D00
LD 0x12C800240
LD 0x9C40B3040
ST 0x4E7E113C0
LD 0x9C4083080
LD 0x3EFDB5D40
LD 0x3EA1A7600
LD 0x12B800300
LD 0x5C6A0FF40
ST 0x147C3B1F00
LD 0x9C40A30C0
LD 0x9C4083100
ST 0x1460B92680
LD 0xBD92A0E40
LD 0x9C40A3140
LD 0x9C40B3180
ST 0x3FA995F40
LD 0x9C40B31C0
LD 0xD5EA91BC0
LD 0x12BC00140
ST 0x79120AC00
LD 0xCDCA80EC0
LD 0x3F7D86BC0
ST 0x13F6FA1040
LD 0x352110700
LD 0x12BC00340
LD 0x9C4093200
LD 0x12C8003C0
LD 0x3FE1A3E40
ST 0x9C40A3240
ST 0xC5CEB1040
LD 0x12BC00240
LD 0x9C4083280
LD 0x12C400100
LD 0x3EE5A2440
ST 0xD5EA81940
LD 0x12B8003C0
ST 0xD65AB0DC0
LD 0xFC1F00540
LD 0x3FD595040
LD 0x352110F40
ST 0x3F3193CC0
LD 0xD792B1B00
LD 0x4145A1700
ST 0x9C40A32C0
LD 0x12BC00180
LD 0x352110A80
LD 0xCA0AA1D80
LD 0x12B800040
LD 0x3ED593F00
LD 0x352110FC0
ST 0xC8EA81E40
LD 0xC67E91480
LD 0x102A32F1C0
ST 0x141FBB0600
LD 0x629A053C0
LD 0x410594240
LD 0xCDE6B0E00
LD 0x352110640
LD 0x400DB0540
LD 0x12B800240
LD 0x352110080
ST 0x9C40A3300
LD 0x5372090C0
LD 0xC1A681B00
ST 0x106EB28F00
LD 0x352110F00
LD 0x9C4093340
LD 0x102D31C880
LD 0x7D6230F00
LD 0x9C40A3380
LD 0x40D9B0300
LD 0x9C40A33C0
LD 0x352110000
LD 0x12BC000C0
LD 0x4051A2580
LD 0x12BC00040
LD 0x12BC00240
LD 0x12C800100
ST 0x5E3622380
LD 0x12C800300
ST 0x13F97B3900
LD 0x60D20B240
LD 0x5402030C0
ST 0x111B330300
LD 0x352110B80
LD 0x9C40A3400
ST 0x12BC00100
LD 0x352110B40
LD 0xD5FA91A40
LD 0x12B800300
LD 0x57EE00040
LD 0x352110000
ST 0x9C4093440
LD 0x12BC00080
ST 0x145BBB34C0
LD 0x12B800140
ST 0x9C40B3480
LD 0x40D9A4640
LD 0x12C800280
LD 0x787630D40
LD 0x1132F31280
ST 0x3EA9B4D80
ST 0xBFD6B0FC0
ST 0x14003B1D00
LD 0x9C40A34C0
LD 0x352110EC0
ST 0x13AF7A0740
LD 0x106C318A00
LD 0x86523D780
LD 0x3F05B3F80
LD 0x404982180
LD 0x12B800140
LD 0x9C40A3500
LD 0x3F7D92600
LD 0xCAAAB18C0
ST 0x12BC00300
LD 0xC38EA1580
ST 0x13F9B93840
LD 0x352110400
LD 0x9C4093540
ST 0x9C40A3580
LD 0x12B800040
ST 0x9C40B35C0
LD 0x12BC003C0
LD 0x352110B80
LD 0xD3E6A0580
LD 0xCA4E907C0
LD 0x9C40A3600
LD 0x352110B40
LD 0x9C4083640
LD 0x10C2B1C1C0
LD 0x10E9703A00
LD 0x12B800340
ST 0x544E3B080
ST 0x9C40B3680
LD 0x352110B80
LD 0x3ECD84680
LD 0x8226007C0
LD 0x9C40B36C0
LD 0x3521102C0
LD 0x9C4093700
LD 0x8446010C0
LD 0x12C400040
ST 0x12BC000C0
ST 0x13AEF935C0
ST 0xC43A91280
LD 0x12C800280
ST 0x12B800380
LD 0x12BC00300
LD 0x1059F06C80
LD 0xCECEA1EC0
ST 0x12B8001C0
LD 0x6D6619700
LD 0x12B800240
LD 0x12B800000
LD 0x81FE2A2C0
LD 0x12B800080
LD 0xD6CE90F80
LD 0x352110340
LD 0xDA46A0000
LD 0x105DB11D80
LD 0xBDCAA1FC0
ST 0x3EDDA6D80
LD 0xC702B10C0
LD 0x352110040
ST 0x1470F93C80
LD 0x9C40B3740
ST 0x4015B5100
LD 0x9C4093780
ST 0x141A7A3680
LD 0x9C40B37C0
LD 0x676A0A9C0
LD 0x52DE09B40
LD 0x7BDA04340
LD 0x352110300
ST 0x352110A40
LD 0x10DC736F40
LD 0x12BC00380
LD 0x9C4093800
LD 0x12B8003C0
LD 0x12B800340
LD 0x9C4083840
LD 0x690A13FC0
LD 0x9C4083880
ST 0x9C40A38C0
LD 0x1118F30E40
LD 0xFCF332700
LD 0x56FA3D400
LD 0x8BC605B00
LD 0x746E3E040
LD 0x1085F0F240
LD 0x352110780
LD 0x9C4093900
ST 0x4139B3600
LD 0x352110640
LD 0x3521100C0
LD 0x86D22B080
LD 0x12B8000C0
LD 0x414983000
ST 0x13E47B1100
ST 0x9C4083940
ST 0x9C40B3980
LD 0x4069A3180
LD 0x3EC9A1480
ST 0x13A7F83F00
LD 0x12BC00200
LD 0x352110C00
LD 0x9C40939C0
ST 0x9C4093A00
LD 0x12C8002C0
ST 0x12B800300
LD 0x12C8000C0
LD 0x3ED193A40
ST 0x4F8E01800
ST 0x56AE34300
LD 0x352110800
LD 0x3F91A1440
LD 0x12B800280
LD 0x4035A3480
LD 0x3FF5B3C40
ST 0x5DB23ECC0
LD 0x410D96E00
ST 0x13D57B0C00
LD 0xC6B6A0CC0
LD 0x352110A00
LD 0xBBFEB1680
LD 0x7B660AF40
LD 0x12BC00140
LD 0x4195837C0
LD 0x12B800080
LD 0x12BC00240
LD 0xD312B1CC0
LD 0x7F9634D80
ST 0x406DA48C0
LD 0x9C4093A40
ST 0x146EF91B40
LD 0x6DD234300
LD 0x9C40B3A80
ST 0x12B800280
ST 0x9C4083AC0
LD 0x411D909C0
LD 0x352110D00
LD 0x6D02141C0
ST 0x13B7780E00
LD 0xC322B0580
LD 0x352110D80
LD 0x3EB585FC0
ST 0x40E987680
ST 0x12BC00000
LD 0x352110CC0
ST 0x407D852C0
LD 0x12BC00280
LD 0x12B800240
LD 0x6B4E08EC0
ST 0x3FB180340
ST 0x40B9B3EC0
ST 0x3FA187B80
LD 0x6D8226000
LD 0x1104B0F500
LD 0xFBBF1D700
LD 0x352110200
LD 0x5D0231CC0
LD 0x4051B1440
LD 0x352110600
LD 0x40F184B80
ST 0x12B8002C0
ST 0x3FBDA2A80
LD 0x9C4083B00
LD 0x109E32D7C0
ST 0x4019A2A00
LD 0x12BC003C0
LD 0x9C40B3B40
LD 0x12B800140
LD 0xD532A1080
LD 0xFA6B1D680
LD 0x10A8B02EC0
LD 0x12C800300
LD 0x1014338680
LD 0x12BC00180
LD 0x12BC003C0
LD 0x9C40B3B80
LD 0xCE9680580
LD 0x1184B30F40
LD 0x352110BC0
ST 0x9C40A3BC0
LD 0x1010726E40
ST 0x352110E00
LD 0x9C40A3C00
LD 0x9C40A3C40
ST 0x10F830C700
LD 0x352110380
LD 0x3F7DB7980
LD 0x4075B4040
LD 0xCAA2A0CC0
ST 0x9C40A3C80
LD 0x352110400
LD 0x40B180180
LD 0x12BC001C0
ST 0x12B8003C0
LD 0x12BC00200
LD 0x12B800000
LD 0x12BC00000
LD 0x352110B80
LD 0x12BC00140
LD 0xC42AB0500
LD 0x3EADA1640
ST 0x9C40A3CC0
LD 0x12BC00340
LD 0xFC7715C40
LD 0x12B800000
LD 0x352110F00
LD 0x12B800200
LD 0x40F9A4340
LD 0x9C4083D00
LD 0x352110240
LD 0x12BC00300
LD 0x78F601100
LD 0x12C800280
LD 0x12B8000C0
LD 0x9C4083D40
ST 0x352110340
LD 0x3521104C0
LD 0x12B800200
LD 0x352110B80
ST 0x12B8000C0
ST 0x13F9F93C00
LD 0x3F49A1D00
LD 0x352110E00
ST 0x7C5618100
LD 0x12BC00280
LD 0x12B800380
LD 0x12B8003C0
LD 0x1015719F40
LD 0x9C4083D80
LD 0x352110580
ST 0x9C4093DC0
LD 0x8C02285C0
LD 0x3EFD82480
LD 0x4175A5100
LD 0x64CA3F0C0
LD 0x352110480
ST 0x13DE7A1040
LD 0x107DB32AC0
LD 0x1046B18880
ST 0x9C40A3E00
LD 0x762A28D40
ST 0xBE3A805C0
LD 0xFB67304C0
ST 0xC802A1DC0
ST 0x352110F80
LD 0x9C4083E40
LD 0x83A6377C0
LD 0x676A22000
LD 0x40D5A03C0
LD 0x12C4003C0
LD 0x352110840
LD 0x793E3AB80
ST 0x9C40B3E80
LD 0x40DD87D40
LD 0x12BC000C0
LD 0x12BC00140
LD 0x12BC000C0
LD 0x413995680
ST 0x402D87480
LD 0xD2B6A1280
LD 0x352110040
LD 0x12BC00340
LD 0x763621D00
LD 0xFCB731380
LD 0x8BA60F640
LD 0x352110240
LD 0x12B8000C0
LD 0xC216B05C0
ST 0x1397F92400
ST 0x9C4083EC0
LD 0x879E34940
LD 0x5D6623040
LD 0x12C400380
LD 0xFDA704240
ST 0x12BC00200
LD 0x9C40B3F00
LD 0x619E23A00
LD 0x3F1DB63C0
ST 0xBCBE80200
LD 0x5AF235800
ST 0xBF4EA0500
ST 0x1389393740
LD 0xBFE681600
ST 0x9C40B3F40
LD 0x12C400240
LD 0x352110800
LD 0x1013339700
LD 0x352110D40
ST 0x3EC993900
ST 0x13A3B80C80
LD 0x3EEDB5B00
LD 0x415596780
LD 0x3F6594980
LD 0xBDD291940
ST 0xC67EB0580
LD 0x85BA00140
LD 0x9C40A3F80
LD 0x4091B2CC0
ST 0x3F7994600
LD 0x9C4083FC0
LD 0x12BC00300
LD 0x9C40A4000
LD 0x352110740
LD 0x3521105C0
LD 0x6A82120C0
LD 0x9C4094040
LD 0x112B737AC0
LD 0xD3EAA0940
ST 0x1481B80400
LD 0x12BC00380
LD 0x5E723F300
LD 0x352110C80
LD 0x4031915C0
LD 0x12BC00340
LD 0x500E1E680
LD 0x12C400180
ST 0x13ADFB3000
LD 0x9C4084080
LD 0x1189B075C0
LD 0x352110580
ST 0x3FE984600
LD 0x81D233900
LD 0x571609180
LD 0x114DF230C0
ST 0x140D782780
LD 0x3F7195540
LD 0x1100B16D40
LD 0x9C40840C0
LD 0xC3AAB1A00
LD 0x7F622B380
LD 0x352110680
LD 0xDA8281340
LD 0x6FA603B40
ST 0x1424783D40
ST 0x675225680
LD 0x12B8001C0
ST 0x9C40A4100
LD 0x12BC00080
LD 0xD52E914C0
ST 0x146DF93D00
LD 0x352110E80
LD 0x352110A40
LD 0x57EE17480
LD 0x4125B57C0
LD 0x352110840
LD 0xC232B13C0
LD 0x4E7E102C0
LD 0x674E04000
LD 0xD336B0740
LD 0x12BC00140
LD 0x40D1942C0
LD 0xBDF6A0E00
LD 0xBD92B0DC0
LD 0x9C4084140
LD 0x9C40B4180
LD 0x12C400240
LD 0x352110240
LD 0x110933EDC0
LD 0x402986BC0
LD 0x9C40941C0
LD 0x12B8002C0
LD 0x79DE3B040
LD 0xC092A1200
ST 0x12B8002C0
LD 0x12B800240
LD 0x352110AC0
LD 0x352110200
LD 0x9C40A4200
LD 0x9C4094240
LD 0x9C40B4280
ST 0x13BA3907C0
LD 0x4175A4D80
LD 0x65963C840
LD 0x4175B4D80
LD 0x12B800140
ST 0x9C40A42C0
LD 0x5CF23EF00
ST 0x1474B91FC0
LD 0xC58EA0900
LD 0xD576A0540
ST 0x12B800000
LD 0x3F6190400
LD 0x11007188C0
LD 0x645E2EFC0
LD 0x352110680
LD 0x12B800180
LD 0x352110C40
LD 0x3EB1B6D00
LD 0x411596BC0
LD 0x3F7190E40
ST 0x415DB7DC0
LD 0x687A22C40
LD 0x112670F800
LD 0x53D2333C0
ST 0x1466382440
LD 0x9C4084300
LD 0x12C400000
LD 0x12BC00200
LD 0xCF3290C00
LD 0x9C40B4340
ST 0x9C40B4380
LD 0x3ED1B5200
LD 0xD76E80080
LD 0x12B800380
LD 0x9C40843C0
LD 0x50FA06980
LD 0x352110100
LD 0x4019B5FC0
LD 0x352110C40
LD 0xC096811C0
ST 0x143EF91080
LD 0x12B800140
LD 0x5B9E1D340
LD 0x3F71A77C0
LD 0x12BC00000
LD 0x81C23DB00
LD 0x111970D500
LD 0x352110C00
LD 0x352110F00
LD 0x352110580
LD 0x105FB2A100
ST 0x40D9B0700
ST 0xC54AA0040
ST 0xD70AA1A80
LD 0x352110740
LD 0x352110800
LD 0x10ED711980
LD 0x352110680
LD 0x352110F80
LD 0x656627300
ST 0x3EE5927C0
LD 0xD09EB1240
ST 0x9C4084400
LD 0xBE42B1FC0
LD 0x10D172DAC0
LD 0x12C400080
LD 0x9C4094440
LD 0x816225480
LD 0x4F9618680
LD 0x9C4084480
ST 0x12C8000C0
LD 0x850217340
ST 0x636A23BC0
ST 0x141FB813C0
LD 0xBDEEA0F00
LD 0x352110EC0
LD 0x56EE140C0
LD 0x1191B2E740
LD 0xCF6680680
ST 0x14633A0C80
LD 0x12C8000C0
LD 0xD16A81240
LD 0x12B8000C0
ST 0x12BC00080
LD 0x10E1B06EC0
LD 0x5ADE3DE00
LD 0x12BC003C0
LD 0x12C4001C0
LD 0xC62290140
LD 0x12B800180
LD 0xDA66B0E00
LD 0x9C40844C0
ST 0x1073319400
ST 0x9C40B4500
LD 0x9C4094540
LD 0x9C40A4580
LD 0x1084B09F40
LD 0x352110040
LD 0x9C40945C0
LD 0x3521109C0
LD 0x12BC00340
LD 0x352110A80
LD 0x12BC002C0
ST 0x3F2587600
LD 0x352110CC0
LD 0x352110B40
LD 0x550A31380
ST 0x12B8003C0
LD 0x9C40B4600
LD 0x352110B80
LD 0x352110400
LD 0xD722B0D80
LD 0x352110B00
LD 0x12B800000
LD 0xCEFA81A80
ST 0x5BFA149C0
LD 0x12BC00280
LD 0x9C4094640
LD 0x12BC00040
LD 0x3521100C0
ST 0x602A21000
LD 0x12B8000C0
LD 0xBCD281F40
LD 0x827627440
LD 0x12C800300
ST 0x9C4084680
LD 0x40C5A0200
LD 0x12C8002C0
LD 0xFD3319A00
LD 0x552A33680
ST 0x14523B1340
LD 0x12BC000C0
LD 0x4189B55C0
LD 0x10EF312280
LD 0x12B8002C0
LD 0x12B800380
LD 0x352110C00
ST 0x13D0BB3140
LD 0xD4D291D80
LD 0x12BC00080
LD 0xD0FA90980
LD 0x9C40946C0
ST 0x9C40A4700
LD 0x8B8E13200
ST 0xD9FA91B40
LD 0x9C4094740
ST 0x142A7B3380
LD 0x12B800200
LD 0x776A18340
LD 0x12B800380
LD 0x1071F32700
ST 0xC486819C0
LD 0x12C800040
LD 0x9C4094780
ST 0x1465BA2A80
LD 0x9C40847C0
ST 0x1405B80800
LD 0x575E0B300
LD 0x639A2AB80
LD 0x6F4E01EC0
ST 0x411980400
LD 0x352110080
LD 0x3FF583780
LD 0xBFDEB12C0
LD 0x12B800280
LD 0x105FF27600
LD 0x352110AC0
LD 0x12BC00280
LD 0x614E3E040
LD 0x352110580
ST 0x13D37B3800
LD 0xBE4AB1800
LD 0xD3B690AC0
LD 0xFA5F0DCC0
LD 0x9C4094800
LD 0xC55691D00
LD 0x352110700
ST 0x4031A7600
ST 0x6CFA37940
LD 0x3F61B1B80
LD 0x12C800000
LD 0x1133F0CA00
LD 0x3521105C0
LD 0x88F21CC00
ST 0x408186240
LD 0x10F571D000
LD 0x9C40A4840
ST 0x9C4084880
LD 0x352110440
LD 0x12BC00100
ST 0x9C40B48C0
LD 0x12B800000
LD 0xBFD291A00
LD 0xD092A1200
LD 0x7A7632B80
LD 0x12BC003C0
LD 0xC302A0180
ST 0x12C400040
LD 0x12B8001C0
ST 0x3521105C0
ST 0x7D6618080
ST 0x683E296C0
LD 0x40C592200
ST 0xBE8E80880
LD 0x117570A600
LD 0x12B8000C0
ST 0xC3CAB0E00
LD 0x9C40A4900
LD 0x894A3CE80
LD 0x79162E880
LD 0x3EED85BC0
ST 0x14023928C0
LD 0x12C800280
LD 0x12BC002C0
LD 0x400195800
LD 0x4001A58C0
LD 0x3521100C0
ST 0x586A36380
LD 0x9C4084940
LD 0x7D1E2EFC0
LD 0x4031B4000
LD 0x57AA2C480
LD 0x352110080
LD 0x12BC00100
LD 0x352110380
ST 0x3FA983040
LD 0x352110140
LD 0xD27EA0180
LD 0x1116310F00
LD 0x352110D40
LD 0x9C40A4980
LD 0x12BC000C0
LD 0x7FFA1FCC0
LD 0xFBBB05B00
LD 0xDA72B1540
LD 0x12B8001C0
LD 0x3EA1A7300
LD 0x4159A4500
LD 0x9C40949C0
ST 0xC6DAA1D80
LD 0x105371EDC0
ST 0x1442382740
LD 0xD6B290400
LD 0x9C4084A00
LD 0x12BC00000
LD 0x352110540
LD 0x3EA181680
LD 0xD73281E40
LD 0x12B800180
LD 0x352110140
ST 0x12BC003C0
LD 0x12C800000
LD 0x66621B440
ST 0x52FE1B500
LD 0x5F6237640
LD 0x12BC00100
ST 0x4065B6840
ST 0x1417B80A80
LD 0x12B800380
LD 0x3521103C0
LD 0x40C985D00
ST 0x13B8B81A00
LD 0x9C4084A40
LD 0x6DEE352C0
LD 0x12C400280
LD 0x109DF0CC00
LD 0x40FDA5B40
LD 0x9C4094A80
LD 0x12BC002C0
LD 0xD57AA0100
LD 0xC74EB0EC0
ST 0x1466783800
LD 0xC376B1D80
LD 0x12C400240
ST 0x9C4094AC0
LD 0x12BC00140
ST 0x644E25DC0
ST 0x144AF92200
LD 0x352110080
LD 0x12BC00000
LD 0x9C4084B00
LD 0x352110000
LD 0x3ED594880
ST 0x1392FA29C0
LD 0x12B800000
ST 0x352110C80
LD 0x4145B69C0
LD 0x12BC00100
ST 0x12BC00080
ST 0x40BDB2000
LD 0x12C8000C0
LD 0x12B800100
LD 0x71562F440
LD 0x112B319D80
ST 0x141CBA3500
LD 0xC26E80F00
LD 0x12B8000C0
LD 0x65D62D940
LD 0x413181A80
ST 0x9C40B4B40
ST 0x9C40B4B80
LD 0x12B800240
ST 0x13E8BA3140
LD 0x12B800240
LD 0xC042A1FC0
LD 0x9C4084BC0
LD 0x12B800000
LD 0x9C4084C00
ST 0x9C40B4C40
LD 0x9C40A4C80
ST 0x13ED781340
LD 0x12B800180
LD 0x12C400000
LD 0xC86E91040
LD 0x113E735780
LD 0x831A0F000
LD 0x352110580
LD 0x9C4094CC0
LD 0x352110B80
LD 0xC31A90340
LD 0xC592A1E40
LD 0x12C400140
ST 0xC31A91940
LD 0x12BC002C0
LD 0x592E3D5C0
ST 0x85BA12940
LD 0x9C40A4D00
LD 0x5072192C0
LD 0x352110880
LD 0x12BC000C0
LD 0x3EA1B63C0
LD 0xD54AB15C0
LD 0x40A5A4580
LD 0x413DA5100
LD 0x352110F40
ST 0x13D5F83140
ST 0x13C2B93240
LD 0xC316B0580
LD 0xD26E81840
ST 0x40B1A39C0
LD 0x352110140
ST 0x12B800100
ST 0xD50EB0F00
LD 0x352110C00
LD 0x58923BB40
LD 0x783A1C540
LD 0x12BC00240
LD 0x1130F3D500
ST 0x413D87380
LD 0x12BC00200
LD 0x12B800340
ST 0x12B800280
ST 0x352110640
LD 0x9C40A4D40
LD 0x12BC00240
ST 0x9C40A4D80
LD 0x12B8002C0
LD 0x352110280
ST 0x9C40A4DC0
LD 0x352110380
LD 0x9C4094E00
LD 0x417DA4A00
LD 0x4191B1480
LD 0x63AA15F00
LD 0x3EF9B1280
LD 0x109C713B80
ST 0x352110C40
ST 0x143F391680
ST 0x352110480
LD 0x9C40B4E40
ST 0x7D3A26B00
ST 0x7E5A05740
ST 0x1155B117C0
LD 0x352110C00
LD 0x736A139C0
LD 0x9C40B4E80
LD 0xDA3AB15C0
LD 0x352110F80
LD 0x9C4094EC0
LD 0x12BC00240
LD 0x9C4094F00
ST 0x3F51A73C0
ST 0x3F4DB4E40
ST 0x13C7F83200
LD 0xD682B00C0
LD 0x9C4084F40
LD 0x872A36800
ST 0xBF32A1500
LD 0xD67AA14C0
LD 0x408587E00
LD 0x4165A7980
LD 0xBE9EB0040
ST 0xD9E6A0740
ST 0x522201BC0
LD 0x3F1D85880
LD 0x510A22340
LD 0x12BC000C0
LD 0x352110E80
LD 0x352110900
LD 0x12B800240
ST 0x6BC61ED00
ST 0x9C40B4F80
LD 0x9C40B4FC0
LD 0x9C40A5000
LD 0xCBA6A0400
LD 0x12BC00380
LD 0x352110BC0
LD 0x352110C00
LD 0x3F71B3200
LD 0x773626880
ST 0x620629BC0
LD 0x1032337A40
ST 0x9C40B5040
ST 0x12BC00240
ST 0x14123B2C00
LD 0x4FA63C480
LD 0x352110900
LD 0x352110D80
LD 0x352110300
ST 0x64E20A900
ST 0x12B800200
LD 0x3EB190500
ST 0x9C40B5080
LD 0x9C40950C0
LD 0x612A3D180
LD 0x9C4085100
LD 0xFE072A240
ST 0x9C4095140
LD 0x352110F40
LD 0x406D82980
LD 0x9C4095180
LD 0x9C40A51C0
LD 0x12BC00300
LD 0x9C40B5200
LD 0x352110F40
LD 0x352110A40
LD 0x9C4095240
LD 0x352110600
LD 0x12BC00100
LD 0x12B800280
LD 0x3ED196100
LD 0x352110640
LD 0x12B800340
ST 0x14063A3AC0
ST 0x12C400000
ST 0x9C4085280
LD 0x12C400100
LD 0xC8FA80380
LD 0x352110480
ST 0x9C40A52C0
LD 0x40B1B50C0
LD 0x3521106C0
LD 0x12C8001C0
LD 0x12B800380
LD 0x418995080
LD 0xD64AB1180
LD 0xD20680E80
ST 0x9C40B5300
LD 0x352110D40
LD 0x3E85A3640
LD 0x12C800340
LD 0x9C40B5340
ST 0x9C4085380
ST 0x13F5FA0000
LD 0x3F71B2A80
LD 0x566610580
LD 0x9C40853C0
LD 0x405587C80
LD 0xD932816C0
LD 0x12BC00000
LD 0x12BC00280
ST 0x13ABBA1580
LD 0x413DA01C0
LD 0xCB0A80CC0
ST 0x3ED982840
LD 0x9C4085400
LD 0x795607380
LD 0x352110280
LD 0x12C800340
LD 0x12BC002C0
ST 0x12BC002C0
LD 0x1155338F40
ST 0x12C8001C0
LD 0x9C4085440
LD 0x3FB5A6AC0
LD 0x4109A6C40
LD 0x414DB3F40
LD 0x3521109C0
ST 0x352110E80
ST 0x147AB905C0
LD 0x3EA191D40
ST 0x146BFB3C40
LD 0x352110040
ST 0x12B800040
LD 0xD5CA91000
LD 0xD8BEA1540
ST 0x3F05A0080
LD 0xC25AA1B00
ST 0x13BEF918C0
LD 0x5C2E339C0
LD 0x9C4085480
LD 0x4081B35C0
LD 0x12B800240
ST 0x1443390100
LD 0x12BC00280
LD 0x12BC003C0
ST 0x1411BB1140
LD 0x1186B36500
LD 0x12B800200
ST 0x9C40A54C0
LD 0x7FA202080
LD 0x72B238140
LD 0x12B800180
ST 0x13CB393F40
ST 0x3F7196140
LD 0x12BC00340
ST 0x12C4003C0
ST 0x9C40B5500
LD 0x12BC00380
ST 0x626238640
LD 0x12B800080
LD 0x7FEE11C80
LD 0xDA72A0CC0
LD 0x12B800280
ST 0x9C4095540
LD 0x12B800140
LD 0x10957196C0
LD 0xD33A81040
ST 0x40D9A2B40
LD 0x3F2183340
LD 0x819E0B400
LD 0x9C40B5580
LD 0xC94EA1DC0
LD 0x12BC00200
LD 0x12BC00280
LD 0x412581F80
LD 0x10FFB17640
ST 0x13BABB0BC0
LD 0x649E39D00
LD 0x12B800340
ST 0x9C40955C0
LD 0x12BC00340
LD 0x352110800
ST 0x12BC002C0
ST 0x1465BA2100
LD 0x352110C80
LD 0x4FC219A80
LD 0x9C40A5600
LD 0x5D7E0C240
LD 0xC782B1BC0
LD 0xD37290400
LD 0x4EB22CD00
LD 0xD6C281000
LD 0x12C800300
LD 0x352110E80
ST 0x14107903C0
LD 0x3ED9B2080
LD 0x12C800340
LD 0x12C4001C0
LD 0x352110280
LD 0x9C4095640
LD 0x12B800080
ST 0x9C4085680
LD 0x3EA1A4940
LD 0x352110440
ST 0x12B8002C0
LD 0xBF92B0480
ST 0x3ED1A6080
LD 0x12B800080
LD 0x12B800380
LD 0x352110B40
LD 0xD802B0940
LD 0x12B800240
LD 0x12B8001C0
LD 0x352110000
LD 0x3521109C0
LD 0x12BC00280
LD 0x6416391C0
LD 0x12BC00240
ST 0x142C3A2A00
LD 0xC34680A40
LD 0x9C40B56C0
ST 0x146F3B2500
LD 0x414D96EC0
ST 0x1402BB0B40
LD 0xBE32805C0
LD 0xCFE6B1A00
LD 0x55EE3C640
LD 0x12B8001C0
ST 0xFA9310440
ST 0x352110840
LD 0x12B800080
LD 0x3FB5B73C0
LD 0x352110600
LD 0x70F61AE00
LD 0x352110080
LD 0xD2D6A1580
ST 0x13A4FA14C0
LD 0x9C40A5700
LD 0xBDC2A15C0
LD 0x12B800300
ST 0x1399B92E00
LD 0xD36EA07C0
ST 0x9C40B5740
LD 0x10E9F24280
LD 0x12B8000C0
LD 0xD47EB1740
LD 0x12B800180
LD 0x12BC00180
ST 0x40DD82740
LD 0x3F4181580
LD 0x12BC00280
ST 0x9C4095780
LD 0x733233E40
ST 0x9C40A57C0
LD 0x352110BC0
LD 0x3EADA4AC0
LD 0x1133F38080
ST 0x139C3B3080
LD 0x352110B80
LD 0x352110F00
LD 0xCDA291F40
ST 0x6B02230C0
LD 0x12BC002C0
LD 0xC71691400
LD 0x12C8001C0
LD 0x12BC00300
LD 0x10D8B2AFC0
LD 0x352110940
LD 0x12B800000
LD 0x3FE1B43C0
LD 0x9C40B5800
LD 0x727E021C0
LD 0x55A218980
LD 0x105BB1EA00
LD 0x419580500
ST 0x142D380300
LD 0x12BC00140
LD 0x352110100
LD 0x9C4085840
LD 0x12B800200
LD 0x416DA5140
LD 0x108CB37D80
LD 0x12B800040
LD 0x9C4095880
LD 0x7A561AA80
LD 0x695A24000
ST 0x9C40B58C0
LD 0x12C800240
ST 0x142C391900
LD 0x645E32800
LD 0x9C40A5900
LD 0x4081A1800
LD 0x352110840
LD 0x12BC000C0
LD 0x12BC00040
LD 0x352110940
LD 0x6A720C180
LD 0x6EDA09F00
LD 0x352110C40
ST 0x1436B82B80
LD 0x10BB709CC0
LD 0x4145812C0
LD 0x416DA2000
LD 0x3521104C0
LD 0x4141A5E40
ST 0x13AC7810C0
LD 0x12B800000
LD 0x3521105C0
LD 0x1034305E80
ST 0x4125A3280
LD 0x558A02300
LD 0x1026F285C0
LD 0x893A13240
ST 0x8C8603E40
LD 0x12C8003C0
LD 0x7DAE2EB80
LD 0x9C4095940
LD 0x352110E00
LD 0x12C400140
ST 0x13B8FA0180
LD 0x12B800140
ST 0x12C400200
LD 0x352110B00
ST 0x59820A340
ST 0x3F5D93D40
LD 0x12BC00300
LD 0x12C400100
LD 0x12C800380
LD 0x9C40B5980
LD 0x352110600
LD 0x12BC00180
ST 0xFF7700000
LD 0xBE3EA1580
LD 0x9C40A59C0
LD 0x352110F80
LD 0x352110D40
LD 0x12C4002C0
LD 0x12B800340
ST 0x145EB91CC0
LD 0x12BC00340
ST 0x1426BB01C0
LD 0xFAD318900
LD 0x10E870B4C0
ST 0x3F35A32C0
LD 0x352110300
LD 0x9C4095A00
LD 0x352110440
LD 0x10A4734440
ST 0x13C5FB2840
LD 0xC132B0140
ST 0x12BC00080
LD 0x418990CC0
ST 0x1441BA1080
LD 0x12B8003C0
LD 0x766237F00
LD 0x12C4002C0
LD 0xD6C691140
LD 0x352110140
ST 0x9C40B5A40
LD 0x352110040
LD 0x12C800080
LD 0x12C800380
LD 0x12B800380
LD 0x778A3A780
LD 0x3521102C0
ST 0xD78AA1B00
LD 0x9C40B5A80
LD 0x352110640
ST 0x5E7E26F80
LD 0xC72EB0640
LD 0x3F8DB2440
ST 0x1433FA3CC0
LD 0x585235400
LD 0xFA0F123C0
LD 0x12B800000
LD 0xC892A04C0
LD 0x3521101C0
LD 0x4119A1440
ST 0x9C40A5AC0
LD 0x12BC00300
ST 0x13E8F83740
ST 0x9C40B5B00
LD 0x9C40A5B40
LD 0x407DB17C0
LD 0x9C4085B80
ST 0x9C4095BC0
LD 0x12BC000C0
LD 0x58623EF00
LD 0x352110540
LD 0x12BC00100
LD 0x112BB19B00
LD 0x4F4E02D80
LD 0x9C40B5C00
ST 0x9C4095C40
ST 0x407995EC0
LD 0x4121B6F00
ST 0x1409FA0B80
LD 0xD66681AC0
LD 0x9C40B5C80
LD 0x12BC00380
ST 0xCE36B0480
LD 0x412DB1000
LD 0x12C800180
ST 0x9C40A5CC0
LD 0xC2B2B1240
LD 0x12BC00040
LD 0x9C40B5D00
ST 0x9C4095D40
LD 0x352110F80
LD 0x12BC00300
LD 0x40A1B4740
LD 0x10A7334400
ST 0x9C40A5D80
LD 0x352110880
LD 0x60761F940
LD 0x9C4085DC0
LD 0x12B800100
ST 0x13B0FA1440
LD 0x407D93640
LD 0x7FE225080
LD 0x9C4085E00
LD 0x352110640
LD 0xFCE73EE40
LD 0x670231E80
LD 0x861E1C940
ST 0x13C43A19C0
LD 0x40E9B5F40
LD 0x9C40B5E40
ST 0x80EE34640
LD 0x12BC00340
LD 0x9C40B5E80
LD 0xCDA6A0280
LD 0x352110780
LD 0x12BC00100
LD 0x3EEDA2280
LD 0x12BC00380
ST 0x147ABA24C0
LD 0x414983580
LD 0x642225CC0
LD 0x51B61D3C0
LD 0x3F5D96280
LD 0x9C4095EC0
LD 0x3521108C0
LD 0x61DA11F80
LD 0x69CA36700
ST 0x352110340
LD 0x414D964C0
LD 0x9C4085F00
LD 0x12BC00080
LD 0x1164F03980
LD 0x12C400240
LD 0x12B800080
LD 0xFBE30F280
ST 0x77F63EE00
LD 0x9C40A5F40
LD 0x12C400140
ST 0x13CA3A20C0
LD 0x352110340
LD 0x352110340
LD 0x1043719440
ST 0x9C40B5F80
LD 0x102032B540
LD 0x9C40A5FC0
LD 0x9C4086000
LD 0x12BC00300
LD 0x100171A580
LD 0x12BC00280
LD 0x352110040
LD 0xCF56A1140
LD 0x55F209B40
ST 0x9C4086040
ST 0x141FBA2400
LD 0x12BC00000
LD 0x4175A74C0
LD 0x7D8604700
LD 0x106F73E3C0
ST 0x5BCA03740
LD 0x9C40A6080
LD 0x12C8000C0
LD 0x352110300
LD 0x9C40B60C0
ST 0x9C40A6100
ST 0x409986900
ST 0x143C793400
LD 0x56A63F240
ST 0x1440BB2D40
ST 0x1423BA2080
LD 0x352110280
LD 0x352110B80
LD 0x1142F01680
ST 0x13AC7A1540
LD 0x9C4096140
LD 0x12BC00000
LD 0x1015700440
LD 0x352110C80
ST 0x9C4096180
LD 0x9C40961C0
LD 0x413982200
LD 0x9C4096200
LD 0x70CA08640
LD 0xD57AB1E40
LD 0x352110F80
ST 0x352110A40
ST 0x7DEA261C0
LD 0x352110B40
LD 0x12C400300
LD 0x3F1D93940
LD 0x352110580
ST 0x9C4096240
LD 0x407993080
LD 0x9C4096280
LD 0x560A24180
ST 0x9C40962C0
ST 0x13F27A1E00
LD 0x9C4096300
ST 0x12BC00080
ST 0x13DB793E40
LD 0x352110E40
LD 0x504A0B100
LD 0x5EE6032C0
LD 0x12B800300
LD 0x52F234D40
ST 0x9C40A6340
ST 0x1413F92000
LD 0x1005B1B200
LD 0x3FC1B1880
LD 0x79CE218C0
LD 0x89022B480
LD 0x416590140
LD 0x3521104C0
LD 0x8A4E2E7C0
ST 0x3FA190800
ST 0x12BC00040
LD 0x69C603400
LD 0x9C40A6380
LD 0x9C40863C0
LD 0xC0C2A1CC0
LD 0x12C800280
LD 0xCB3E91600
LD 0x9C4096400
LD 0x12C8002C0
LD 0x12B800340
LD 0x12C800140
LD 0x352110D00
LD 0x12C400340
LD 0x12B800040
LD 0x9C4086440
LD 0x352110CC0
LD 0x352110980
LD 0x352110300
LD 0x9C40A6480
LD 0x5C6A33A00
LD 0x12BC001C0
ST 0x13B7392980
LD 0x12B8003C0
LD 0x352110840
ST 0x1424F91600
LD 0x12B8002C0
ST 0x9C40A64C0
LD 0xFB870B5C0
LD 0x12C800380
LD 0x114870FEC0
ST 0x40E1B6500
ST 0x76D62CA80
LD 0x352110600
LD 0x1046F0A280
LD 0x3F6580B40
ST 0xFE4739880
LD 0x80D6190C0
LD 0x12B800280
LD 0x1169F1EC00
LD 0x3521106C0
LD 0x9C40A6500
LD 0x352110C00
LD 0x72AE15CC0
LD 0x12B800240
LD 0x4041B5980
LD 0x12C400180
LD 0xCE42B1500
LD 0x72562C680
LD 0x12C4001C0
LD 0x12BC001C0
LD 0x12B800340
LD 0x352110840
LD 0x12BC00040
LD 0x12BC00080
LD 0x9C4086540
LD 0xBCC680840
LD 0x12BC00340
LD 0xBF3EB1880
LD 0x6CDE38180
ST 0x14353B2D40
LD 0x1165313F00
LD 0x9C40A6580
LD 0xC38691D00
LD 0x12C400340
LD 0x352110180
ST 0x9C40865C0
LD 0x3F75A42C0
ST 0x12B800280
LD 0x352110940
LD 0x12C400380
LD 0x352110AC0
LD 0xC936B1040
LD 0x12C800140
ST 0xC08AA0500
LD 0x352110C80
LD 0x9C40B6600
LD 0x9C4086640
LD 0x9C4096680
ST 0x145DF93000
LD 0x3FC1A6BC0
LD 0x352110B00
ST 0x9C40966C0
ST 0x9C4096700
ST 0x9C40B6740
LD 0x12BC00240
ST 0xFECF18B40
LD 0x352110CC0
LD 0x12C400000
LD 0x10D3B0C7C0
LD 0x352110AC0
LD 0x3FC182580
LD 0x3521109C0
LD 0x1145308C40
ST 0x13C7FB1700
LD 0x9C40A6780
ST 0x13DD3A2C40
LD 0x415980000
ST 0x13D03A2EC0
LD 0x1023B1D9C0
ST 0x12BC003C0
ST 0x12BC00380
LD 0x721204B00
LD 0x12BC002C0
ST 0x3E85B23C0
ST 0x9C40967C0
LD 0x404DA4E80
LD 0x9C4096800
LD 0xFA6700240
LD 0x9C4086840
LD 0xFDFB17000
LD 0x9C40B6880
LD 0x352110540
ST 0xC82681680
LD 0x411D85180
LD 0x3FB997200
LD 0x9C40968C0
ST 0xBB9AB1380
LD 0x9C40B6900
LD 0x10CF737D40
ST 0x3F6D90400
LD 0x12C400380
LD 0x12C800100
LD 0x352110E80
LD 0x352110E00
LD 0x59FE22F00
LD 0x352110D40
LD 0x10E4323FC0
ST 0x13C6BA0240
LD 0x12B800140
ST 0x12BC00000
LD 0x3FE1B0680
LD 0x3EBD948C0
LD 0x55DE1D500
LD 0x9C40B6940
ST 0x13B97B2300
LD 0x105C32FA80
ST 0x352110080
LD 0x10E2F12600
LD 0x40E596400
LD 0x3521103C0
LD 0x12C800080
LD 0xC45E80880
LD 0x352110AC0
LD 0x4159A4280
LD 0x352110340
ST 0x9C40A6980
LD 0x6E0A09A40
LD 0x9C40869C0
LD 0x12BC00180
ST 0x13D13B0780
LD 0xD26680040
LD 0x12BC00280
LD 0x3521107C0
LD 0x1113F37D80
LD 0x12BC003C0
ST 0x9C4096A00
LD 0x12B800240
LD 0x352110DC0
LD 0x9C40B6A40
LD 0x530A1E500
LD 0x103A739600
LD 0xFF4F1F700
ST 0x12BC00300
ST 0x3F11A4300
LD 0x12BC00200
LD 0x4191B6980
LD 0x352110E80
LD 0x352110500
LD 0x12BC00280
LD 0x40CD950C0
LD 0x40F186640
LD 0x9C40A6A80
LD 0x352110B00
LD 0xCA9691940
LD 0x12BC002C0
LD 0x12BC00080
LD 0xCD8280680
LD 0xCC82A0380
LD 0x62FE2CB80
LD 0x100DF36A40
LD 0xBEFE81540
LD 0x12BC00180
ST 0x3F2D93580
LD 0x3FED97200
LD 0xC2EAA1040
LD 0x6FAE21F00
LD 0x3521102C0
LD 0x12C800100
LD 0x352110B40
LD 0x562E0ABC0
LD 0x352110840
LD 0x12BC00180
LD 0x898608BC0
LD 0x12BC00040
ST 0x138E7B0440
LD 0x9C40B6AC0
ST 0xD966A1C80
LD 0x9C40A6B00
LD 0xC16EA05C0
LD 0x86E20D040
ST 0x702E0E5C0
LD 0x9C40A6B40
LD 0x4015A24C0
LD 0x12BC00180
LD 0x8BAA25F00
LD 0x86920EF00
LD 0x57262BD40
LD 0x601620F00
LD 0x3521107C0
ST 0x14027B1AC0
LD 0x12BC00040
LD 0x12BC003C0
ST 0x13E17B01C0
LD 0x12B800000
LD 0x3521108C0
ST 0x139B7B2F80
LD 0x9C40B6B80
LD 0x4125B1280
LD 0x352110140
ST 0x13A47B1240
LD 0x9C4096BC0
ST 0x106CF11100
ST 0xC6AAA12C0
LD 0x12BC00100
LD 0x12BC00240
LD 0x7EA22EF40
ST 0xBCF6A0FC0
LD 0x1119338940
ST 0x3EA585AC0
LD 0x352110DC0
LD 0x352110080
LD 0x9C4096C00
ST 0x13CE792B00
LD 0x352110140
LD 0x12B800240
LD 0x1093F39980
LD 0x660234840
LD 0x352110A00
LD 0x12C400100
LD 0x9C40B6C40
LD 0x415D86940
LD 0x411187A40
LD 0x3521105C0
ST 0x13E27B2700
LD 0x9C40B6C80
LD 0x9C4086CC0
LD 0x352110440
LD 0x12B800000
LD 0x12B8001C0
ST 0x7A1E1B580
LD 0x1024326680
LD 0x12B8002C0
LD 0x12B800040
LD 0x352110100
LD 0x12BC000C0
ST 0xCA1281A00
LD 0x12BC000C0
LD 0x352110A40
LD 0x101FF13EC0
LD 0x12B800040
LD 0x1018F07DC0
LD 0x4F4E14DC0
LD 0x352110540
LD 0x12BC00040
ST 0x597E24200
LD 0x802A37A80
LD 0x9C40B6D00
LD 0x12BC00000
ST 0x710619E40
LD 0xFE5706DC0
LD 0xC73681B80
ST 0x4001B6600
LD 0x352110D40
LD 0x3F91A5D40
LD 0x12B800240
LD 0x12BC00000
ST 0x12C400340
LD 0x12B800000
ST 0x3F79A3C00
LD 0x12C800280
LD 0x9C40A6D40
LD 0x12C400080
LD 0x713207780
LD 0x12B800180
ST 0x7D563DA80
ST 0x139D7A1A40
LD 0x352110B00
LD 0x352110A00
LD 0x679A3D080
LD 0x9C4096D80
LD 0x1114F31400
LD 0x107C703F80
LD 0xFE3F3ECC0
LD 0x352110140
LD 0x1148F2B300
LD 0x53462B500
ST 0xC75A91F80
ST 0x12BC00240
LD 0x12BC00280
ST 0x13E4B82040
LD 0x418996C40
LD 0x3521105C0
LD 0x405586100
LD 0x352110BC0
LD 0x352110C80
ST 0x9C4086DC0
LD 0x12C800040
LD 0x352110440
LD 0x352110280
ST 0x9C4086E00
LD 0xBE8290B00
LD 0x874E1B4C0
LD 0x12BC00180
LD 0x117CF04640
LD 0xC60AA0E40
LD 0x9C40B6E40
LD 0x6172043C0
LD 0x352110F40
LD 0x9C4086E80
LD 0x352110DC0
LD 0x352110A00
LD 0x12C400000
ST 0x3EB5A5580
LD 0x12B800380
LD 0x69EA22D40
ST 0x14247A2180
LD 0x407991780
LD 0x352110900
ST 0x9C4096EC0
ST 0x1139B0B980
LD 0x12B800280
LD 0x67C22C640
LD 0x12BC00300
LD 0x352110EC0
LD 0x545A3C380
LD 0x12BC00000
LD 0x12BC002C0
LD 0x12B800340
ST 0x715A3AE80
LD 0x12C800200
ST 0x9C4086F00
LD 0x352110F00
LD 0x6D5E2BE40
LD 0x85DA3A880
ST 0x3F2181C80
LD 0x352110580
LD 0x4099B2080
LD 0x12BC00380
LD 0x3F7DB57C0
LD 0x352110CC0
LD 0x5A623C540
LD 0x627E32D80
ST 0x12B800000
ST 0x9C40B6F40
LD 0x12BC00040
ST 0x9C4086F80
ST 0x143A7B3A80
LD 0x3F89A3880
LD 0x12C400000
LD 0xC3EE90800
ST 0x12B800080
LD 0x12B800180
LD 0x352110200
LD 0x89CA255C0
LD 0x9C40B6FC0
LD 0x101331D600
ST 0x816A2F640
LD 0x4109A0780
LD 0x12B8001C0
LD 0x404183D80
ST 0x9C40A7000
LD 0x352110D40
LD 0xFFD7051C0
LD 0x6F321F600
LD 0xC852A0800
LD 0x400592BC0
LD 0x9C40B7040
LD 0x7B3A3CC40
ST 0xC67690680
LD 0x352110300
ST 0x40DD836C0
LD 0x12BC00300
LD 0x9C40A7080
LD 0x6ECE23400
LD 0x1175B0B8C0
LD 0x7C623E540
LD 0xC416A0880
LD 0xBF0281E40
LD 0x9C40A70C0
ST 0x9C4097100
LD 0x413591FC0
LD 0x352110F40
LD 0x352110F00
LD 0x10D1702400
ST 0xCD9E80340
ST 0x3F8DA5F00
ST 0x40FD82580
ST 0x3F99B3800
LD 0x12B800140
LD 0x12B8000C0
LD 0x352110640
LD 0x12BC00280
ST 0x138E3B05C0
LD 0x75D219240
LD 0x9C4087140
LD 0x102B70B1C0
ST 0x3FF9B0E80
LD 0x352110E40
LD 0x5A8A1D540
LD 0x3F0597080
LD 0x9C40B7180
LD 0x117D724400
LD 0x12BC00000
ST 0x6EF209E40
LD 0x12C800380
LD 0x9C40971C0
LD 0x3F4D81500
ST 0x9C40B7200
ST 0x13EDB93880
LD 0x3521108C0
LD 0x352110C00
LD 0x7772323C0
LD 0x108C70E200
LD 0x352110200
LD 0x734E1E340
LD 0x12BC00100
LD 0x74A625200
LD 0x8A0235780
ST 0xC7FEB0CC0
LD 0x111A70A680
LD 0x352110040
LD 0x352110900
LD 0x5EFA13100
LD 0x9C4087240
LD 0x102E309C40
LD 0x8C5A17200
LD 0x12BC00340
LD 0x9C40A7280
LD 0x352110040
LD 0x112E3026C0
LD 0xC41691CC0
LD 0x4079B3380
LD 0x6A5633F40
LD 0xD00EA01C0
LD 0x352110440
ST 0x3EF9820C0
LD 0x3EB592B40
LD 0x40E9B3A80
ST 0x10DD307200
LD 0x12C400300
LD 0x12B8001C0
LD 0xFAEF08200
ST 0x890618C40
ST 0x14203A1700
ST 0x829E34B40
LD 0x352110600
ST 0x13D93B14C0
LD 0x9C40A72C0
LD 0x3FF994E00
ST 0x9C4087300
LD 0xCFF680240
ST 0x3F49A2980
LD 0x4EEE39E00
LD 0x12B8001C0
ST 0xC7AAA1780
ST 0x9C4097340
ST 0x1425F92480
ST 0x9C40A7380
ST 0x1444FA2780
LD 0xD3E2903C0
LD 0x75320DBC0
LD 0x12B8003C0
LD 0x352110D80
LD 0x401DB2540
LD 0x1087B1E480
LD 0x84A2290C0
ST 0x1481F91D40
LD 0x12B800340
ST 0x9C40A73C0
LD 0x3E9992DC0
ST 0x141AF91040
LD 0x12B8003C0
LD 0x828E2E340
ST 0x81361C180
LD 0x9C40A7400
LD 0x1090B27800
LD 0x12B800240
LD 0x6DDA3D940
LD 0x3F9193C00
LD 0x12BC000C0
LD 0xCF3EB14C0
LD 0x12BC00080
LD 0x10F8F3AB80
LD 0x3521108C0
LD 0x12C800300
LD 0x12B8002C0
LD 0x12BC000C0
ST 0x12BC00000
LD 0x9C40B7440
LD 0x12BC00000
LD 0x706631400
LD 0x7F2A3BC40
ST 0x9C40B7480
LD 0x12BC002C0
LD 0x12B800000
LD 0x3521103C0
LD 0x12BC00180
LD 0x12B8003C0
LD 0x12C400140
LD 0x665A399C0
LD 0x352110480
LD 0x87D21A340
LD 0x12BC00040
LD 0x9C40974C0
LD 0x12BC00280
LD 0x12B800180
LD 0x12BC00180
LD 0x12BC00340
LD 0x352110BC0
LD 0xCBAEB1B00
ST 0x89461C700
LD 0x10EAF16F00
LD 0x9C4097500
LD 0xBE2280340
LD 0x352110FC0
LD 0x352110F00
ST 0x13C53B1980
LD 0xFC873D180
LD 0x9C4097540
LD 0x7FE63D680
LD 0x55DA094C0
LD 0x12BC003C0
LD 0x1008305F80
LD 0x352110700
LD 0x12BC00080
LD 0xCEF690B80
LD 0xD4D2B14C0
LD 0x352110400
LD 0x8BE612840
LD 0x12B800280
LD 0x12BC00140
ST 0xD1BEA1F80
ST 0x9C4087580
LD 0x9C40B75C0
LD 0xCBCE81000
LD 0x9C4087600
ST 0x89D6310C0
LD 0x12B8000C0
LD 0x12C400080
LD 0x4199A5A80
ST 0x3ECD82A80
LD 0x10A5322280
ST 0x1409382540
LD 0x352110F80
LD 0xFDF73CB80
LD 0x9C4087640
LD 0x6A8210000
LD 0x12BC00240
LD 0x352110100
LD 0x12B800380
LD 0x7F0E16480
LD 0x3F31B1680
ST 0x76D61FFC0
LD 0x74CE21880
LD 0x3521101C0
LD 0xC0C6A1E00
ST 0x13D0FB2340
LD 0x3F29914C0
LD 0x9C4087680
LD 0x7E3A29900
LD 0x12B800200
LD 0x3521104C0
LD 0x12B800180
LD 0x3521103C0
ST 0x9C40B76C0
LD 0x115F732800
LD 0x6B3E1D440
LD 0x416993D00
ST 0x1444F912C0
ST 0x69D63EB00
ST 0x1468790CC0
LD 0x874A02EC0
LD 0x12C400180
ST 0x3F4D95340
ST 0x9C40B7700
ST 0x1432BA3D40
LD 0x12BC001C0
ST 0x12BC00340
LD 0xD7DA91F40
LD 0x9C4087740
LD 0x352110180
LD 0xCAFE81980
LD 0x12BC00000
LD 0x352110140
ST 0x67DE20C00
ST 0x13C13A0CC0
ST 0x9C40B7780
ST 0x147B7A22C0
LD 0xD83691080
LD 0xCF9690D80
LD 0x9C40877C0
LD 0x12BC00180
ST 0x1422BA2EC0
LD 0x1069738580
ST 0x13A43B0980
LD 0x5BFA3B7C0
LD 0x409D971C0
LD 0x81C61FEC0
ST 0x13B03B3E80
LD 0x3521109C0
ST 0x9C4097800
LD 0x12C400040
LD 0x12BC00140
LD 0x54960E6C0
ST 0x147F381440
LD 0x12C400200
LD 0x12BC00280
ST 0x1427FA2900
LD 0x105A70F240
ST 0xC74E91240
LD 0x12C800080
ST 0x13E97B3040
LD 0x3FB1A1200
LD 0x62F230E80
LD 0x416D90440
LD 0x12BC001C0
LD 0x12C400340
ST 0x9C40A7840
LD 0xD4B2A1500
LD 0x12C400240
ST 0x7DDA3F940
LD 0x9C40A7880
ST 0xC716A1AC0
ST 0x64C23A6C0
ST 0x12C400380
LD 0x12C4000C0
ST 0x14213A0BC0
LD 0x411585540
LD 0x1173F3E440
LD 0x3F6580300
LD 0x1170B09C80
LD 0x9C40B78C0
LD 0x12C400180
ST 0x9C40B7900
LD 0x595214640
ST 0x9C4097940
LD 0x113F728400
LD 0x809E2D7C0
LD 0x12B800000
LD 0x352110380
LD 0x352110B00
LD 0x84961A2C0
LD 0x854A0CA40
LD 0x411D87AC0
LD 0x12B800000
LD 0x12B800040
LD 0x9C40A7980
LD 0xD31281B40
LD 0x9C40879C0
LD 0xD3CE90640
LD 0x9C4087A00
LD 0x12B8003C0
ST 0x86BA1BBC0
ST 0x352110140
LD 0x352110480
LD 0x9C4087A40
LD 0x12BC00240
LD 0x61A6211C0
LD 0x401983CC0
LD 0x12C4002C0
LD 0x5B4605E80
LD 0xBBAAA13C0
LD 0x12B800040
LD 0x3F7185DC0
LD 0x9C40A7A80
LD 0xC3B2B1180
LD 0x12BC00180
LD 0x10C2F2AD80
LD 0x12BC003C0
ST 0xC12EB0940
LD 0x12C400180
ST 0x1048B2D940
LD 0xC36A90240
LD 0x12C400140
LD 0x12BC00200
LD 0x1073B3B840
LD 0x12B800040
ST 0x9C40B7AC0
LD 0x62C609340
LD 0x12BC00240
LD 0x3EC9960C0
LD 0x12B800300
ST 0x12BC00000
ST 0x140A3B0A00
ST 0x12BC00380
LD 0x890A2D1C0
LD 0x352110F40
LD 0x1125F16400
LD 0xC9D6B14C0
LD 0x768E23C80
LD 0x12C400200
LD 0x12C400140
LD 0x3521105C0
ST 0x3521101C0
LD 0x71F2361C0
ST 0x13C83838C0
ST 0x9C4097B00
LD 0x352110D80
ST 0xC35280000
LD 0x12BC00100
ST 0x9C4087B40
LD 0x7D822C5C0
LD 0x12C400300
LD 0x9C40B7B80
LD 0x12BC00200
LD 0x9C4087BC0
LD 0x4091B23C0
LD 0x12C400080
LD 0x12C8003C0
LD 0x12B800000
ST 0x12B8003C0
LD 0x414D93C80
LD 0x74F60EA40
LD 0x4129B0440
ST 0x1406F81040
ST 0x9C4087C00
ST 0x9C4087C40
LD 0xBF76910C0
LD 0x352110180
LD 0x12B800300
LD 0x414191D00
ST 0x9C4097C80
ST 0x116F31DDC0
LD 0x352110600
LD 0x9C40A7CC0
LD 0x12B800200
LD 0x352110C00
LD 0x352110100
LD 0x12B800280
LD 0x352110500
LD 0x12C800040
ST 0x3EB9A0280
LD 0x706E17600
LD 0x9C40B7D00
ST 0x9C4087D40
LD 0x12B8003C0
LD 0x9C40B7D80
ST 0x9C4087DC0
LD 0xBF46B1180
LD 0x5C4A27E80
LD 0x352110440
LD 0x9C4087E00
LD 0xFE2F3EF80
ST 0xC0E681C00
LD 0x9C4097E40
LD 0x40DDB6340
LD 0x5B8A02240
LD 0x12BC00140
LD 0x3521107C0
LD 0x12BC00000
LD 0x400D830C0
ST 0x1405781640
LD 0xBCE291280
LD 0x12BC00080
ST 0x12BC002C0
LD 0x12BC00180
LD 0x12B800380
LD 0x7D7616240
LD 0x1147336B40
LD 0xD54291A40
LD 0x352110500
LD 0x352110E80
LD 0x8BBA07840
LD 0x3521101C0
LD 0x4E2A2A380
LD 0x9C4097E80
LD 0x352110780
LD 0x40D5B11C0
LD 0x5B063BB80
LD 0x3521102C0
LD 0x352110100
ST 0x9C40B7EC0
LD 0x552631C80
LD 0x4F4E32000
LD 0x12BC00300
LD 0x9C40A7F00
LD 0x684A1FCC0
LD 0x12BC00200
LD 0xC1E290140
LD 0x12BC00300
LD 0x12BC00140
LD 0x12BC00240
LD 0x12B8001C0
LD 0x4199B0EC0
LD 0xBCD6B0AC0
LD 0x10D5B21100
LD 0x107A317D40
LD 0x1123F15900
ST 0x147DBA0200
LD 0x12B800200
LD 0x5D4E16F00
LD 0x9C4097F40
LD 0x3F35A4340
LD 0x12BC00280
ST 0x1398B820C0
LD 0x9C4087F80
LD 0x3F6D94FC0
LD 0x4191A7B80
LD 0x3EF5A5B80
LD 0x12BC001C0
LD 0x12BC00180
LD 0x9C4087FC0
LD 0xD72A81740
LD 0x109630FC00
LD 0x105D316CC0
LD 0xC25A909C0
LD 0x109870D840
ST 0x12B8000C0
LD 0x9C40A8000
LD 0x67A62DE00
LD 0xCC4A91B40
LD 0x1171B26680
LD 0x10BC715740
LD 0x352110E40
ST 0x409DA1140
ST 0x12B800000
LD 0x352110080
LD 0x9C40B8040
LD 0x12C4001C0
LD 0x8A362F100
ST 0x12B8000C0
LD 0x12C4001C0
LD 0x12C800200
LD 0x3521102C0
LD 0x9C40B8080
LD 0x10B7319740
LD 0x12C800380
LD 0x4101B7900
ST 0x146A3B3200
LD 0x9C40A80C0
LD 0x9C4098100
LD 0x9C4088140
ST 0x1167F23D40
ST 0x1101F2E200
LD 0x12C800380
ST 0x12C400040
LD 0xBEDE916C0
ST 0x12C800200
LD 0x9C4088180
ST 0x1435783C80
LD 0x112CB12580
LD 0x352110C80
LD 0x9C40881C0
LD 0x352110880
ST 0x12BC000C0
LD 0xFC3B10140
LD 0x114B731B40
LD 0x3FEDB4DC0
LD 0xC806A1B00
ST 0x110670A4C0
LD 0x4009B0280
LD 0x6DA22E880
LD 0x7C063C9C0
LD 0x12C400200
ST 0xCF2EA1780
ST 0x1453F90380
LD 0x12BC00200
LD 0xBE0EA0840
LD 0x12BC00240
ST 0x144C7A2180
LD 0x352110100
ST 0x13C7FB3BC0
LD 0x352110C80
LD 0x352110C00
LD 0x3521103C0
LD 0x12B800100
ST 0x6A763F040
LD 0x9C40B8200
LD 0x3EEDB4DC0
LD 0x12B800200
LD 0x617233900
LD 0x5C820E080
LD 0x9C40A8240
LD 0x633E2CD00
LD 0x5A4A0F780
LD 0x9C4098280
LD 0x12BC002C0
LD 0x9C40B82C0
ST 0x12B800200
LD 0x6B762E940
LD 0x9C4088300
LD 0x3F65B3200
ST 0x9C4088340
LD 0x739235240
LD 0xC8D2B07C0
ST 0x70E22BA80
LD 0x1020B03480
LD 0x1139B3EE00
ST 0x4E6628000
LD 0x9C40B8380
LD 0x5E8E3BF40
LD 0x352110B80
LD 0x12B800240
LD 0x3521108C0
LD 0x3E95B0DC0
ST 0x143BF93DC0
LD 0x4035B1100
LD 0x352110000
LD 0x12C400100
LD 0x352110B40
LD 0x8B7A36680
LD 0x352110000
LD 0x6D5E35680
LD 0xFC631A380
LD 0x1163F053C0
LD 0x790E06380
LD 0x12B800240
LD 0x9C40A83C0
LD 0x89361E3C0
LD 0x7A0E04E80
ST 0x59A214E40
LD 0x12C400280
ST 0x3FA5A23C0
LD 0x352110C40
LD 0x5B6A24980
ST 0x404DA1680
ST 0x13B17B3E00
ST 0x3ECD87340
LD 0x352110E00
ST 0x139C7B12C0
LD 0x871E15F80
ST 0x138E3A0980
LD 0x352110380
LD 0x7E2A16A40
LD 0x404580E00
LD 0x352110A00
ST 0x1416F82D40
LD 0x352110880
LD 0x40C592FC0
LD 0x9C40A8400
LD 0xCBBAB0240
ST 0x1470BB25C0
LD 0x352110C80
ST 0x58A618B00
ST 0x1160B2DA40
LD 0xC76EB1D00
ST 0x14087831C0
LD 0x352110900
ST 0xCF06B0A40
LD 0x3FE983DC0
LD 0x9C4098440
LD 0x9C40A8480
LD 0x9C40884C0
LD 0x3521106C0
LD 0xD78280940
LD 0xBD0A80580
LD 0x352110A00
ST 0x12C4002C0
LD 0x12C4003C0
LD 0x352110880
LD 0x413DB6040
LD 0x6AA233480
ST 0x9C40A8500
LD 0x352110A40
ST 0x401DA5300
ST 0x12C400140
LD 0x9C4098540
LD 0xBD16B1580
LD 0x12B800200
ST 0xD352A0500
LD 0x352110C80
LD 0xC24AA1300
LD 0x3EAD95900
LD 0x12BC00000
LD 0x352110940
ST 0xBFF691200
ST 0x1399BA2F40
LD 0x352110780
LD 0x12BC001C0
LD 0x3F8DA01C0
LD 0x5FEA29680
ST 0x9C4098580
LD 0x9C40985C0
ST 0x9C4088600
ST 0x1389B92FC0
LD 0x12BC00280
LD 0x9C40B8640
ST 0x3521101C0
LD 0x40A180280
LD 0x3EED82EC0
ST 0x146E7B3E80
ST 0x9C40B8680
LD 0x12B800380
LD 0x352110840
LD 0x3521108C0
ST 0x9C40986C0
LD 0x5B8A263C0
LD 0x352110C40
ST 0x1389B80400
LD 0x3EB986500
LD 0x40DD91A80
LD 0x352110180
ST 0x1047B2F180
ST 0x12B800040
ST 0x9C4098700
ST 0x1405381780
ST 0x9C40A8740
LD 0x352110400
LD 0x12B800180
LD 0xC1C2B0F80
LD 0x9C40B8780
LD 0x12C8000C0
LD 0x723E1F440
LD 0x1020315580
ST 0xBF0EB0FC0
LD 0xC3B690640
ST 0x40D585EC0
LD 0x12B800040
ST 0x9C40A87C0
ST 0x417D97680
LD 0x352110FC0
ST 0x7A0604B40
ST 0xD14280980
LD 0x105830EE80
LD 0x12BC00180
LD 0x12BC00180
LD 0x103DB1A480
ST 0x12B800080
LD 0x12C4000C0
LD 0x5F42014C0
LD 0x12C400100
ST 0x584A3E240
LD 0x4011A7D00
LD 0x4115A2980
LD 0x9C40A8800
LD 0x352110D00
LD 0x406583BC0
ST 0xCB32A1F00
LD 0x352110A40
LD 0x9C4098840
LD 0x9C4088880
LD 0x40A186340
ST 0x3FBD90AC0
LD 0x12BC000C0
LD 0x12BC00200
ST 0x352110000
LD 0x12B800000
LD 0x12B800000
LD 0x12C400100
LD 0x519E07B80
LD 0xD34A81C00
LD 0x4021A5D80
LD 0xCB6290740
LD 0x3521101C0
LD 0x3EA995080
LD 0x40F5A0800
ST 0x9C40888C0
LD 0x4F8600BC0
LD 0x5EAA00640
LD 0x9C4088900
LD 0x3521101C0
LD 0x3521100C0
LD 0x3521104C0
ST 0x9C4098940
ST 0xC3BA91040
LD 0x352110640
LD 0x3EF1B3A00
ST 0x13A87B1F40
LD 0x12B800040
LD 0x12B800240
ST 0x9C4098980
LD 0x9C40B89C0
LD 0x3ECD969C0
LD 0xBF7E81D00
LD 0x12BC003C0
LD 0x9C4098A00
ST 0x3521102C0
ST 0x9C4098A40
ST 0x146ABA2280
LD 0x12C800080
LD 0x3EE5A4140
LD 0x9C4088A80
ST 0x13FBB91400
LD 0x748622FC0
LD 0x12B800340
LD 0x841E06940
ST 0x12BC00200
LD 0x407D93B40
LD 0x12C800040
LD 0x3F1D95DC0
ST 0x9C40B8AC0
LD 0x9C4088B00
LD 0xFB1F2C000
LD 0x404DB4380
ST 0x352110680
LD 0x12B800080
LD 0xD94AB00C0
LD 0x352110480
LD 0x12C800080
LD 0x5202171C0
ST 0x3E89A19C0
ST 0x9C4088B40
LD 0x12BC00200
LD 0xD12EB1740
LD 0x12C400080
LD 0x352110640
LD 0x9C40A8B80
LD 0x352110140
LD 0x8C2235F80
LD 0x12B800300
ST 0x13AE7B2140
LD 0xFFC329EC0
LD 0xD9BE80740
ST 0x352110DC0
LD 0x352110CC0
ST 0x138BF83340
ST 0x9C40A8BC0
ST 0x13EBF82700
LD 0xC9DA80E00
LD 0x352110300
LD 0x9C40A8C00
LD 0x352110380
ST 0x9C40A8C40
LD 0x352110A80
LD 0x12B800100
LD 0x9C4088C80
LD 0x660639700
LD 0x3521105C0
LD 0x9C40A8CC0
LD 0xD14680FC0
LD 0x12B800000
LD 0x352110BC0
LD 0x352110200
LD 0x800204D80
LD 0x4065A7240
LD 0x107E301600
LD 0x9C4088D00
LD 0x1027B3B200
LD 0x12C800140
LD 0x12BC00080
LD 0xFE9F2A9C0
LD 0x4169B2EC0
LD 0x4E4E27E40
ST 0x143BBA1F40
LD 0x352110C80
ST 0x9C40B8D40
LD 0x3521103C0
LD 0x352110EC0
LD 0x1041321140
LD 0x352110B80
LD 0x5FCA1C6C0
ST 0x9C40A8D80
LD 0x418191A40
LD 0x3EF9B2740
LD 0x583E1CC40
LD 0xC39AB0080
LD 0x3EC5B79C0
LD 0xCCE680380
ST 0x9C40A8DC0
LD 0x1020706BC0
LD 0x12C8003C0
LD 0xD02AB1380
LD 0x404984EC0
LD 0xCBFEB0480
LD 0x12B800000
ST 0x142CFB01C0
LD 0x352110D00
LD 0x865E3C140
LD 0x352110F00
LD 0x12C4000C0
LD 0x57CA34740
LD 0x3521102C0
LD 0x352110E40
LD 0x352110500
LD 0x3F1DA64C0
LD 0x573A1D840
LD 0x858623700
LD 0x12B800200
LD 0xBF32B07C0
ST 0x352110B80
ST 0x9C4088E00
LD 0x12B8000C0
ST 0x68AA03400
LD 0x3521103C0
LD 0x9C4098E40
LD 0x51FE01C00
ST 0x9C40B8E80
ST 0x14307B0EC0
ST 0x9C4098EC0
LD 0x9C40B8F00
ST 0x12B800300
LD 0x9C40B8F40
LD 0x4F2601780
LD 0x87FA3C540
LD 0x12BC00240
LD 0x352110580
LD 0xC6A280DC0
LD 0x7EF230C80
LD 0x9C40B8F80
ST 0xCFEA91E00
ST 0x83120FF80
LD 0x352110C80
LD 0xBFAA81600
LD 0x868E2A240
ST 0x13DAF91EC0
LD 0x352110E00
ST 0x1113302740
LD 0x4FA23B2C0
LD 0x3F95A5940
LD 0x9C40B8FC0
ST 0x3F35B02C0
LD 0x9C40B9000
LD 0x352110C80
LD 0x12C8000C0
ST 0x3F9186E00
ST 0x13EDB92300
LD 0x68E62FF80
ST 0x13CBFA0D80
LD 0x12C800300
LD 0x73462A580
LD 0x822A31CC0
LD 0xC93280380
LD 0x9C40A9040
LD 0xFCEF3E440
LD 0x7D2E08D80
LD 0x12B800080
LD 0xD87291200
LD 0x3521101C0
LD 0x1008F0E7C0
LD 0x884A2A7C0
ST 0x14497B28C0
LD 0x3521107C0
LD 0x1038B303C0
LD 0x3EFD93C80
LD 0x12B8002C0
LD 0x10DB303780
LD 0x12BC00080
LD 0x9C40B9080
LD 0x115C7072C0
LD 0x40C1B5300
LD 0x9C40890C0
LD 0x40E5A7C40
LD 0x9C4089100
LD 0x410DA6B40
LD 0x352110F00
LD 0x352110040
LD 0x9C40A9140
LD 0xD77681F40
LD 0x12BC00300
ST 0xFDBF02C80
ST 0x12B8001C0
ST 0x40FDB4FC0
LD 0x10BE71D500
LD 0x3FEDA36C0
LD 0x107EB103C0
LD 0x12B800280
LD 0xD56E80B40
LD 0x65223E700
ST 0x9C40B9180
LD 0x9C40991C0
ST 0x8AA618D40
ST 0x9C40A9200
LD 0x12B8002C0
ST 0x12BC00080
LD 0x9C4099240
LD 0x352110980
LD 0x3F2D86380
LD 0x3F35B6C80
ST 0x9C4089280
LD 0x12BC00280
LD 0x352110B80
ST 0x13893935C0
LD 0x9C40B92C0
LD 0xBD4690700
ST 0x9C4099300
LD 0x10B8F28680
ST 0x87762D540
LD 0x352110F80
LD 0x12C4002C0
LD 0x5C063F9C0
LD 0x74F630B40
LD 0x8BCE22A00
LD 0x61363DF40
LD 0x3521106C0
LD 0x10BA736800
LD 0x5B7A04D00
LD 0x9C4099340
LD 0x12B800080
LD 0x12B800100
LD 0x352110440
LD 0x6B022AD00
ST 0x9C40B9380
LD 0x76BE1D140
ST 0x4181A61C0
LD 0x12B800100
LD 0x12C400140
LD 0x3FC9A1180
ST 0x13AA782000
LD 0x6B2E3C6C0
LD 0x12BC00000
LD 0x12BC003C0
LD 0x352110880
ST 0x9C40B93C0
LD 0x9C4089400
LD 0x12BC00040
LD 0x352110B80
LD 0xBE4681C00
LD 0x9C40B9440
LD 0x12B800280
ST 0x14477A1C80
LD 0x352110700
LD 0x9C40B9480
LD 0x352110EC0
LD 0x12BC00000
LD 0x1073306980
ST 0x9C40994C0
LD 0x9C4089500
LD 0x3521102C0
LD 0x352110140
ST 0xBE76B11C0
LD 0xBCFE80BC0
LD 0x12C400040
LD 0x12B800000
LD 0x352110600
LD 0x12BC00000
LD 0x76660AC40
LD 0x12B800000
LD 0x10CBB29500
LD 0x5B5A15CC0
LD 0x352110C40
ST 0x9C40A9540
LD 0x9C40A9580
LD 0x12BC00080
LD 0xD9BAA0980
ST 0x13D3BA09C0
LD 0x352110640
LD 0xD1BEB1E00
LD 0x818E38A00
ST 0x145C7A0B80
LD 0x352110140
ST 0x13CCF90200
LD 0x7D4207B40
LD 0x12C800240
LD 0x9C40A95C0
LD 0x12BC00000
LD 0xFF87176C0
LD 0x12BC00340
LD 0x352110B00
LD 0x1094F1AA80
ST 0x6B521EAC0
LD 0x5ACA0F300
LD 0x12BC003C0
LD 0x12BC00340
ST 0x12C400280
ST 0x12BC00300
LD 0x12BC00100
LD 0x40F990C40
LD 0x6A6E3B0C0
LD 0x12B800380
LD 0x352110800
LD 0x12BC000C0
LD 0xD8B291D00
ST 0x3F5997440
LD 0xD14EB0940
LD 0x12BC00200
LD 0x9C4099600
ST 0x9C40A9640
LD 0x12B800240
ST 0x412593AC0
ST 0x13ECFB0E80
LD 0x402D84200
LD 0x352110500
LD 0x12C800300
LD 0x3F8DB66C0
LD 0x9C40A9680
LD 0x12C400140
LD 0x3521100C0
LD 0x12BC00180
ST 0x13D5F93880
ST 0x412DB7940
LD 0x12B800180
ST 0x9C40896C0
LD 0x12C400180
LD 0x10E871B980
LD 0x352110EC0
ST 0x141AB90AC0
LD 0x352110600
ST 0x3F3195CC0
LD 0x61CE257C0
LD 0x12B800200
LD 0x12BC00340
LD 0x12BC001C0
LD 0x9C4089700
LD 0x67CA26280
ST 0x352110B80
LD 0x352110680
LD 0xC9FA90AC0
LD 0x352110100
LD 0x12C800280
LD 0xFEA331300
ST 0x12B8002C0
LD 0x352110D80
ST 0x145C3B09C0
ST 0x147B3B0980
ST 0xCE6A91B40
ST 0x1425792B00
LD 0x416994F00
LD 0x9C4089740
LD 0xD7DE90F40
ST 0x9C4099780
LD 0x12C4003C0
LD 0xD07281300
LD 0x10FC329080
LD 0x3521109C0
LD 0xD46291800
LD 0x3EC1B75C0
LD 0x105BF2AB80
LD 0x3F91B5980
LD 0x3F55B5540
LD 0x12C400080
ST 0x12C800300
LD 0x69BE10340
ST 0x40B5B2C00
LD 0x4141A0480
LD 0x3FADA35C0
LD 0x352110FC0
ST 0x417191840
LD 0x12B800280
LD 0x12BC00200
LD 0x6A0A21440
LD 0x3F9994C80
ST 0x59C624580
ST 0x13A4FA13C0
LD 0x55923D640
LD 0x3EF5A3EC0
ST 0xBC36909C0
LD 0x12B8002C0
LD 0x12BC00340
LD 0x9C40997C0
LD 0x12C800180
LD 0x108A31F300
LD 0x53EE30CC0
LD 0x3F1594440
LD 0xCB02B1840
LD 0x12BC00140
LD 0x12B800340
LD 0x12B8001C0
LD 0x12C8002C0
LD 0x12C800000
LD 0x9C40B9800
LD 0x627A1E3C0
LD 0x352110740
LD 0x56DA1D840
LD 0x56622D8C0
LD 0x8AB20B400
LD 0x9C40B9840
LD 0x6EC625800
LD 0x12B800140
LD 0x352110B00
LD 0x352110F00
ST 0x146D7B3C00
LD 0x3521106C0
LD 0x413594C80
LD 0x3F7DB20C0
LD 0x9C4089880
LD 0xBB9280740
LD 0x415985040
ST 0x3F51B5180
LD 0x9C40A98C0
LD 0x352110AC0
LD 0x9C4089900
LD 0x12B800140
LD 0x7FFA39100
LD 0x78FA3EE40
ST 0x13FB793A80
LD 0x112DB1F8C0
LD 0x9C40A9940
LD 0xFA473E000
LD 0x12B8001C0
LD 0x9C4089980
LD 0x9C40899C0
LD 0x352110200
ST 0x9C40B9A00
ST 0x13E9392980
LD 0x56F62A180
LD 0x4FAE2B680
LD 0x12BC00240
ST 0x70C229580
LD 0x402D81600
LD 0x9C4099A40
LD 0x12B800080
LD 0x12C8000C0
LD 0x73420D380
ST 0x13C7FB3940
LD 0x12BC00380
ST 0x143CBA2340
LD 0x12B800300
LD 0xC5C291AC0
LD 0x744230600
ST 0x3ED1A0040
LD 0x9C40B9A80
ST 0x3E9D87BC0
ST 0x659A3F1C0
LD 0x9C4089AC0
ST 0x81FE1CE80
ST 0x13DC3B0480
LD 0xD9F281CC0
ST 0x9C40B9B00
ST 0xBD5A801C0
LD 0x352110100
LD 0x12BC00100
LD 0x9C40B9B40
ST 0x1461BB1840
LD 0x12B8001C0
LD 0x9C4099B80
LD 0xD492A0740
LD 0x12BC00040
LD 0x117770F2C0
LD 0x719E353C0
LD 0x12BC00140
LD 0xCC7EA1D40
LD 0x40D9A5080
LD 0x12BC00200
LD 0x8C0212DC0
LD 0x12B800100
ST 0x3F55A6EC0
LD 0x8A8229240
LD 0x352110940
LD 0x12BC00200
LD 0xBBD6A0A00
LD 0x352110540
ST 0x12BC001C0
LD 0x3521101C0
LD 0x12C8003C0
LD 0x5D8623A00
LD 0x12C800080
LD 0x352110000
LD 0x5F0218600
LD 0x352110DC0
LD 0x12C400200
LD 0x12C400380
LD 0x73CE1CE00
LD 0x352110280
LD 0x352110480
LD 0xC76A80140
ST 0x12BC00100
LD 0x352110380
LD 0x9C40B9BC0
LD 0xCCF281F40
LD 0x352110480
LD 0x9C40B9C00
LD 0x352110740
LD 0xC482B0F80
LD 0x1001B10000
LD 0x61DA071C0
LD 0x9C4099C40
LD 0x352110700
LD 0x416995AC0
ST 0x9C4089C80
LD 0x352110A80
LD 0x12BC00100
ST 0x12BC00380
LD 0x352110680
ST 0x9C40A9CC0
ST 0x1144325500
LD 0x112BB1B7C0
LD 0xC9BEB0700
LD 0x3FC981280
ST 0x144CB92700
ST 0x14077B3D80
ST 0x9C4099D00
LD 0x1068B3A340
LD 0x88020CD80
LD 0x352110FC0
LD 0x12B800240
LD 0x12C4003C0
LD 0x12B800080
LD 0x12C400280
LD 0xFEC322480
LD 0x12C800200
ST 0xCD1EB0740
LD 0x12C800300
LD 0x87321C2C0
ST 0x1464F82B40
LD 0x12BC00340
LD 0x722602880
LD 0xD23AB1CC0
LD 0x352110A40
LD 0x12B800180
LD 0x352110980
LD 0x12C4000C0
LD 0x9C40B9D40
ST 0x500A1F080
LD 0x102CF16000
LD 0x9C4089D80
ST 0x40ED91D80
ST 0x3E9996740
LD 0x9C40B9DC0
LD 0x12BC00040
ST 0x13A0B925C0
LD 0x352110500
LD 0x12BC00100
ST 0x3F8992340
LD 0x560A315C0
LD 0x3521109C0
ST 0x13E1F82500
ST 0x9C40B9E00
LD 0x12C400000
LD 0x9C4089E40
LD 0x12C8000C0
LD 0x9C40B9E80
LD 0x352110F40
LD 0x71C631D00
LD 0x702A08B40
LD 0x405991100
LD 0x521A2A280
LD 0xC2E2B1F00
LD 0x9C40B9EC0
LD 0x12BC00000
ST 0x1475382600
LD 0xFDAB204C0
LD 0x3F5DA5080
LD 0x3E9192340
LD 0x9C4089F00
LD 0x3F4D86E80
ST 0x13A47A14C0
LD 0x661A3B280
LD 0x12BC00340
LD 0x10DEB13040
LD 0xC30691100
LD 0x12C8000C0
LD 0x9C40B9F40
LD 0x52AA24C40
LD 0x352110D40
LD 0x12BC002C0
ST 0x1411BB3040
LD 0x9C40B9F80
LD 0x12BC00380
LD 0x12BC00080
LD 0x12B800040
LD 0x352110780
ST 0x40ED92AC0
LD 0x3F4DA1DC0
ST 0x858A112C0
LD 0x12BC00140
LD 0x352110380
ST 0x141C7A2F40
LD 0x4011B1380
ST 0x4069977C0
ST 0x3ED983000
LD 0x9C4089FC0
ST 0x13D4781880
LD 0xCDFEA1680
ST 0x13ED793E40
LD 0x3F8DA42C0
ST 0x13F9F82BC0
LD 0x352110140
LD 0xC422902C0
LD 0x40C9923C0
LD 0x3521100C0
LD 0x111FF0B800
LD 0x352110400
LD 0x4139A59C0
LD 0x88DA28E80
LD 0x3521108C0
LD 0x878A222C0
ST 0x5C3E1B7C0
ST 0x9C40AA000
LD 0x12BC00340
LD 0x3EC991200
LD 0x352110DC0
LD 0x12BC00100
LD 0xFCFB05D80
LD 0x829A34440
LD 0x12C4001C0
LD 0x12BC00300
ST 0x3EA582F80
LD 0x12BC000C0
ST 0x80DE247C0
LD 0x12BC00200
LD 0xC14E80E00
LD 0x3521108C0
LD 0x12C400340
LD 0xC4EA81C40
ST 0x12B800180
LD 0xCC5A90380
LD 0x110EF29940
ST 0x4055B3700
LD 0x1064329740
LD 0x3F3182E80
ST 0xBC9280FC0
ST 0x147EB81A00
LD 0x9C409A040
LD 0xC59E90080
LD 0x352110E80
LD 0x12BC00040
ST 0x7CD6050C0
LD 0x3521103C0
ST 0x1114336480
ST 0x1413392900
LD 0x8C3623DC0
LD 0x9C40AA080
LD 0xCB0EB1080
LD 0x352110040
LD 0x1164B2EC80
LD 0x3521108C0
LD 0xCC42A1EC0
LD 0x12BC00240
ST 0x147EFA2C80
LD 0x9C409A0C0
ST 0x9C409A100
LD 0x12B8002C0
LD 0x110AF0AA80
LD 0x9C409A140
LD 0x405994A00
ST 0x9C40AA180
LD 0x3521107C0
ST 0x14107A38C0
LD 0x9C409A1C0
LD 0x12B800000
ST 0x13BC782480
LD 0xFF6F29440
LD 0x6B2E36A80
ST 0x3F8DA2C40
LD 0xD7B691300
LD 0x12B8001C0
LD 0x3FF191E00
LD 0x414585980
LD 0x12C800300
ST 0x9C40AA200
LD 0x704A0BF80
LD 0x1176703D80
LD 0x893620300
LD 0x863637180
LD 0x521E11AC0
LD 0x3E81A2440
ST 0x13B63A0040
LD 0x12B8001C0
ST 0x9C40AA240
ST 0x13C5FB1DC0
LD 0x12BC00280
ST 0x8B2A3C000
LD 0x3521108C0
LD 0x3FED90A40
LD 0x556617140
LD 0x707E063C0
LD 0x83E20F140
LD 0x6BAE2D880
LD 0x9C40BA280
LD 0x9C409A2C0
ST 0x13CE3B0880
LD 0x9C408A300
LD 0x12C400100
LD 0x352110E80
LD 0x105032EF80
ST 0x1437B81100
LD 0x3521105C0
LD 0x9C40AA340
LD 0x5C5A01240
ST 0x3EB9B4FC0
LD 0x9C40BA380
LD 0x404D91800
LD 0x3FA190600
LD 0x12B800000
ST 0x3F1990D80
LD 0x515634F80
LD 0x114EB29140
ST 0x9C409A3C0
LD 0xCFD681200
LD 0x3F71B7C00
ST 0x1441B92AC0
LD 0x352110400
LD 0x12B800100
LD 0x352110DC0
LD 0xBBF681780
ST 0x142A3A3E40
LD 0x352110C40
ST 0x9C408A400
ST 0x14733A2C00
LD 0x352110D40
LD 0x859E12380
LD 0xD79A81D80
ST 0x40C580A80
LD 0x113F727E80
LD 0x9C409A440
LD 0x3521106C0
ST 0x140C3B2DC0
ST 0x1443FA1E80
LD 0x86FE2C800
LD 0x3FAD85D40
LD 0x413D85540
ST 0x9C40AA480
ST 0x9C40BA4C0
LD 0x4025A0280
LD 0x12C4001C0
LD 0x1025F04280
LD 0x688A24B80
LD 0x352110A00
LD 0x683E0F100
LD 0x75E2176C0
LD 0x3EF993AC0
ST 0x10A4F0A600
LD 0x12BC003C0
LD 0x352110440
ST 0x9C408A500
ST 0xCFB281A00
LD 0x12B8003C0
LD 0x410DB6F40
LD 0x116E726C00
LD 0x9C40AA540
LD 0x3ED1B5A40
ST 0x14363922C0
LD 0x12BC00280
LD 0x352110DC0
LD 0x9C40BA580
LD 0x3521105C0
LD 0x12BC00380
LD 0x9C409A5C0
LD 0x12B8000C0
LD 0x4169B5200
LD 0x12B800300
LD 0x679E1B280
LD 0xC77E816C0
LD 0x6FCE36580
LD 0x405D97D80
ST 0x14113A0180
LD 0x9C408A600
ST 0x12B800380
LD 0xBF9291D40
LD 0x3521108C0
LD 0xCEE2A1700
ST 0x140F3A1000
ST 0x1076F28D80
LD 0xC16681C80
LD 0xC56691640
LD 0x3EF982780
LD 0x9C408A640
ST 0x13CEF91180
ST 0x9C40BA680
ST 0x13B8381440
LD 0x40D1B1380
LD 0x516E02900
LD 0x352110980
LD 0x9C40AA6C0
LD 0x4111836C0
LD 0x352110B40
LD 0x12BC003C0
LD 0x12BC00280
ST 0x12BC00380
LD 0x12C400040
LD 0x55DE14B00
ST 0x9C409A700
LD 0x9C40BA740
LD 0xD476A1F80
LD 0x12B800180
LD 0x9C409A780
ST 0x1415781B00
LD 0x100F715840
LD 0x352110FC0
LD 0x1094F1D640
LD 0x3EEDA05C0
LD 0x12BC000C0
ST 0x12BC00040
LD 0x12BC00040
LD 0x9C408A7C0
LD 0x3521100C0
LD 0x9C40AA800
ST 0x739211240
ST 0x3F4581D00
LD 0x3521107C0
LD 0x104DB37800
ST 0x138D7A3BC0
ST 0x13AB7A2FC0
ST 0x352110480
LD 0x12B800200
LD 0x8B4A25380
LD 0x12C8002C0
LD 0x611E3D4C0
ST 0x13E27A3D40
LD 0x600E018C0
ST 0x13A4B923C0
LD 0x57B215A40
LD 0x352110F80
ST 0x9C40AA840
LD 0x12C800180
LD 0x1050732940
LD 0x352110FC0
LD 0x12B800380
ST 0x12BC00300
ST 0x415187F40
LD 0xC12290D00
LD 0x749A20D80
LD 0x12BC00280
LD 0x4115B6440
LD 0x352110A40
LD 0x12BC00240
LD 0x3521101C0
ST 0x413D87D80
LD 0x3F1DB7AC0
LD 0xC8B691400
LD 0x12B800380
LD 0x12C800240
ST 0x1420F81A40
ST 0x12BC00380
LD 0x7ED22E580
LD 0x853E28B40
LD 0x3521101C0
LD 0xFC731FB40
LD 0x12BC00300
LD 0x12BC00000
LD 0xD59290D40
LD 0x1120330D00
LD 0x12BC00040
LD 0x1144F30E00
ST 0x13A87B3BC0
LD 0x4E2A3CF00
LD 0x10F071F8C0
LD 0x411596B40
LD 0x12B800240
LD 0x3F79A1880
LD 0xD10281280
LD 0xCC62A0540
LD 0xC0BE80A00
LD 0x12B800140
ST 0xC87680100
LD 0xCFB2A1C40
LD 0x12C800000
ST 0x7DDE0A100
LD 0xD8D6B1580
ST 0x12BC00100
LD 0x7EBE13AC0
LD 0x352110940
LD 0x9C40BA880
LD 0x12C800140
ST 0x13D6381000
LD 0x12C4001C0
LD 0x12C800000
ST 0x40D987540
LD 0x752A01840
LD 0x9C408A8C0
LD 0x3F5D83040
LD 0xD7DEA1E80
LD 0x12B800280
ST 0x9C40BA900
LD 0x4111A6700
LD 0x10E9F046C0
LD 0xC69290EC0
ST 0x12BC00380
ST 0x9C40BA940
ST 0x9C408A980
LD 0x9C409A9C0
LD 0x12BC00280
LD 0x352110940
LD 0x3F9DA34C0
LD 0x627E2FF80
LD 0x352110F80
LD 0x59D236C00
LD 0x352110580
LD 0x12C800080
LD 0x352110D00
LD 0x352110F00
LD 0x601A25BC0
LD 0x12BC00100
ST 0x12C4001C0
ST 0xD8EA91440
LD 0x111573E240
LD 0xC2BE80240
LD 0x12BC00300
LD 0x352110FC0
LD 0x12C800000
LD 0x10DCB11AC0
LD 0x3521106C0
LD 0x352110E40
ST 0x9C409AA00
LD 0x352110E40
LD 0x12B800340
LD 0x7B1E12600
LD 0x352110B00
LD 0xFF0711200
LD 0x110E72EE80
LD 0x9C409AA40
LD 0x3FF190B80
LD 0x9C408AA80
LD 0x352110280
LD 0x12B800380
LD 0x12BC00000
LD 0xD252B1CC0
LD 0x3521108C0
ST 0x9C40BAAC0
LD 0x401595FC0
ST 0x9C409AB00
LD 0x12C400200
LD 0x352110F80
LD 0xC28A81A40
LD 0x352110840
LD 0x111372C540
ST 0x615616380
LD 0x352110A40
LD 0x10D43223C0
LD 0xCD52B1480
ST 0x40A994C80
LD 0x352110500
LD 0x4105A2F00
ST 0x142C3823C0
LD 0x352110A40
LD 0x352110040
LD 0xFA3325B00
ST 0x13ACBB3FC0
ST 0x9C40BAB40
LD 0x12BC00140
LD 0x12C400340
ST 0x14173A2240
LD 0x9C408AB80
LD 0x105FF12880
LD 0xD0C680640
ST 0x3F29B6A40
LD 0x109B337E80
LD 0x12BC00180
ST 0x138EB92780
ST 0x3521105C0
LD 0x3FADA4340
ST 0x142FFB1740
LD 0x3FBD802C0
LD 0x113E301740
LD 0x3EDDA2600
LD 0x352110D40
LD 0x1187F12480
LD 0x12BC00340
LD 0xFFE72E140
ST 0x1475F93CC0
LD 0x3521105C0
ST 0x12B800200
LD 0x12B800280
LD 0x3521105C0
LD 0x352110440
LD 0x12C800200
ST 0x141DB82D00
LD 0x3F3594A40
LD 0x12B800200
ST 0x139BB90AC0
LD 0x410583AC0
ST 0x1404380040
LD 0x4125A1A80
ST 0x1478391C40
LD 0xFC0719C80
LD 0x3F51B10C0
LD 0x614606900
LD 0x3FF9830C0
LD 0xD2FA80940
ST 0x1452F81F00
LD 0x352110440
ST 0x14437B1540
ST 0x13D9783D80
LD 0x81E606A80
LD 0x12B800100
ST 0x3ED9A7240
LD 0x3521102C0
LD 0x5F22234C0
LD 0x6E3E05000
LD 0x12B800100
LD 0x352110500
ST 0x352110900
LD 0x12B800240
LD 0x12BC00000
LD 0x87323CA40
ST 0x9C40BABC0
LD 0x9C408AC00
ST 0x1109317980
LD 0x4005A6980
LD 0x12BC00200
ST 0x12C400040
LD 0x12BC00100
LD 0x12BC00300
LD 0x10553310C0
LD 0x9C408AC40
LD 0x9C409AC80
ST 0x9C408ACC0
LD 0x3EA195BC0
LD 0x9C40BAD00
LD 0xD052A1B00
LD 0xBF0E91CC0
LD 0x12B800340
LD 0xFCEF138C0
ST 0x9C408AD40
LD 0xD10AA1980
LD 0x100B725E40
ST 0xD5D2903C0
LD 0x118CB01140
LD 0x3ED5B2380
LD 0x61320A400
LD 0x3F1186F00
ST 0xC07EA0640
LD 0x9C408AD80
LD 0x9C40AADC0
LD 0x9C40AAE00
LD 0x4179B59C0
ST 0x9C40AAE40
LD 0xBF8EB1C40
LD 0x352110080
LD 0xC016B19C0
LD 0x1171F0ED80
LD 0x5E6E10340
LD 0x9C408AE80
LD 0x352110E80
LD 0xD0C2B0840
LD 0x606A101C0
LD 0x352110300
LD 0x9C408AEC0
LD 0x9C40AAF00
LD 0x12B800080
LD 0x12BC003C0
ST 0x596202E00
LD 0xC93E90480
ST 0x138CF81540
LD 0x3EE5B6240
LD 0x60CA37380
LD 0x648E31C00
LD 0x7EA6188C0
LD 0x12BC000C0
ST 0x13A0B80900
LD 0x12C400140
ST 0x548A23100
LD 0x6DF237640
LD 0x352110240
LD 0x12BC002C0
LD 0xD5CEA1540
LD 0x12B8003C0
LD 0xFE9B2FEC0
LD 0x58BE045C0
ST 0x12B8002C0
LD 0x352110540
LD 0x103F715CC0
LD 0x9C40BAF40
ST 0x141FBA0F40
LD 0x40FDB43C0
LD 0xC82291840
LD 0x9C40BAF80
LD 0x12BC00080
LD 0x4119B26C0
LD 0xFB0B16AC0
ST 0x1417382200
ST 0x1391381740
ST 0x9C40AAFC0
ST 0x415184240
ST 0x9C409B000
LD 0x101FF319C0
LD 0x352110F40
LD 0x58DA0F3C0
LD 0x5FAE2FA40
LD 0x12C800340
LD 0x4EAE21D40
LD 0x9C409B040
LD 0x57B20BA00
LD 0x12BC001C0
ST 0x12B8001C0
ST 0x851E12780
ST 0xC17EA12C0
LD 0x3F75A3BC0
ST 0x140C7B0900
LD 0x3F75B4B80
LD 0xFB1F0BB80
ST 0x144FFB1F40
ST 0x1137F39500
LD 0x4029B30C0
LD 0x509202FC0
ST 0x6F3A143C0
LD 0x9C409B080
ST 0x12B800040
LD 0x352110DC0
ST 0x3F7587080
ST 0xBC6681280
LD 0x12BC000C0
LD 0x704E01D40
LD 0x12B800340
ST 0x840E0C1C0
LD 0x3521106C0
LD 0x352110240
ST 0x40F982000
LD 0x352110080
LD 0x3EF5B0CC0
LD 0x9C40BB0C0
ST 0x13E8F81280
LD 0x12BC00200
LD 0x9C40AB100
LD 0x352110440
ST 0x14647A2D00
LD 0x9C409B140
LD 0x12B800180
LD 0x3521105C0
LD 0x827E25180
LD 0x1185B28C00
LD 0x12BC00140
LD 0x889E17000
LD 0x12B800180
ST 0x104BF2D0C0
LD 0x115CF29140
LD 0x3521109C0
ST 0x9C408B180
LD 0x85B21BB80
LD 0x3FF1B0B40
LD 0x1106B3D600
LD 0x74FE1B180
LD 0x12BC002C0
LD 0x352110780
LD 0x352110880
LD 0x352110800
LD 0x9C409B1C0
LD 0x352110F40
LD 0x3F89B0340
LD 0x12C400200
LD 0x352110D00
LD 0x352110680
LD 0x352110A80
LD 0x9C409B200
ST 0x9C409B240
LD 0x1157B042C0
LD 0x9C40AB280
LD 0x12C800300
ST 0x3F55A5340
LD 0x352110200
ST 0x3F5983280
LD 0x10F7F1E880
LD 0x9C40BB2C0
LD 0x788A32000
LD 0x9C40AB300
LD 0x9C408B340
ST 0x14203A2DC0
LD 0x107EB13640
ST 0x52C627700
LD 0x419193340
LD 0x12BC00280
ST 0xD4FA81800
LD 0x5D4E2B780
LD 0x3F5981940
LD 0x417995E40
LD 0x12C800300
LD 0x110BF0D4C0
LD 0x9C408B380
LD 0x10F6338AC0
LD 0x1073323200
LD 0x9C40BB3C0
LD 0x403187CC0
LD 0x9C408B400
LD 0x352110DC0
LD 0x12B800300
LD 0x352110200
LD 0x9C40BB440
LD 0x9C408B480
LD 0x12BC00240
LD 0x5B5602600
LD 0x9C40BB4C0
LD 0x9C40AB500
LD 0x12B800200
LD 0x352110C00
ST 0xBB8691C00
LD 0x1028737800
ST 0xC132A1480
LD 0x9C40AB540
LD 0x70C22EB40
LD 0x670212A80
LD 0x12C800280
ST 0x13AC793480
ST 0x13AF3B0040
LD 0x352110840
ST 0x3E95977C0
LD 0xCB3A91540
LD 0x352110E80
ST 0x4009A37C0
LD 0x352110DC0
LD 0x12BC001C0
LD 0x9C40BB580
ST 0x139EFB2C00
LD 0x9C409B5C0
LD 0xBD1EA1340
ST 0x1455BA0BC0
ST 0x1431F91400
ST 0x138D783000
LD 0xBBA280B80
ST 0x12C800200
LD 0x3FB585700
LD 0x10CA30BD40
ST 0x1412782F80
LD 0x352110A00
LD 0xD07AB0E80
LD 0xC2C280940
LD 0x9C408B600
LD 0xBF9EA0540
ST 0x9C409B640
LD 0x9C409B680
LD 0x3521105C0
LD 0x6E2E0C340
LD 0x10BEF1F700
LD 0x12B8002C0
LD 0x117EF13880
ST 0x3EB193BC0
LD 0x9C40BB6C0
LD 0x3521104C0
LD 0x352110A80
LD 0x5B0A215C0
LD 0x9C40AB700
LD 0x1072727B00
ST 0x12C400300
ST 0xC7CE90880
LD 0x9C40BB740
LD 0x12BC00380
LD 0x4141A6D40
LD 0x768A38FC0
ST 0x698A36EC0
LD 0x9C40AB780
LD 0x658E3AE40
LD 0x12C400040
LD 0x103533A600
LD 0x12C400280
LD 0xCABA80A00
ST 0x352110040
LD 0x12B800140
LD 0x9C408B7C0
LD 0x10C1708880
LD 0xBF9281F80
LD 0x12C800000
LD 0x57F63F100
LD 0x12BC00280
ST 0x352110EC0
ST 0x13EEBB2140
LD 0x9C40BB800
LD 0xCF82B0540
LD 0x12C400140
ST 0x9C409B840
LD 0x9C40BB880
LD 0x9C40AB8C0
LD 0x12C800240
LD 0x6A0236400
LD 0x12B800300
LD 0x12B800200
LD 0x573205200
LD 0x58322B440
ST 0x139FB82400
LD 0x100FF0F680
ST 0x403991D40
LD 0x352110F80
LD 0x6C5604200
ST 0x3F35B2540
LD 0x117332F000
LD 0x352110AC0
LD 0x9C409B900
ST 0x6CE22C1C0
LD 0x9C40BB940
LD 0x812A19200
LD 0x12C4001C0
ST 0xCE6AA1B00
LD 0x12B800040
ST 0x352110E40
LD 0x12C4003C0
LD 0x9C408B980
LD 0x1046704E40
LD 0x7FEE28500
LD 0x352110800
LD 0x12BC003C0
LD 0x352110A40
LD 0xFECB1F340
ST 0x81EE03200
ST 0x13EC791740
LD 0x3ED582F80
LD 0x3EE592A40
LD 0x352110200
LD 0x12BC00180
LD 0x3521108C0
LD 0x3F7193900
LD 0xD246810C0
LD 0x12B800040
ST 0x747237A40
LD 0x352110B40
LD 0x65EA21A40
ST 0x9C409B9C0
LD 0x352110400
LD 0x12BC001C0
LD 0x839A2BE40
LD 0x657E35800
LD 0x1105B12E80
ST 0x1426FB0C80
LD 0x4055B7580
LD 0x412D92700
LD 0xCFE6A0400
LD 0x12C8000C0
ST 0x3FB580C80
ST 0x9C408BA00
LD 0x3FE581240
LD 0x4005B6BC0
LD 0x9C40ABA40
LD 0x12C4001C0
ST 0x63A612D00
LD 0x68BE295C0
LD 0x3F5D90180
LD 0xD56EB11C0
LD 0x406990000
LD 0x9C40ABA80
ST 0x581E1A880
LD 0xC10280180
LD 0x9C40BBAC0
LD 0x12B800300
ST 0x9C408BB00
LD 0xC09281180
LD 0x12BC00000
ST 0x140F7A1480
LD 0xC47A80A00
LD 0x352110C80
ST 0x352110540
LD 0x10F5B32280
LD 0x106E725680
LD 0x9C408BB40
ST 0x1445B80F80
LD 0x793E205C0
ST 0x9C408BB80
LD 0x4169B2780
LD 0x1185B39540
LD 0x114A33A640
LD 0x4105918C0
ST 0x3F75A2C40
LD 0x579E2B140
LD 0xC62EB0F40
LD 0x3EADB0740
LD 0x3EF5B46C0
LD 0xFDBF00C80
LD 0x12BC00000
LD 0x596E07240
LD 0xFCF739140
LD 0x9C409BBC0
LD 0x9C409BC00
ST 0xC6FEA02C0
LD 0x537E19940
LD 0x12B800240
LD 0x352110780
LD 0x352110540
LD 0x409592F00
LD 0xDA22A1200
LD 0xC15EB0440
LD 0x3521108C0
LD 0x6E563EC80
ST 0x12BC00340
LD 0x3521102C0
ST 0x13FC7B1080
LD 0x3EAD834C0
LD 0x6C061ACC0
LD 0x12B800140
LD 0x352110740
LD 0x71EA15700
LD 0x12B800340
ST 0x1406BA3A00
LD 0x9C40BBC40
LD 0x51AA29B80
ST 0x12BC002C0
ST 0x9C40BBC80
LD 0x352110480
ST 0x352110140
LD 0x352110A00
LD 0x106CF36380
ST 0x9C40BBCC0
LD 0x7ADA1A200
ST 0x1391FA1AC0
LD 0x12BC00140
LD 0x9C408BD00
LD 0x352110840
LD 0x12BC002C0
LD 0x12B800380
LD 0x3F4DB0A00
ST 0x140BF91240
LD 0x12B800100
LD 0x8A8E3C280
ST 0x9C409BD40
LD 0x10E4329380
LD 0x74DA01180
LD 0xD8BE81840
LD 0x3F1DB5140
ST 0x9C409BD80
ST 0x9C40ABDC0
ST 0x9C40ABE00
LD 0x12BC00100
LD 0x3F29A3000
LD 0x12BC00380
LD 0x1048F0B4C0
LD 0x12C800100
LD 0x9C40ABE40
ST 0x3F3DB2C00
LD 0x352110E80
LD 0xC7F2B06C0
LD 0x7F8611780
LD 0x9C408BE80
ST 0x1445B91940
LD 0x10AB736B00
ST 0x13D7FB0A00
ST 0x13DB382D40
LD 0x9C40BBEC0
LD 0x12BC00100
LD 0x12B800180
LD 0x9C409BF00
ST 0xD11690500
LD 0x601621440
ST 0xFC0B22340
LD 0x352110CC0
ST 0x13AE391A00
LD 0x12BC000C0
LD 0x653E0C980
LD 0x3E8585700
LD 0x12BC001C0
ST 0x9C40ABF40
LD 0x3F6DA0940
LD 0x352110B40
LD 0x702A3CF00
LD 0x3FF1A5040
LD 0x9C40BBF80
LD 0xD85EB1B00
ST 0x9C40ABFC0
LD 0x12BC00040
LD 0x12B800280
LD 0x3521103C0
ST 0x3F5583240
LD 0x801E031C0
LD 0x3F61B48C0
ST 0xD5D2913C0
ST 0x14377A35C0
LD 0x3521102C0
LD 0x12BC00280
ST 0x1160F376C0
LD 0x12BC00200
ST 0x9C408C000
ST 0x12BC00180
LD 0x3521101C0
LD 0x5A2E3D380
ST 0xBD6E80140
LD 0xFD0F37140
LD 0x7C0637C00
LD 0x12B8000C0
LD 0x352110BC0
LD 0x9C40BC040
ST 0xDABE907C0
LD 0x9C40BC080
LD 0x548E2CCC0
LD 0x759A18B00
LD 0x12B8000C0
LD 0x7E6610280
ST 0x4071A42C0
LD 0x9C40AC0C0
LD 0x352110140
LD 0x10E6327D40
LD 0x3ED5A5940
LD 0x352110E00
LD 0x9C408C100
LD 0x10FEB315C0
LD 0xC666B08C0
LD 0x401582E80
ST 0x139B7910C0
LD 0xCEB681440
LD 0xBCFE91A40
LD 0xC42691240
LD 0x684A2AF80
ST 0x1454391080
LD 0x352110D00
LD 0x12BC00280
LD 0x12BC00140
LD 0x117AB27280
LD 0x352110140
LD 0x417D83C40
LD 0x403597100
LD 0x352110F00
ST 0x146C3B0680
ST 0x3F4D832C0
LD 0x3FD996CC0
ST 0x12B800140
LD 0x352110C80
LD 0xD38E80E40
LD 0x12B8002C0
ST 0x1393F82340
LD 0x4065B1E00
ST 0x13E1BA1EC0
LD 0x12C400340
ST 0x10C8B23EC0
LD 0x3F0191CC0
LD 0x6146065C0
LD 0x12B800280
LD 0x9C408C140
ST 0x415D80280
LD 0x12B800380
LD 0x352110380
LD 0x12BC002C0
LD 0x352110F80
LD 0x9C409C180
ST 0x9C409C1C0
LD 0x12B800000
ST 0xC5B6A1FC0
LD 0x12BC002C0
LD 0x576A38180
ST 0x9C408C200
ST 0xD132A1880
LD 0x352110980
ST 0x139A393BC0
LD 0x352110180
ST 0x4049B6A80
LD 0x352110EC0
LD 0x3F0585540
LD 0x352110C40
LD 0x12C400180
LD 0x12B8002C0
LD 0x1017B100C0
LD 0x12BC00140
ST 0x13CF793280
LD 0x352110F40
ST 0x142DFB1940
ST 0xCE2E915C0
LD 0x3521104C0
LD 0x12BC00000
ST 0x105F325000
LD 0x352110100
ST 0x9C40BC240
LD 0x12B8002C0
LD 0xC742B0600
LD 0x352110FC0
LD 0x898E29C40
LD 0x1033F08E40
LD 0x1126F29380
LD 0x352110B80
ST 0x12BC003C0
LD 0x352110C00
LD 0x12BC002C0
ST 0x9C40AC280
ST 0x1464FB27C0
LD 0x12B8002C0
LD 0x6D4630AC0
LD 0xD66AB1CC0
ST 0x65B624240
ST 0xD69E90CC0
ST 0x3E89B6C80
LD 0x352110F00
LD 0x419995880
LD 0x12C800080
ST 0x9C40BC2C0
ST 0x9C40AC300
ST 0x4141B5540
LD 0x12B800340
LD 0x3FC195040
LD 0xD746A19C0
LD 0x7E960F5C0
LD 0x352110BC0
LD 0x409DA43C0
LD 0x7572198C0
LD 0x12C4003C0
ST 0x141AB90980
LD 0x352110980
LD 0x9C408C340
LD 0x12B800180
LD 0x113273F1C0
LD 0x352110DC0
LD 0x593E0FA40
ST 0xDA4280F40
ST 0x3FBDA2600
LD 0x82A200D00
LD 0x101CB2F6C0
LD 0x9C40AC380
LD 0x9C40AC3C0
LD 0x3EF194800
LD 0x12C800240
LD 0x4029B6700
LD 0x117FF0BA80
ST 0x10AA328E40
ST 0x14087B0700
LD 0x9C408C400
LD 0x12BC00300
LD 0x3F01A6980
LD 0x352110D00
ST 0x352110680
LD 0x9C40BC440
ST 0x13F4BB20C0
ST 0xD1DA80400
LD 0x400DB46C0
LD 0x352110380
LD 0x12C800100
LD 0x352110940
LD 0x10D9326600
ST 0x403983300
LD 0x12B8002C0
LD 0x12B800100
LD 0x12BC00380
LD 0x352110180
LD 0x4101A6380
LD 0x4151801C0
LD 0x532A3C340
ST 0x9C409C480
LD 0x352110580
LD 0xBD3690F00
LD 0x352110180
LD 0x12BC00280
ST 0x9C408C4C0
LD 0x9C40AC500
LD 0x12BC00080
ST 0x1432780DC0
ST 0x1055F2C180
LD 0x9C40BC540
LD 0x3F7DB0200
LD 0x12B800140
ST 0x12C8003C0
LD 0x12C400040
LD 0x9C408C580
LD 0x81E62D000
ST 0x9C40AC5C0
LD 0x403194540
LD 0x12B8001C0
LD 0xC99E90580
LD 0x5CFA30240
LD 0x10BCF2DEC0
LD 0x12C8002C0
ST 0x12BC00000
LD 0xFE33261C0
LD 0x9C409C600
LD 0x411D87280
LD 0x57BA2BC00
LD 0xD81AA0FC0
LD 0x77A6148C0
LD 0x9C40AC640
LD 0x352110780
LD 0x9C408C680
LD 0x352110440
ST 0x40ED81780
LD 0x7E5A3C640
LD 0x7A1214440
LD 0x12BC00340
LD 0x419994140
LD 0xD4BAA0680
LD 0x12BC00240
LD 0x12BC00200
LD 0x411D82B80
LD 0xBB9A81000
LD 0x9C409C6C0
LD 0x4085840C0
LD 0xD85280240
LD 0x12BC000C0
LD 0x9C408C700
LD 0x4175B3B00
LD 0x5ED228800
LD 0x3F39B6C40
ST 0x1477F903C0
ST 0x1439F80BC0
LD 0x352110840
LD 0x9C40BC740
LD 0x1179B298C0
LD 0x12B800180
LD 0x9C408C780
LD 0x1073F10F00
LD 0x352110AC0
LD 0x3F81A1140
LD 0x3F5DB5B40
LD 0x546224280
LD 0x352110080
ST 0x4141B4080
ST 0x13A2F93EC0
LD 0x12B800300
LD 0x3521103C0
LD 0x1020B16340
LD 0x10CCF16F80
LD 0x3521102C0
ST 0x12C400300
LD 0x352110400
LD 0x352110D00
ST 0x9C40AC7C0
LD 0x3521104C0
LD 0xD636A1800
LD 0x404587800
LD 0x8A820A240
ST 0x3FC5827C0
LD 0x40CD80340
LD 0x3F2196640
LD 0x9C408C800
LD 0x12BC00140
LD 0xFFFF2DDC0
LD 0x352110280
LD 0x9C409C840
ST 0x13987A39C0
ST 0x352110080
LD 0x101CB39500
LD 0x107F304A40
LD 0xBE12B0740
LD 0x352110780
LD 0xCC3E80680
LD 0x3EB1A0B00
ST 0x3F8DB7600
LD 0x12BC00040
ST 0x3F99B5EC0
ST 0x3EEDA4B00
LD 0x5A0E02280
LD 0x3E81B0DC0
ST 0x147FF925C0
ST 0x71DE32D80
LD 0x12C4003C0
LD 0x352110980
ST 0x9C40AC880
LD 0x58F634500
LD 0x12C8001C0
LD 0x557236A80
LD 0x352110480
LD 0x9C40BC8C0
LD 0x352110C00
LD 0x112930D800
LD 0x3521109C0
ST 0x9C40AC900
LD 0x9C408C940
LD 0x12B800080
LD 0x68863DF80
LD 0x12C400100
LD 0x561608900
ST 0x139FF90B40
ST 0xD50AA1280
LD 0xC182A1780
LD 0x89FE19C40
LD 0x1190B3DE00
LD 0x9C409C980
LD 0x1128737200
ST 0xD12EA0700
LD 0x352110800
LD 0x352110040
ST 0x13EE3B2980
LD 0x104472C4C0
LD 0x12BC00080
LD 0x12BC00140
LD 0x12C400080
LD 0x12B800080
ST 0x418984440
ST 0x13C33B08C0
LD 0x352110840
LD 0x413995300
LD 0x352110680
LD 0x352110E00
LD 0x6E0E2DF00
LD 0x352110DC0
LD 0x352110500
ST 0x12BC00200
LD 0x3EE1B2800
LD 0x352110C80
ST 0x13AB3A2A00
LD 0x3F89B4E40
LD 0x5ECA09A80
LD 0x10CEB01800
LD 0x9C40BC9C0
LD 0x59BA29EC0
LD 0x3521101C0
LD 0xD6CA91400
LD 0x352110D80
LD 0x352110800
LD 0x9C40BCA00
ST 0x13F67B3640
LD 0x8C0631F00
LD 0x352110680
ST 0x9C40ACA40
LD 0x9C409CA80
LD 0x3FF184580
LD 0xFA1B3B5C0
LD 0xFD3F0B0C0
LD 0x4085B18C0
LD 0x9C409CAC0
LD 0x3521107C0
LD 0xBF8EB08C0
LD 0x12C4000C0
LD 0x352110340
LD 0x3F49B0040
LD 0x4001B5600
LD 0x9C409CB00
ST 0x9C40ACB40
ST 0x3521107C0
LD 0x12C400280
ST 0x3521104C0
LD 0x352110C80
LD 0x4175A0940
LD 0x9C409CB80
ST 0x13C37A0080
ST 0xDA3EB1840
LD 0x9C408CBC0
LD 0x352110F40
LD 0xFD0F37AC0
LD 0x11667132C0
ST 0x7A4617C80
LD 0x9C409CC00
ST 0x54DA33100
LD 0x352110EC0
ST 0x14553A0040
LD 0xFDB73F500
LD 0x12BC00140
LD 0x409597300
ST 0x547205840
LD 0x352110E80
LD 0x3FADA2C40
LD 0x352110300
LD 0x3521105C0
LD 0x3521108C0
LD 0x352110CC0
LD 0x63FA33C80
LD 0x8BD226D40
ST 0x12B800100
LD 0x3FC9A1300
LD 0x9C40ACC40
LD 0x12BC00080
LD 0x1156B10E40
LD 0x73AA25A00
ST 0x4E760DE80
LD 0x417D91F80
LD 0x57161A200
LD 0x672A3B5C0
ST 0x1438FB1AC0
LD 0x1111302B80
ST 0xC556B06C0
ST 0x9C408CC80
LD 0x12BC00280
LD 0x89BA1A680
LD 0x352110C00
LD 0x4125922C0
LD 0x10F73201C0
LD 0x352110280
LD 0x5D421CE80
LD 0xCC9EB0C40
LD 0x411D86240
LD 0x12BC000C0
LD 0x352110EC0
LD 0x117F70DE00
LD 0x4165B1C40
LD 0x9C40ACCC0
ST 0x143BFA00C0
LD 0x12BC00080
LD 0x6B3611540
LD 0x817A35080
LD 0x108CF03B00
LD 0x3ED583740
LD 0x352110D00
LD 0x3521103C0
LD 0xD24EA13C0
LD 0x352110DC0
LD 0x40D5A3740
LD 0x9C408CD00
ST 0xCD4AB0300
LD 0x352110880
LD 0x352110580
LD 0x9C409CD40
LD 0x352110700
ST 0x13F6BB34C0
LD 0x12B800240
LD 0x1006301100
LD 0x9C409CD80
LD 0x4159B3CC0
LD 0xD322A0140
ST 0x12B800280
ST 0x7A2E27000
LD 0x113F73FE00
LD 0xC862A1140
ST 0x9C409CDC0
ST 0x9C409CE00
LD 0x113670C6C0
ST 0x12BC00340
ST 0x9C409CE40
ST 0x9C408CE80
LD 0x352110A80
LD 0x9C40ACEC0
LD 0x53FA05880
LD 0x352110440
ST 0x9C409CF00
LD 0xC8E6A1600
LD 0x4E5208B80
LD 0xFEB723BC0
ST 0x1481B83240
ST 0xCCA2A0D80
LD 0x12B800100
LD 0x659211B40
ST 0x1450791180
LD 0x4019A1480
LD 0x352110780
ST 0x9C40BCF40
LD 0x12C800200
LD 0x410597500
ST 0x409DA2B40
LD 0x5B6E055C0
LD 0x9C409CF80
LD 0x9C40BCFC0
LD 0x352110540
LD 0x9C409D000
LD 0x3F2D851C0
ST 0x12BC00140
LD 0x12B800300
LD 0x352110A40
LD 0x4089B1040
LD 0x12B800140
LD 0xD132B1D00
LD 0x352110B80
ST 0x13ACBB34C0
LD 0x638E0EA80
LD 0x3521101C0
ST 0x9C40BD040
ST 0x13D5B83800
LD 0x12C400000
LD 0xFBEF09140
LD 0x1185F23240
LD 0x12C400100
ST 0x143EFA1F00
LD 0x12B800080
LD 0x12BC00200
ST 0x9C409D080
LD 0x3F7987A80
LD 0x4171A0000
LD 0x400DB7EC0
LD 0x3EDD83E00
LD 0x76E21F400
LD 0xD66691E40
ST 0x1416793100
LD 0x352110E00
ST 0x12BC00380
LD 0x4FDE34780
LD 0x12BC000C0
LD 0x352110400
LD 0x12BC00200
LD 0xD08690F80
LD 0x12B800300
LD 0x9C40BD0C0
ST 0x12BC00040
ST 0x9C40BD100
LD 0x9C40AD140
ST 0x14737B18C0
ST 0x9C40AD180
ST 0xC5D6812C0
ST 0x3F8DB72C0
LD 0x352110740
LD 0x12B8002C0
ST 0x9C40BD1C0
LD 0x12C8002C0
LD 0x9C40AD200
LD 0x352110680
LD 0x4089A2BC0
LD 0x12C400040
LD 0x9C40BD240
LD 0x352110DC0
LD 0x12BC001C0
LD 0x12B800100
ST 0x352110140
LD 0x12C800080
ST 0x13DC7901C0
LD 0x352110E00
LD 0x12C400240
LD 0x9C408D280
LD 0x9C40AD2C0
ST 0x14733B04C0
ST 0x1468FA0E80
LD 0x12C400340
LD 0x352110700
ST 0x109D705BC0
LD 0x1101701EC0
ST 0x12BC00280
LD 0x9C40AD300
LD 0x100EB3B140
ST 0x12B800300
LD 0x12BC00080
LD 0x82F212D00
ST 0x143A793E00
LD 0x40A193000
ST 0x9C408D340
LD 0x352110300
LD 0x9C408D380
ST 0x10CCB3F680
ST 0x14313A22C0
LD 0x51420AD40
ST 0x13C5B82EC0
LD 0x12B800000
ST 0x1396F80E00
LD 0x12B8000C0
LD 0x1163319AC0
LD 0x352110E40
ST 0x3521103C0
LD 0x10EBF20100
LD 0x352110340
ST 0x14513B2300
LD 0x12BC00080
ST 0x352110380
ST 0x3FC5A4C00
ST 0x13C4B83A80
LD 0x414192C80
LD 0x352110200
LD 0x12B800300
ST 0x1389BA0900
LD 0xFBD314F80
LD 0x352110540
LD 0x3521108C0
LD 0xC24280840
LD 0x3EC9B5FC0
LD 0x352110EC0
ST 0xBBE6B1C80
LD 0x418D81740
LD 0x85360C180
LD 0xC91EA1280
LD 0x62162B080
LD 0x10A2B352C0
LD 0xBD2E913C0
LD 0x5CC239040
ST 0x3EEDB1280
LD 0x352110E80
ST 0x1450BB04C0
ST 0x9C408D3C0
LD 0x3F89B2B80
LD 0x12B800340
LD 0x416994240
ST 0x13E5B90200
LD 0x538E09640
ST 0x7F720A100
LD 0x12BC00000
ST 0x12C4000C0
LD 0x352110A80
LD 0xBDBEB0F00
ST 0x140B3A2300
LD 0x12BC00380
LD 0x12BC00180
ST 0x1463F83140
LD 0x9C409D400
LD 0xC5E2A1140
ST 0x4165A7EC0
LD 0x12BC001C0
LD 0x12C8002C0
LD 0x9C409D440
LD 0x12B800000
ST 0x6FCE01980
LD 0x12B800240
ST 0x3521101C0
LD 0x12B800040
LD 0x3FA1942C0
ST 0x9C409D480
LD 0x352110EC0
ST 0x12BC00380
LD 0x7AEE0A7C0
LD 0xFB7B1F840
ST 0x9C40BD4C0
LD 0x61321F7C0
LD 0x12C400200
LD 0x12B800340
LD 0x69FE0DEC0
LD 0x40ED95AC0
LD 0x12BC000C0
LD 0xD22E91D80
LD 0x12C400140
ST 0x9C408D500
LD 0x352110540
LD 0x12C800240
LD 0x352110DC0
LD 0x12B800280
ST 0x1465790240
LD 0x352110CC0
LD 0xFAF714B40
LD 0x9C40AD540
LD 0x352110A80
LD 0x12B8001C0
LD 0x3521103C0
LD 0x12B8001C0
LD 0x404181DC0
ST 0x3521104C0
ST 0x409980880
LD 0x3521101C0
LD 0x12BC00140
ST 0x1449FB1680
LD 0x9C408D580
LD 0x9C40AD5C0
LD 0x12B800100
LD 0x112D339600
LD 0x12BC00380
LD 0x5BA222E40
LD 0xC03EB1440
LD 0x9C40AD600
LD 0x3521107C0
LD 0x81522C400
LD 0x3F9592500
LD 0x5E8A3E140
LD 0x6EA616580
LD 0x12C400340
LD 0x12B800240
ST 0x139E3820C0
LD 0x352110AC0
LD 0x3E85A0280
LD 0x9C40BD640
LD 0x12C400380
LD 0x9C409D680
ST 0x65CA0FF80
LD 0x631221800
LD 0x12BC00000
LD 0x419DA0A00
LD 0x12C800280
LD 0x12B800240
LD 0x352110AC0
LD 0xBD12B0340
ST 0x9C408D6C0
LD 0xFC7313840
LD 0x12BC003C0
LD 0x12B800200
LD 0x9C40AD700
LD 0x352110140
LD 0xCFEAA0A80
LD 0x12B8003C0
ST 0x13E8F91740
ST 0x117B33E880
LD 0x8C5E0F380
LD 0xC6D280C40
LD 0x6EF206540
LD 0x1020738B80
LD 0x81CA05740
LD 0x1099F33B40
LD 0x7612143C0
ST 0x145BF93180
ST 0x412997700
LD 0x1124F305C0
ST 0x13F3380880
LD 0x352110D40
LD 0xCAD291C00
LD 0x101DF074C0
LD 0x41A195AC0
LD 0x12C800200
LD 0xC63680180
LD 0x9C40BD740
LD 0x10E730D180
LD 0x82BA201C0
LD 0x352110E80
LD 0x12B800280
LD 0x56DE3E780
ST 0x9C408D780
LD 0x4185952C0
LD 0x7D5E20340
LD 0x9C408D7C0
LD 0x54FA058C0
ST 0x144E392F80
LD 0x12B800300
ST 0xCB3A80E80
LD 0x10493242C0
LD 0xC01A910C0
LD 0x352110A80
LD 0x12BC00100
LD 0x51BA0BEC0
ST 0x413DA6C00
LD 0xBCDEA0380
LD 0xBD26A0780
LD 0x1021B12580
LD 0x12BC00180
ST 0x9C40AD800
ST 0x7BFA2C4C0
LD 0x740A20C00
LD 0x12B800000
ST 0x14587B0480
ST 0x1445FB1F40
ST 0xCD8EA0880
LD 0x10D6B27800
LD 0x9C40BD840
LD 0x352110E80
ST 0x405590480
LD 0x40CD81B00
LD 0x12B8003C0
ST 0x9C409D880
ST 0x401984A40
LD 0xCC4290940
LD 0x9C40BD8C0
LD 0x9C409D900
LD 0x12C400180
LD 0x12B800040
LD 0x4179A5C00
LD 0x9C40BD940
LD 0x9C40BD980
ST 0x13893B0200
ST 0x1398782640
ST 0x13B9392380
LD 0x69023D5C0
ST 0x12B8003C0
LD 0x5E16072C0
LD 0xD4C290180
LD 0x12B800140
LD 0x9C40AD9C0
LD 0x12BC000C0
LD 0x352110080
LD 0x6EE608CC0
LD 0x9C408DA00
LD 0xC106907C0
LD 0x9C409DA40
LD 0x5B0E33300
LD 0x12BC00380
LD 0x12B8003C0
LD 0x3EE5B3800
ST 0x9C40BDA80
LD 0x12C800300
LD 0x1016F26B00
LD 0x9C40ADAC0
LD 0x3521105C0
ST 0x147DFB21C0
LD 0x3F6D919C0
LD 0x88520BB40
LD 0x82A239780
LD 0x352110880
LD 0x352110680
LD 0x3FB190840
ST 0x140F3A2840
LD 0xC676A1500
LD 0x10F673F1C0
LD 0x12B800080
LD 0x3F6997780
LD 0x4041A7900
LD 0xC02280080
LD 0x3FAD90600
LD 0x561E3E080
LD 0x1180B27400
LD 0x78E218500
ST 0x3F09B4940
LD 0x12BC00100
LD 0xD17A81F00
LD 0x9C408DB00
LD 0x12C400380
ST 0x9C40BDB40
LD 0x57CE07D00
ST 0x145EBB3180
LD 0x9C40BDB80
LD 0x9C408DBC0
ST 0x9C40BDC00
LD 0x3F5181D00
LD 0x352110D00
LD 0x352110540
LD 0x352110380
LD 0x3F5991540
ST 0x87CE39CC0
ST 0x113873C700
LD 0x7BBA2B700
LD 0x864A1FE40
LD 0x9C409DC40
LD 0x402592C80
LD 0x12C8001C0
LD 0xBDE291E40
LD 0x40F9B35C0
LD 0x7B8A15800
LD 0x5C1A19940
LD 0x9C408DC80
ST 0x3EE9B1840
LD 0x12BC00140
LD 0x4195809C0
LD 0x4085A6D80
LD 0x3F8581B00
LD 0x352110800
LD 0x5E7A3B180
LD 0xBC42B1180
ST 0x9C40BDCC0
LD 0xBD56A1400
LD 0x352110380
LD 0x9C408DD00
LD 0x79CA0DE00
LD 0x3E9D90E40
LD 0x599E14E40
LD 0x9C408DD40
LD 0xC6A690180
LD 0x63A2352C0
ST 0x9C409DD80
ST 0x3F0DA7280
LD 0x12BC00040
LD 0x850E02980
LD 0x12B8003C0
ST 0x1448F90780
LD 0xCF4AA0780
LD 0x575A19D00
LD 0x4159A4A00
LD 0xBBEAB1F80
ST 0x12B800340
ST 0xD7FA80A80
ST 0x14077B1200
LD 0x352110800
ST 0x40D9B6AC0
LD 0x102430A900
LD 0x12B800280
LD 0x12B800200
LD 0x12B800200
LD 0x611637C00
LD 0x9C409DDC0
LD 0x9C408DE00
ST 0x12B8001C0
LD 0xCA1EB15C0
ST 0x352110BC0
LD 0x352110CC0
LD 0x9C40ADE40
LD 0x352110140
LD 0xDA4A90880
LD 0x352110440
LD 0x3ECDA7100
LD 0xCFA6B0980
LD 0x10767242C0
LD 0x12BC003C0
ST 0x12BC003C0
LD 0x9C40ADE80
LD 0x9C40ADEC0
LD 0x110CB2CF40
ST 0x9C40ADF00
LD 0x352110D80
ST 0x655A222C0
ST 0x1006F3FB40
ST 0x9C40BDF40
LD 0x9C40BDF80
LD 0x352110E80
LD 0x418DB4840
LD 0x12BC002C0
LD 0x12C800380
LD 0x12BC00000
LD 0x12BC00300
LD 0x12B8001C0
LD 0x12C400300
LD 0x352110800
LD 0xBE9290040
LD 0x9C409DFC0
LD 0x12BC00280
LD 0x12C400300
LD 0x4149A6A00
ST 0x6F360A380
LD 0x12BC00300
LD 0x9C409E000
LD 0x9C409E040
LD 0x12BC00280
LD 0x416195B00
LD 0x40F580C80
LD 0x9C40AE080
LD 0x12B8003C0
ST 0x40E186940
LD 0x352110540
LD 0x12B8001C0
LD 0xD1CAA0780
LD 0x8BCE3F3C0
ST 0x6F3613540
LD 0x12B800040
LD 0x9C40BE0C0
LD 0x400D95640
LD 0x3521102C0
ST 0xBBAEB1300
LD 0x3F49B3580
LD 0x352110640
LD 0xD3F281CC0
LD 0x40B9B6140
ST 0xD442B1000
LD 0x12B800040
LD 0x12C400300
LD 0x12C4001C0
LD 0x40CD919C0
LD 0x9C409E100
LD 0x620A24FC0
LD 0x352110D40
ST 0x1395F82A80
ST 0x9C40AE140
ST 0x7A3A3C9C0
LD 0xCA3690240
LD 0x12B800000
LD 0x12C4003C0
LD 0xBF86A0540
LD 0xCB4AB0900
LD 0x352110A00
LD 0x41A181A80
LD 0xD1D6A0B80
LD 0x12BC00000
LD 0x12BC00100
LD 0x352110A00
LD 0x403586000
LD 0x59DE26780
LD 0x9C408E180
LD 0x9C409E1C0
LD 0xBE7A80D00
LD 0x12BC00200
LD 0x352110AC0
LD 0x5BBA02F80
LD 0xBF6EA0280
LD 0x12B8001C0
LD 0x12C400380
LD 0xD25E81EC0
LD 0xD842905C0
LD 0x352110240
LD 0x3F0181B40
LD 0x352110180
LD 0xBF5A80280
LD 0x12BC00380
LD 0x352110C80
ST 0x410990580
LD 0x12C400300
ST 0x144A792C80
LD 0x4015A2740
LD 0x352110C00
LD 0x1151709DC0
LD 0x12B8002C0
ST 0x13C5FB2E00
LD 0x79062A400
LD 0x12C400000
LD 0x9C40BE200
LD 0xD8D6B0140
LD 0x1119F23480
LD 0x12B800380
LD 0x12B800140
ST 0x13E4793500
LD 0x10EE70B040
ST 0x9C40BE240
LD 0x352110C00
LD 0x352110200
LD 0x12BC00140
LD 0x352110100
LD 0x409587A00
ST 0x13F0783A40
LD 0x12BC003C0
ST 0x3F85A30C0
LD 0x9C40BE280
LD 0x352110C00
LD 0x12B800240
LD 0xBF2E902C0
LD 0x58722B080
ST 0x12BC000C0
ST 0x3FF1A2980
LD 0x12C400280
LD 0x9C408E2C0
LD 0x352110800
LD 0x415DA20C0
LD 0x403596AC0
ST 0x141A3B2C80
LD 0xBFAAB1F00
LD 0x352110440
LD 0x12B800340
LD 0x352110AC0
LD 0xD6AE80F80
ST 0x12BC00180
ST 0x9C409E300
ST 0x4099B26C0
ST 0x12BC00180
LD 0x12BC00140
LD 0x3521100C0
LD 0x9C40AE340
LD 0x12BC00300
ST 0x9C409E380
LD 0x12B800340
LD 0x82063D980
LD 0x12C8002C0
ST 0xBCF2B11C0
ST 0x12B800380
ST 0xBE3AA0F00
ST 0x9C408E3C0
ST 0x9C40BE400
LD 0x12C400240
LD 0x12BC003C0
LD 0x3F69B4C40
LD 0x4065A2400
LD 0x12BC00200
LD 0x40E9A58C0
ST 0x14307A2180
LD 0x352110E00
LD 0x12C800100
LD 0x352110D00
LD 0x5F962B2C0
LD 0x9C409E440
LD 0x9C409E480
LD 0x352110BC0
LD 0x12BC00200
ST 0x145FB914C0
LD 0x9C40BE4C0
LD 0x12C400240
LD 0x12B800100
LD 0x10CDF235C0
LD 0xFEC70E780
LD 0x6FEE35600
LD 0x352110240
LD 0x12C4002C0
LD 0x352110AC0
LD 0x352110080
LD 0x3521107C0
LD 0x107B71A1C0
LD 0x3521104C0
LD 0x352110080
LD 0x9C409E500
ST 0x9C409E540
LD 0x352110D40
LD 0x12B8003C0
LD 0x419193400
ST 0x87F60D780
LD 0x10E9314800
LD 0x12BC003C0
LD 0x6EF202900
LD 0x414193840
LD 0x352110D80
LD 0x352110500
LD 0x3521109C0
LD 0x3F4196200
LD 0x4E9A19700
ST 0x9C409E580
LD 0x352110840
LD 0x352110AC0
LD 0xBFFE81140
LD 0x12B800000
ST 0x12B800200
ST 0x9C408E5C0
LD 0x3EA1B70C0
LD 0x10B3B3E740
LD 0x352110300
LD 0x414583900
LD 0xCECAA1B40
LD 0x63260FAC0
LD 0x9C40AE600
ST 0x146AB834C0
ST 0x3F61822C0
LD 0x742223780
LD 0x12C400040
LD 0xFABB37940
ST 0x654238100
LD 0x109BF065C0
ST 0x1444BB0080
ST 0x6E5E02F00
LD 0x118AF20E00
LD 0xD2D2910C0
LD 0x69CA0CD00
LD 0x352110E40
LD 0xD33EA1F40
LD 0x9C40AE640
ST 0x138DB93A40
LD 0x3FE580FC0
ST 0x13BCB92100
LD 0x409D866C0
LD 0x12B800040
LD 0x352110C40
LD 0x410D93900
LD 0x81A61BF40
ST 0x52E226980
ST 0x12BC00380
LD 0x12B800080
ST 0x9C40BE680
LD 0x12B800300
LD 0x770231DC0
LD 0x9C408E6C0
LD 0xFCAB02B40
ST 0x12BC00340
LD 0x352110640
LD 0xD086B0A00
LD 0x352110AC0
LD 0x352110F40
LD 0x9C40BE700
LD 0x12BC00180
LD 0x6DBA00E80
LD 0x6AF2209C0
LD 0x88323B780
LD 0x352110DC0
LD 0x352110880
ST 0x9C408E740
LD 0x830A33800
LD 0x12BC00140
ST 0x412583F00
LD 0x12C400380
LD 0x67B205880
LD 0x12B800340
LD 0x875A22F80
ST 0x1459F905C0
LD 0x4139A3400
LD 0x9C408E780
LD 0x352110E00
LD 0x12B800380
LD 0x65A6018C0
LD 0x3EC195800
LD 0x89661EE80
LD 0xD4CEA1100
LD 0x352110180
ST 0xBFFA80F00
LD 0x9C408E7C0
LD 0x9C40AE800
LD 0x352110A40
LD 0x808615800
LD 0x114D308100
LD 0x6F6A0D8C0
LD 0x3521103C0
LD 0x9C40BE840
LD 0x12C8001C0
LD 0x50BA135C0
LD 0x3FE990300
LD 0xCCDEA1E80
LD 0x12B800300
LD 0x9C408E880
LD 0xD9C691740
LD 0x12B8003C0
LD 0xBDE2801C0
LD 0x1082F05F80
ST 0x9C409E8C0
LD 0x352110740
LD 0x352110BC0
LD 0x1139301FC0
LD 0x352110D40
LD 0x3521104C0
ST 0x12BC00040
ST 0x14593A0540
LD 0x9C40BE900
LD 0x3521105C0
LD 0x352110980
LD 0x105AF38280
LD 0x352110C80
LD 0x3521108C0
LD 0xCB9690580
LD 0x12BC00180
ST 0x3521104C0
LD 0x352110840
LD 0x9C40BE940
LD 0x12B800240
LD 0x12C800280
LD 0x9C408E980
LD 0x9C409E9C0
ST 0x416597500
LD 0x9C408EA00
LD 0x352110300
LD 0x9C40BEA40
LD 0xCE8681840
LD 0xCED6B1140
LD 0xC19A90500
LD 0x12BC00080
LD 0x78861FB00
LD 0x3521108C0
LD 0x352110AC0
LD 0x8BDE34800
LD 0x61F21A880
LD 0x9C40BEA80
LD 0x9C40AEAC0
LD 0x12C4001C0
LD 0x646601D80
LD 0x407195780
LD 0x656E2A900
LD 0x805A18C80
LD 0x12B800340
LD 0x5C5E295C0
LD 0x352110BC0
LD 0x3F1D84780
ST 0x352110B00
LD 0x9C40BEB00
LD 0xBDE2A05C0
LD 0x12C4000C0
ST 0x14293B3300
LD 0x352110800
LD 0xFA7B1F5C0
LD 0xD8F2B1740
LD 0x352110DC0
LD 0x1121F2F780
ST 0xCB8680D40
ST 0x13FE381BC0
ST 0x13DBB926C0
LD 0x12B800140
LD 0x12BC003C0
LD 0x6C6A06FC0
LD 0x9C40AEB40
ST 0x13C7F91700
LD 0x1154B183C0
LD 0x67E60E3C0
LD 0x12BC00200
LD 0x12BC00280
LD 0x352110E00
LD 0xD9DA90200
LD 0xC4C6A1E00
LD 0x9C40AEB80
ST 0x13FDF93C00
LD 0xFDC736780
ST 0x13E2FA0A40
LD 0x8B22158C0
LD 0xC1F6B1FC0
ST 0xC90EB17C0
LD 0x352110440
LD 0x9C40BEBC0
ST 0x14543A2EC0
LD 0x12B800040
LD 0x352110EC0
LD 0x9C40BEC00
LD 0x12B8001C0
ST 0xCB0AA0C40
LD 0x12C4003C0
LD 0x3FE5A7740
ST 0x14713B1DC0
LD 0x419997E00
LD 0x352110300
LD 0x10E570F6C0
ST 0x13F27912C0
LD 0x12BC00180
LD 0x9C409EC40
LD 0x12C800140
LD 0x5C261EB80
LD 0x5212312C0
LD 0x9C40BEC80
LD 0xC88691DC0
LD 0x9C409ECC0
LD 0x417DB7D40
LD 0x352110680
LD 0x675A3C800
LD 0x352110800
LD 0xFB7B1F700
LD 0x73722F380
LD 0x3521101C0
LD 0x408996D00
LD 0x9C40AED00
LD 0x352110640
LD 0xFB532E180
ST 0xBEDE80BC0
LD 0x352110580
LD 0x3EC582900
ST 0x9C408ED40
LD 0x407996900
LD 0xC45E90B00
LD 0x112DB0B400
LD 0x4105B5400
LD 0x40FDB5A40
LD 0x3F1D91D40
LD 0x352110440
LD 0x352110A00
LD 0x352110780
LD 0x9C409ED80
LD 0x894220380
LD 0xC216B17C0
LD 0xD132A1C80
LD 0x12BC00340
ST 0x12B800140
LD 0xBDFA80C80
LD 0x3521105C0
LD 0x12BC00080
LD 0x9C408EDC0
LD 0x9C40BEE00
LD 0x352110F80
LD 0x352110580
LD 0x12BC000C0
LD 0x352110A00
LD 0x8AB2277C0
LD 0x12BC00180
LD 0x12C400380
LD 0x9C408EE40
LD 0x3FC1B7740
LD 0xBB8290180
ST 0x9C409EE80
LD 0x12B8000C0
ST 0x13E3BA1140
LD 0xCE66809C0
ST 0x1408793000
LD 0xCB6E90F00
LD 0xC9BE80300
ST 0x5E6200FC0
ST 0x14697B3900
ST 0x13B47B3680
ST 0x12BC00000
LD 0x102671C1C0
LD 0xFEA734E80
LD 0x713A11480
LD 0x352110D00
LD 0x12B8001C0
LD 0xBF7AB0980
LD 0x3F71A37C0
LD 0xBED2A11C0
LD 0x352110980
LD 0x40B586D00
LD 0x10D6705500
LD 0x6C4A0F980
LD 0xC1DAB1380
LD 0x12B800180
LD 0x3EC193940
LD 0x9C408EEC0
LD 0x5F721B040
ST 0x10EA721240
ST 0xBBBA91FC0
LD 0x115D3291C0
LD 0x62D202780
LD 0x12BC00300
LD 0x12BC00380
ST 0x12B800200
LD 0x542E3E9C0
LD 0xCAC2A1940
LD 0x116172BF00
ST 0x9C40AEF00
LD 0x12B8000C0
ST 0x739A0BFC0
LD 0x3EDDB6800
ST 0x143AF80140
LD 0x352110140
LD 0x12BC001C0
LD 0x4019A5600
LD 0x109EB19300
LD 0x352110640
ST 0x10107258C0
LD 0x4041A1B40
LD 0xBE02918C0
LD 0xC242A1600
LD 0x352110440
ST 0x9C40BEF40
LD 0x12B800040
LD 0x9C40AEF80
ST 0x9C408EFC0
LD 0x9C40AF000
ST 0x352110B00
LD 0x414983640
LD 0x416D93940
ST 0x10213035C0
ST 0x145E380E00
ST 0x1461F81680
LD 0x352110600
LD 0x1065F0C380
ST 0x13EA7903C0
LD 0x100C7126C0
LD 0x12C400080
LD 0xFFBB207C0
LD 0x12BC00080
ST 0x9C408F040
LD 0x12C800100
LD 0xCD76907C0
LD 0x9C40BF080
LD 0x9C409F0C0
LD 0x9C409F100
LD 0x352110040
LD 0x9C408F140
LD 0x352110A80
LD 0xBCAEB0D00
ST 0x1453B920C0
ST 0x13A27A1F80
LD 0x352110780
LD 0x12B800200
LD 0x3521101C0
LD 0x352110880
LD 0x12BC00140
LD 0x12B800080
LD 0x4089A3500
LD 0x9C40AF180
LD 0x12B800380
LD 0x9C409F1C0
ST 0x146A381F80
LD 0x352110540
LD 0x5BB61EB80
LD 0x109E326C00
LD 0xCCC281980
LD 0x406591140
LD 0xC58E90240
LD 0x9C409F200
LD 0x9C40BF240
LD 0x352110580
ST 0x79720C5C0
LD 0x352110A00
LD 0x9C40AF280
LD 0xCFCAA1280
LD 0x77D60BD80
LD 0x12BC00180
ST 0x1448B90700
ST 0x3F7584500
LD 0xC86691B00
ST 0x400180AC0
LD 0x534631700
LD 0x9C40AF2C0
LD 0x104D329F00
LD 0x1160B25680
LD 0xFBAB1AB00
LD 0x352110E00
LD 0x12C8003C0
LD 0x87EA30580
LD 0x12BC00200
LD 0x352110980
ST 0x140E392140
LD 0x352110F00
LD 0x3E89B0540
LD 0x352110AC0
LD 0xD30AB1A80
ST 0x40D583DC0
LD 0x3F71810C0
LD 0xC69690380
LD 0x12BC003C0
LD 0x3521106C0
LD 0x352110200
LD 0x853A15840
LD 0x4159A37C0
ST 0xD196A1540
LD 0x352110B00
ST 0x13ABB82180
LD 0x352110DC0
LD 0x12B800300
LD 0x352110F80
LD 0x12C400200
ST 0x9C40BF300
LD 0x352110240
LD 0x9C40BF340
LD 0x418587700
LD 0x3521102C0
LD 0x4079B2FC0
LD 0x9C408F380
LD 0x352110E40
ST 0xFDCF28480
LD 0x114B701980
LD 0x352110B40
LD 0x3ED9850C0
LD 0x3FD981140
LD 0x12BC002C0
LD 0x10BB71D600
LD 0x12BC003C0
LD 0x112EF0C500
ST 0x1450B91E00
LD 0x12BC00200
ST 0x9C408F3C0
LD 0xBBB6A06C0
LD 0xC68EB0DC0
LD 0x12BC00280
LD 0x352110340
LD 0x9C40AF400
ST 0x3F3580A80
ST 0x13A5BA2140
LD 0xD5AEA1840
LD 0xC9CE90800
LD 0x759A0FDC0
ST 0x139FB90140
LD 0x3F8D80B80
LD 0x708E39140
LD 0x352110AC0
LD 0x9C408F440
LD 0x693A14040
LD 0x6DCE053C0
LD 0x352110940
LD 0x352110880
LD 0x9C409F480
LD 0x352110800
LD 0x802A3A540
LD 0x352110A80
ST 0x4189B4340
ST 0x12BC000C0
LD 0xFFCB0F580
LD 0x352110C80
LD 0x12B800200
LD 0x102FF1B2C0
LD 0x12B8002C0
LD 0x114E311140
LD 0x12B800140
ST 0x9C40BF4C0
LD 0x3521100C0
LD 0x78E2266C0
LD 0x816629EC0
LD 0x12C400140
LD 0x564A05C40
LD 0x407990A40
LD 0x3EB595200
LD 0x1106700140
LD 0x6C4E1D080
LD 0x12B8002C0
LD 0x3FB9A6F00
LD 0x352110A40
LD 0x40A191600
LD 0x67DE24800
LD 0x12BC00240
LD 0x10F1F17380
LD 0x352110C00
LD 0xCAEEA03C0
LD 0x766E3E300
LD 0x9C409F500
ST 0x13D93A3240
LD 0x9C408F540
LD 0x4039A65C0
LD 0x12BC00000
ST 0x40E5972C0
LD 0x111D718A00
LD 0x12BC00300
LD 0x12BC00380
LD 0x352110980
LD 0x352110EC0
ST 0x4121B3380
ST 0x879E26D00
LD 0x12B8001C0
LD 0x9C40BF580
LD 0x12B800280
LD 0x72B608900
ST 0x109B329B80
LD 0x352110000
ST 0x9C408F5C0
LD 0x352110080
LD 0x12C800040
LD 0x3F3D842C0
LD 0x53AE3D200
LD 0x12C400100
LD 0x5A5A3BDC0
LD 0xD4F6A0580
LD 0x12BC002C0
LD 0x631626FC0
LD 0x12BC00280
LD 0x12BC00200
LD 0x9C40AF600
LD 0x12C400180
LD 0x12B800340
LD 0x12B800140
LD 0xC30AB1D40
LD 0x8C36168C0
LD 0x12BC00000
LD 0x352110D80
LD 0x3521108C0
ST 0x40E180F40
LD 0x9C40AF640
LD 0x7EE625980
LD 0xBFAAA0080
LD 0x9C40BF680
LD 0x9C408F6C0
LD 0x12BC00040
LD 0x12BC00100
ST 0x13E2BB1D40
LD 0x12BC00240
ST 0x12BC00240
LD 0x12B800300
ST 0x12C400200
LD 0x57D6226C0
LD 0x12BC00000
LD 0x9C408F700
LD 0x12B8002C0
LD 0x12BC000C0
LD 0x744A29640
LD 0x3EED83A00
LD 0x9C40BF740
ST 0x140D3A2880
LD 0x12C4003C0
LD 0x352110340
LD 0x734A31480
LD 0x12C400100
LD 0x3521109C0
LD 0x12C400280
LD 0x61CA19500
ST 0x4155B5D40
LD 0x40A1836C0
LD 0x10F63163C0
LD 0x3FFD91BC0
LD 0x418592BC0
LD 0x86B22EE00
LD 0x12C800100
LD 0x12B8002C0
LD 0x6D223E380
LD 0x416183140
LD 0x12B8001C0
LD 0x12B8000C0
ST 0x13EE391EC0
LD 0x9C40BF780
LD 0x12B800080
ST 0x3F31A5580
LD 0x3EC583300
LD 0x12BC00300
ST 0x13DFFA0500
ST 0x13E1781900
LD 0xC3E2B1C40
ST 0x402D90C80
LD 0x12B800240
LD 0x402DB3BC0
LD 0x352110B80
LD 0x352110400
ST 0x9C40AF7C0
LD 0x352110600
LD 0x5F86082C0
LD 0x352110B80
ST 0x13DDFA0B00
LD 0x9C408F800
LD 0x3F3D86700
ST 0x40D193A80
LD 0x58FA1A980
LD 0xC88EB0B40
ST 0x12B8000C0
ST 0x139F782680
LD 0x5ED620BC0
ST 0x419DB7DC0
LD 0x352110D80
LD 0x112BF11B40
LD 0x9C409F840
LD 0x6AC239B00
LD 0x1080B224C0
LD 0x64B213E00
LD 0x352110F00
LD 0x1151F20980
ST 0xD67A90380
LD 0xDA8A80F40
LD 0x4049B1000
LD 0x352110080
ST 0x9C408F880
LD 0x657E33600
LD 0x352110D80
LD 0x352110AC0
LD 0x3FB983600
LD 0x3521100C0
LD 0x110A700BC0
LD 0x655205980
LD 0x12BC00300
LD 0x9C40AF8C0
LD 0x9C40AF900
LD 0x12BC00380
ST 0x1452BB1D00
LD 0xC4D690840
LD 0x9C409F940
LD 0x9C40AF980
LD 0x12BC00340
LD 0x9C409F9C0
LD 0x12BC00200
LD 0x3521100C0
ST 0x40E981CC0
LD 0x114FF18EC0
LD 0x666621940
LD 0x12C400240
LD 0x12BC00080
ST 0x411981480
LD 0x12B800040
ST 0x9C409FA00
LD 0x8B6637080
ST 0x9C40BFA40
LD 0xC5C6911C0
LD 0x67C21F200
LD 0xD9FAB1C40
LD 0x12B800080
LD 0x12B800280
LD 0xCF7AA1700
LD 0x7E8A16B00
LD 0x12B800240
ST 0x146B7B1E80
LD 0x668220800
LD 0xCFEEA1F00
ST 0x9C40BFA80
LD 0x9C409FAC0
LD 0xD8D291240
ST 0x6D5A0E340
LD 0x9C409FB00
LD 0x12B8000C0
LD 0x4175A6C00
LD 0x4059815C0
LD 0x10C173EF80
ST 0x9C409FB40
LD 0xD582A0680
LD 0x352110980
LD 0x9C40BFB80
LD 0x352110000
LD 0x5AA23AB80
LD 0x352110B00
LD 0x3521100C0
LD 0xC70280FC0
LD 0x12BC003C0
LD 0x9C40AFBC0
ST 0x9C408FC00
LD 0x12BC00140
LD 0x7F9A07700
LD 0x1081F358C0
LD 0x10E631B480
LD 0x352110D40
LD 0x6EDA3B8C0
LD 0x714A1B600
LD 0x352110080
LD 0x12C4001C0
LD 0xBC6291600
LD 0x12BC00100
LD 0x3FC5915C0
ST 0x12BC00080
LD 0x352110080
LD 0x352110580
LD 0x3FDD93E40
LD 0x352110080
LD 0x12B8000C0
LD 0x9C40BFC40
LD 0x9C40AFC80
LD 0x352110900
LD 0x352110740
ST 0x6BBE04240
ST 0x9C40BFCC0
LD 0x115032AE00
LD 0x12C400040
LD 0x672A365C0
LD 0x3F3D835C0
LD 0x9C409FD00
LD 0x4171B6B00
ST 0x13C7FA0280
LD 0x57A615940
ST 0x1450791640
LD 0x10E2728100
ST 0x9C408FD40
ST 0x140E3B2BC0
ST 0x7E0E37C00
LD 0x12C8000C0
ST 0x414D92840
LD 0x56A60C080
LD 0x9C409FD80
LD 0x12C400380
LD 0x12BC00200
LD 0x3EB1A01C0
ST 0x400DA2F40
LD 0x9C409FDC0
LD 0x5D2E128C0
LD 0x352110E00
LD 0x87B204380
LD 0x9C408FE00
LD 0xBD16A13C0
ST 0x1466B80F40
LD 0x579606B80
LD 0x9C40BFE40
ST 0x13B9BB2880
ST 0x12BC00040
LD 0x352110780
ST 0x9C40AFE80
LD 0x352110980
ST 0x13DFF92280
LD 0x12B800140
LD 0x3521109C0
LD 0x9C40AFEC0
LD 0x12BC00000
LD 0x352110380
LD 0x12BC00180
ST 0x3FA5A2080
LD 0x12C800300
LD 0xD61EB19C0
LD 0x9C408FF00
LD 0x352110980
ST 0x13DA782800
ST 0x82063CB40
LD 0x9C40BFF40
LD 0x352110040
ST 0x1444B82980
LD 0x352110880
ST 0x4169A1100
LD 0x40E197700
ST 0x1414383180
LD 0x757A2C9C0
ST 0x559E2B1C0
ST 0x9C40BFF80
LD 0x69D6203C0
LD 0x352110000
LD 0x9C40BFFC0
LD 0x9C44A0000
ST 0x3FED937C0
LD 0x637E058C0
LD 0xCFCEB11C0
ST 0x1466BA3D80
LD 0x10C7B21EC0
LD 0x10C3F1F440
LD 0x12BC00240
LD 0x3521105C0
LD 0x7ABE0C700
ST 0x14193B2900
ST 0x9C4480040
LD 0x352110B80
LD 0x107D72DDC0
LD 0x3521103C0
LD 0x9C44B0080
ST 0x12B800000
LD 0x9C44B00C0
LD 0x12BC000C0
ST 0xCC1E80EC0
ST 0x3E8997A00
LD 0x12C8001C0
LD 0x3FB191740
LD 0x3521106C0
ST 0x4E6A05340
ST 0x9C44B0100
ST 0x9C4490140
LD 0x3F5187700
LD 0xBE92915C0
ST 0x9C4480180
LD 0x352110A00
LD 0x9C44801C0
LD 0x12BC002C0
ST 0xD5F2B0180
ST 0x12B8000C0
ST 0x12C800200
LD 0x3EC1B4900
LD 0x12BC00180
LD 0x3EF1A2200
LD 0x1033B13F40
LD 0x1036B32580
ST 0x4079831C0
ST 0xD91E90380
LD 0x352110200
ST 0xD206A1540
LD 0x352110EC0
LD 0x9C4480200
ST 0x40E985800
ST 0x9C4490240
LD 0xD4DAA0480
LD 0x9C4490280
LD 0x9C44B02C0
LD 0xCEFAA1F00
LD 0x12B800300
LD 0x12BC00300
ST 0xD3CE91080
LD 0x9C44B0300
ST 0x13E03A04C0
LD 0x40D5B7F40
LD 0x5612005C0
LD 0x12C400200
LD 0x12C400240
LD 0x12BC001C0
ST 0x9C44B0340
ST 0x13BFFB2C40
LD 0x9C44B0380
LD 0x3EA5A2D80
ST 0x407DB5CC0
LD 0xFAE7199C0
LD 0x352110C80
LD 0x7B0607B40
LD 0x12B800300
LD 0x9C44B03C0
LD 0x9C44A0400
LD 0xCB7E91B00
ST 0x12B800100
LD 0xD4F280D00
LD 0x9C44A0440
LD 0x9C4480480
LD 0x40BDB3DC0
LD 0x12C4002C0
LD 0x7B8A05440
LD 0x3521108C0
LD 0x12C800280
LD 0x352110380
ST 0x6D6606D00
LD 0x352110400
LD 0x352110B00
LD 0x1006728700
LD 0x352110340
LD 0x59FA2D680
ST 0x1461FA2380
ST 0x79B223E80
ST 0x9C44804C0
ST 0x13B2BB3240
LD 0x526E25C40
LD 0xD7A6A0B40
LD 0x12BC00100
LD 0x402DA3840
ST 0x13E7BA27C0
LD 0x352110300
ST 0x12BC00040
ST 0x9C44A0500
LD 0x5F021ADC0
LD 0x12BC00200
ST 0x352110DC0
ST 0x1480FB1CC0
LD 0x9C44B0540
LD 0x9C44A0580
ST 0xD77E91C00
ST 0x9C44805C0
LD 0x1046715A00
LD 0x1025714E40
ST 0x9C4490600
LD 0x6436345C0
ST 0x7E720BF40
LD 0x12BC00180
ST 0x14377B3D00
LD 0x3F59A4340
LD 0x9C44A0640
LD 0x12B800000
LD 0xD23680440
LD 0x116A71ED00
LD 0x61AE10340
LD 0x6E021A300
ST 0x9C4490680
LD 0x9C44B06C0
LD 0x352110B00
LD 0x9C4480700
ST 0xD3A2802C0
LD 0x12B800140
ST 0x13BABB20C0
LD 0x352110980
LD 0x12B800240
LD 0x57AA157C0
LD 0x4111A35C0
LD 0xBD36A1740
LD 0x12BC00200
LD 0x1132B19D40
LD 0x12B8002C0
LD 0x352110F40
LD 0x7C16392C0
LD 0x12B8000C0
LD 0x352110D00
LD 0x12C400380
LD 0x115931E240
LD 0x12B8002C0
LD 0x352110500
ST 0x1425BA3AC0
LD 0x352110C40
ST 0x9C44B0740
LD 0x12C4000C0
LD 0x352110C80
LD 0x352110080
ST 0x9C44A0780
LD 0x352110240
LD 0x12C4000C0
LD 0x9C44907C0
LD 0x10D6F1D800
LD 0x809208C40
LD 0x4039A5F00
LD 0x9C44A0800
ST 0x9C4480840
LD 0x9C4490880
LD 0x12B8002C0
LD 0xCAA6A1900
LD 0x1095304900
LD 0x12B800140
LD 0x9C44808C0
LD 0x3F01957C0
ST 0x3FC1A3DC0
LD 0x12C400140
LD 0x12C400140
ST 0x1441383E40
LD 0x9C44B0900
ST 0x9C44B0940
LD 0x12BC00300
LD 0x12BC00280
LD 0x12C400300
LD 0xD486816C0
LD 0x3F5597700
LD 0x12BC00280
ST 0x12BC00280
ST 0x4111A4280
LD 0x352110540
LD 0x9C44A0980
ST 0x9C44909C0
LD 0x8B6A1B7C0
LD 0x3FE9958C0
ST 0x14047913C0
ST 0x9C4490A00
LD 0x118530D340
LD 0x3521102C0
LD 0x746E3EE40
LD 0x12BC00340
LD 0x9C4480A40
LD 0x352110300
LD 0x3EF9B0000
ST 0x13D7380440
LD 0x12BC00000
LD 0x352110000
LD 0x1177335880
LD 0xD8EAB02C0
LD 0x70EA07CC0
LD 0xD4BE919C0
LD 0x709A33E40
LD 0x3F6983440
LD 0x3F9D92300
LD 0x101F710E00
LD 0x352110E40
LD 0x5E7E0C200
LD 0xBD5EB03C0
LD 0xFC83298C0
LD 0x352110E00
ST 0x9C44B0A80
ST 0x13A57A0DC0
LD 0x352110300
ST 0x13AAB83A00
LD 0x352110F40
LD 0x12C400240
ST 0x146E3B0C80
ST 0x13947B0000
LD 0xC90A90840
LD 0xC90281000
ST 0x80721AD00
ST 0x1388BA1580
LD 0x77721CE80
LD 0x12B800340
LD 0x352110F00
LD 0x12BC00180
ST 0x139BB93C80
LD 0xC3E2B14C0
LD 0x12BC001C0
LD 0x12BC00340
LD 0x403997980
LD 0x64FE17640
LD 0x352110E40
LD 0x12B800180
ST 0x1438F80C80
LD 0x352110840
LD 0x9C4480AC0
ST 0x402192600
LD 0xFAD321A40
LD 0x352110540
LD 0x9C4490B00
LD 0x5CA21FA80
LD 0x352110A00
LD 0x12BC00080
LD 0x12C4001C0
LD 0x409DA36C0
LD 0x352110A00
LD 0x12B8000C0
LD 0x3521103C0
ST 0x9C4480B40
LD 0x9C44A0B80
LD 0x51D611000
LD 0x3521103C0
LD 0x12BC002C0
LD 0x12BC00380
LD 0x3F2D84D40
ST 0x3F1DA4180
LD 0x352110B00
ST 0x1423B91B40
LD 0x12C400040
LD 0x9C4490BC0
LD 0x9C44B0C00
LD 0x3FD1B1580
LD 0x9C44A0C40
LD 0xFBFB10900
LD 0x352110280
LD 0x4045B73C0
LD 0x12B800100
ST 0x9C44B0C80
ST 0x40C9B1C00
LD 0x352110100
LD 0x12BC00140
LD 0xCBA680D00
LD 0x3FC5B5FC0
LD 0x352110980
LD 0x352110140
LD 0x12BC002C0
LD 0x352110500
LD 0x352110440
ST 0x1472390280
LD 0xD352B1FC0
LD 0x12C400140
LD 0x10C8B23100
ST 0x9C4480CC0
ST 0x9C4480D00
LD 0x6E3633780
LD 0x834626000
LD 0x9C4480D40
LD 0x56A610140
ST 0x12B800100
LD 0x889A10540
ST 0x12BC00140
LD 0x7C360C180
ST 0x8AAE244C0
LD 0x40D1B7C00
LD 0x12BC00380
ST 0xD7F2A1840
LD 0x12B800180
LD 0x3521106C0
LD 0x352110500
ST 0x13C2B83600
LD 0x352110280
LD 0x12BC00000
LD 0x12BC003C0
ST 0x13D9782D40
ST 0x13EDF81280
LD 0xD32681400
LD 0x352110F00
LD 0xCB4EA07C0
LD 0x3F39911C0
LD 0x12B800200
LD 0x12BC00140
LD 0x12B8001C0
ST 0x9C44B0D80
LD 0x5A5A31C40
LD 0x4085B2400
ST 0x5A862D380
ST 0x515E22A00
LD 0x3F99A7E80
LD 0x4171966C0
LD 0x500E39640
LD 0x62BE09800
ST 0x13F67B0A40
LD 0x9C44A0DC0
LD 0xBE8690340
LD 0x352110DC0
LD 0x12B8001C0
LD 0x352110C40
LD 0xD772B1300
LD 0x9C44A0E00
ST 0x9C4490E40
LD 0x9C44B0E80
LD 0x3521101C0
ST 0x12BC00340
LD 0x76CA159C0
LD 0x5996035C0
LD 0x12BC000C0
LD 0x1004F00DC0
ST 0xCA4AB09C0
LD 0x10E6B10A40
ST 0x6C9E348C0
LD 0x9C44B0EC0
ST 0x4171975C0
LD 0x352110A00
LD 0x12B8002C0
LD 0x3F25B1800
LD 0x12B800300
ST 0x4025A31C0
LD 0x12BC002C0
LD 0x81DA13DC0
ST 0xD64EA1880
ST 0x88CE1ABC0
ST 0x3F4984000
ST 0x7BBA03A40
ST 0x9C4490F00
LD 0x12B800380
LD 0x3E8184900
LD 0x419D80300
LD 0x352110000
LD 0x9C4480F40
LD 0x352110A80
LD 0x12B8002C0
LD 0x12B800300
ST 0x12C400280
LD 0xD592B09C0
ST 0x9C4480F80
LD 0x40F9B4680
LD 0x1185B0B500
LD 0x12BC002C0
LD 0xBBAEB02C0
LD 0xBE9E81FC0
ST 0x9C4480FC0
LD 0x12BC00280
LD 0x352110DC0
LD 0x1081337200
LD 0x6096363C0
LD 0x12B8003C0
LD 0x9C44B1000
LD 0x9C44A1040
LD 0x5212139C0
LD 0x12B800080
LD 0x7ED222840
LD 0x352110B00
LD 0x12BC00000
LD 0x1166730E00
LD 0x352110980
LD 0xD2D681E00
LD 0x3521108C0
ST 0x9C44A1080
ST 0x9C44B10C0
LD 0x77822E600
ST 0x9C44B1100
LD 0x352110080
LD 0x678A3D480
ST 0x14567B1700
ST 0xC626919C0
LD 0x3521102C0
ST 0x1407F810C0
LD 0x12C800240
LD 0x12B800300
LD 0x12C400080
LD 0x89C20B640
LD 0x9C44B1140
ST 0x12C4000C0
LD 0x9C44B1180
LD 0x9C44811C0
LD 0x352110AC0
LD 0x12B800280
LD 0x6B9A3AA40
LD 0x12BC003C0
LD 0x3521101C0
LD 0xCC06A1F80
LD 0x10D3B0B580
ST 0x9C4481200
LD 0x3F45812C0
LD 0x352110E00
LD 0x9C4491240
ST 0x9C4491280
LD 0x352110DC0
LD 0x103C33EA40
LD 0x12BC00340
LD 0xFB9B33500
LD 0xFBEB3B780
ST 0x9C44812C0
LD 0x3521108C0
LD 0x12C400380
LD 0x1093721280
LD 0xC0B681140
LD 0x416193800
LD 0x12BC00080
ST 0x146CFA2F80
LD 0x9C44B1300
LD 0x1054709040
LD 0x352110B80
LD 0x54C627880
ST 0x408585340
ST 0xD50281A40
LD 0xCBF681700
LD 0x111832D600
LD 0x7B5E1D540
LD 0x12C400180
LD 0x12B8003C0
ST 0xC3AE81FC0
ST 0x13C4F93CC0
LD 0x9C44A1340
LD 0x3521101C0
LD 0x12C800340
LD 0x352110A80
LD 0x352110B40
ST 0xD6BA80400
LD 0x352110E00
LD 0x12BC00100
LD 0x352110D00
LD 0x12B800000
ST 0x9C44B1380
LD 0x643A0A040
ST 0xC6DEA0380
LD 0x352110600
LD 0x108D739040
LD 0x9C44A13C0
ST 0x9C44B1400
ST 0x9C44A1440
LD 0xBCCA80440
LD 0x4161B6000
ST 0x51B23B0C0
LD 0x801A22FC0
LD 0x12B8000C0
LD 0x4011866C0
LD 0x10FF700DC0
LD 0x12B800200
LD 0xC14A80AC0
LD 0x59FA14640
LD 0x114C7277C0
LD 0x352110340
LD 0xC642A0A00
LD 0x3F9981580
LD 0x352110B80
LD 0x9C4481480
LD 0x52BE3F180
ST 0x12B800200
ST 0x40A197D80
LD 0x352110BC0
LD 0x352110380
LD 0x7F2A14880
LD 0x9C44914C0
ST 0x3ED597F40
LD 0x352110800
ST 0x4E9A0FE40
LD 0x352110B80
ST 0xD6BAA0300
LD 0x40D9B00C0
LD 0x12BC00000
LD 0x12C800200
LD 0x352110C80
ST 0xBF4E80100
LD 0x418D92C80
ST 0x1395382840
LD 0x352110EC0
LD 0x3521106C0
LD 0xD69681A00
ST 0x12BC00140
LD 0x1189B34200
LD 0x9C44A1500
LD 0x1072B02EC0
LD 0x12C800200
LD 0xCCFEA0000
LD 0x415DA7CC0
ST 0x9C44A1540
LD 0x12BC00280
LD 0x5A8622180
ST 0x9C4491580
ST 0xFA7318600
LD 0x12BC00300
LD 0x12BC000C0
LD 0x3ED190780
LD 0xC0A6A1EC0
LD 0xCFD6907C0
LD 0x9C44815C0
LD 0xBFD6A0040
LD 0x12BC00200
LD 0xCEE6B0880
LD 0x12C400300
LD 0x12C4000C0
LD 0x1057712280
LD 0x9C4491600
ST 0x9C4481640
LD 0x9C4491680
LD 0xBBD6B0DC0
ST 0xD11691FC0
LD 0x352110500
ST 0x12BC003C0
LD 0xC3EEA1500
ST 0x12C800280
LD 0x12B800180
LD 0x12B800180
LD 0x12B800100
LD 0x9C44B16C0
ST 0x9C44A1700
ST 0x12BC00280
LD 0x10B6731F00
LD 0x118731F980
ST 0x13B9F811C0
LD 0x12BC00100
LD 0x69220E840
ST 0x12BC003C0
LD 0x352110E80
ST 0xBE8681F80
ST 0x9C4481740
LD 0x9C44B1780
LD 0x352110EC0
LD 0x63C604280
LD 0xCD02B1800
ST 0x13F3B83FC0
ST 0x9C44A17C0
LD 0x9C44A1800
LD 0x352110E00
ST 0x409185E80
LD 0x3F7192400
LD 0x3521107C0
LD 0x9C44A1840
ST 0x12B800240
ST 0x1466783200
LD 0x3F3596CC0
LD 0xC3F280F40
ST 0x352110240
LD 0x6EE61AC80
LD 0x9C4491880
LD 0x9C44B18C0
LD 0x12BC000C0
LD 0x352110BC0
LD 0x9C44A1900
LD 0x5F6216240
LD 0x7AC21B980
LD 0x9C4491940
LD 0x12BC002C0
LD 0xC20EB0300
LD 0x12BC00080
LD 0x9C4481980
ST 0x3521106C0
LD 0x1181724E40
LD 0xFC972C840
LD 0x12B800340
LD 0x352110140
LD 0x12C400040
LD 0x9C44819C0
LD 0x561217000
LD 0x9C44A1A00
LD 0x12BC00140
ST 0x9C44A1A40
ST 0xBD9691740
LD 0x669226F00
ST 0x3EE184DC0
ST 0x3E91B7D00
LD 0x12BC00140
ST 0x9C4491A80
ST 0x9C44B1AC0
ST 0x13F5F82040
LD 0x12C800280
LD 0x4F2232300
LD 0x12C400300
LD 0x72D22B140
LD 0x9C44B1B00
LD 0x352110EC0
LD 0x12B800280
LD 0x74B612580
LD 0x9C44B1B40
LD 0x7ED632580
LD 0xD08E91D00
LD 0x5E9629440
LD 0x3EB5B43C0
LD 0x4019A48C0
LD 0x352110B80
LD 0x9C4491B80
ST 0x138F393E80
LD 0x101C715140
ST 0xFB631CEC0
LD 0x9C4481BC0
LD 0x9C4481C00
ST 0x9C4491C40
LD 0x12BC000C0
ST 0xFFCB0D4C0
LD 0xC44EB16C0
LD 0x9C4481C80
LD 0x352110280
LD 0x12BC00240
ST 0x9C4481CC0
ST 0x13D53A0C40
LD 0x80A220A40
ST 0x7D3A070C0
ST 0x13BB7A28C0
ST 0x3F6DA1080
LD 0x352110600
LD 0x12B800040
ST 0x3F7D85400
LD 0x416597AC0
LD 0x510A05AC0
LD 0x729A22F00
LD 0x84B212C00
LD 0x5D762BE00
ST 0x140A3A05C0
LD 0x712202080
LD 0x9C44A1D00
LD 0xBC6E81D80
LD 0x3521103C0
LD 0x78CA1E1C0
LD 0x9C44A1D40
ST 0x14477A2FC0
LD 0x12B800040
LD 0x9C44A1D80
LD 0x101271C040
LD 0x352110700
LD 0x352110540
LD 0x10D8B1F000
LD 0x1095327D80
LD 0x12B800100
LD 0xC69A91400
ST 0x418996180
LD 0x10E5F33F40
ST 0x9C4481DC0
LD 0x352110A40
LD 0xC506A0B80
LD 0x577A21700
LD 0x3521101C0
LD 0x3521100C0
LD 0x9C4491E00
LD 0x12B800280
LD 0x3FFDB5CC0
LD 0x10F372F480
LD 0x4111B7400
ST 0xBBDE91440
ST 0x12B8002C0
LD 0x3F25B7440
LD 0x12B8000C0
LD 0x12BC00180
LD 0x54F23D9C0
ST 0x13C7B93F40
ST 0x13E83903C0
LD 0xBBAE91E80
LD 0x6DE63C7C0
LD 0xFC1318400
ST 0x13D8FB2800
LD 0xCC2681E00
ST 0x9C4491E40
ST 0xCE8EA0DC0
ST 0xD43691000
LD 0x352110A80
LD 0x12BC00040
LD 0x51C230D00
LD 0x12C4001C0
LD 0x352110E00
LD 0x12BC00000
LD 0x12BC00280
LD 0xD78AB1500
LD 0x617E35D00
LD 0x5B7625C40
LD 0x3E9DB16C0
ST 0x1437B80080
ST 0x141F7A2680
LD 0x9C4491E80
LD 0x12B800100
LD 0x12BC00040
LD 0x352110740
LD 0x3EA590700
LD 0x7FB209700
LD 0x9C4481EC0
LD 0x4079A17C0
ST 0x13D17A0D00
LD 0xD1C690440
ST 0x6C5217C80
ST 0x9C44A1F00
ST 0x814A3E280
ST 0x14383B0980
ST 0x9C4481F40
ST 0x352110200
LD 0x12BC00000
ST 0x9C4481F80
LD 0x12B800300
ST 0x9C44A1FC0
LD 0x352110180
LD 0x70F624440
LD 0x352110F80
LD 0x9C4482000
LD 0x12B800100
LD 0x9C4482040
ST 0x13A83B1580
LD 0x4195877C0
LD 0x75DE16040
LD 0x12BC00200
LD 0x5BC21A000
LD 0x4035A5C80
LD 0x9C4492080
ST 0x9C44B20C0
LD 0x635618A00
LD 0x12BC00380
ST 0xCB72902C0
LD 0x9C4492100
LD 0x1184701B80
LD 0xC13E90300
LD 0x12BC00180
ST 0x352110A40
ST 0x146DF92400
LD 0xD8AE80E40
LD 0x710A37380
LD 0x352110300
LD 0x12C400240
LD 0x1060B28E80
LD 0xC79A91F40
ST 0xBE8281B40
ST 0x3FFD87440
LD 0x40A996640
LD 0x9C4482140
LD 0x40D5B5300
ST 0xFCA333180
LD 0x352110740
LD 0x3F29A0B00
LD 0x12BC001C0
ST 0x68D2035C0
ST 0x13CBFB2640
LD 0x9C44B2180
ST 0x3F89909C0
LD 0x352110F40
LD 0x875211C40
LD 0x12B800200
ST 0xD232A1C00
LD 0x352110E00
ST 0x14007A0780
LD 0x9C44A21C0
LD 0x12C400180
LD 0xBE8691780
LD 0xBFAE80600
LD 0x1166322D80
ST 0x3F21A6940
LD 0x3521107C0
ST 0x12B800340
LD 0x352110E00
ST 0x1464BB2500
LD 0x410D80FC0
ST 0xDA1AA1980
LD 0x10A1B01D00
LD 0x9C4492200
LD 0x12C8003C0
ST 0x647E3A440
LD 0x352110F80
LD 0x414181D00
ST 0xD75AA1F80
ST 0x84A638480
LD 0x12B800040
LD 0x3F3DA2E00
LD 0x352110C00
LD 0x9C4492240
LD 0x9C44A2280
LD 0x352110600
LD 0x352110C00
LD 0x352110140
ST 0x413DB2EC0
LD 0x12B800180
LD 0x12B8000C0
ST 0xD62E91640
LD 0xD24EA1680
LD 0x352110F40
LD 0x352110000
ST 0x12B800100
ST 0x12C800300
ST 0x9C44922C0
LD 0x6D6A02740
LD 0x3F49A1D00
LD 0x418190200
LD 0x10ACB104C0
ST 0x13A0792600
LD 0x9C4492300
LD 0x352110900
LD 0xFAB332BC0
LD 0x565E08A00
ST 0x13E9780700
LD 0x352110200
LD 0x352110FC0
LD 0x12BC00280
ST 0x787A2DF80
LD 0x12C4003C0
LD 0x12B8000C0
LD 0x12C800040
LD 0x9C44A2340
LD 0xD75E907C0
LD 0x9C4482380
ST 0x13967B37C0
LD 0xBFFE81900
LD 0x3521102C0
ST 0x4F6E3F8C0
ST 0x9C44823C0
LD 0x12B800380
LD 0x4145A4C00
LD 0x3521106C0
LD 0x4155A5F80
ST 0x4199A0240
LD 0x352110140
ST 0x9C44B2400
LD 0xBFFAB1640
ST 0x59CE38440
ST 0x3521103C0
LD 0x12B800180
LD 0x7DD621A40
LD 0x3EF192E40
ST 0xFE4734400
LD 0x4005A2000
LD 0x9C44B2440
LD 0x4025B7780
LD 0x352110B00
LD 0x3521104C0
ST 0x3F59B4840
LD 0x71123B4C0
LD 0x352110500
ST 0x14443901C0
ST 0x13EF393F40
LD 0x1109B20F40
ST 0x9C44A2480
LD 0x9C44824C0
LD 0x4095B5380
LD 0x352110300
ST 0x9C4482500
LD 0x858E3F740
LD 0x851E3C5C0
LD 0x799A22800
ST 0x14097A3800
LD 0x9C4482540
ST 0x140EBB00C0
ST 0xD4C690EC0
LD 0x352110080
LD 0x7BE619EC0
ST 0x13F6FB1840
LD 0x1130F1A9C0
LD 0x12B8001C0
LD 0x12B800080
LD 0x9C4482580
LD 0x3E9D96CC0
LD 0x12BC000C0
LD 0x51BA2D8C0
LD 0x3521109C0
LD 0x12C4002C0
LD 0x9C44B25C0
ST 0x138E3B3C80
LD 0x3F3595480
LD 0x352110040
LD 0xBFDA81B00
ST 0x9C4492600
LD 0xC52AA0300
LD 0x12C800300
ST 0x9C4482640
ST 0x1397B93280
LD 0x589209780
ST 0x12BC00180
ST 0x13AAF80240
ST 0x55D61E880
LD 0x851E12040
ST 0x9C44B2680
LD 0x9C44826C0
LD 0x9C4482700
ST 0x12C400200
LD 0x12C400180
ST 0x9C44B2740
LD 0x12C400380
LD 0x7C1228940
ST 0x3EBDA2140
LD 0x403D90C00
LD 0x3F2D92FC0
LD 0x12BC00380
LD 0x12B800240
LD 0xD552A1080
LD 0x3521108C0
LD 0x352110740
LD 0x12B8000C0
LD 0x12BC00180
LD 0x729A17680
ST 0x13E2381700
LD 0x5EBA21380
LD 0x12BC00340
LD 0x3FA1B17C0
LD 0xD8A6B0580
LD 0x8C7A2E140
LD 0x1126F03C00
LD 0x352110A80
LD 0x77F206B00
LD 0x10D731C500
ST 0x7D9E20740
LD 0x665A2D640
LD 0x12C800200
LD 0x103B323800
LD 0x12BC00280
ST 0x9C4492780
LD 0x12C400380
ST 0xD8DA90EC0
LD 0x10A3310F00
LD 0x9C44B27C0
LD 0x401D908C0
LD 0x352110500
LD 0x9C44B2800
LD 0x10BEB11F00
LD 0x12B800280
LD 0x3FBDB7AC0
